,epoch,total_0,decoder_0,sindy_x_0,reg_0,sindy_z_0,active_coeffs_0,coeff_0,total_1,decoder_1,sindy_x_1,reg_1,sindy_z_1,active_coeffs_1,coeff_1,total_2,decoder_2,sindy_x_2,reg_2,sindy_z_2,active_coeffs_2,coeff_2,total_3,decoder_3,sindy_x_3,reg_3,sindy_z_3,active_coeffs_3,coeff_3,total_4,decoder_4,sindy_x_4,reg_4,sindy_z_4,active_coeffs_4,coeff_4,total_5,decoder_5,sindy_x_5,reg_5,sindy_z_5,active_coeffs_5,coeff_5,total_6,decoder_6,sindy_x_6,reg_6,sindy_z_6,active_coeffs_6,coeff_6,total_7,decoder_7,sindy_x_7,reg_7,sindy_z_7,active_coeffs_7,coeff_7,total_8,decoder_8,sindy_x_8,reg_8,sindy_z_8,active_coeffs_8,coeff_8
0,0,0.0355763994157314,0.0342435538768768,0.0013323631137609,4.793407697434304e-07,0.0,60,0.0,0.0343643799424171,0.032902542501688,0.0014613898238167,4.478719972667023e-07,0.0,60,0.0,0.0343350246548652,0.0333344601094722,0.0010001328773796,4.33915886333125e-07,0.0,60,0.0,0.034151341766119,0.0327934138476848,0.0013575112679973,4.171723162471608e-07,0.0,60,0.0,0.0411415174603462,0.0399492941796779,0.0011917949886992,4.2766794194903923e-07,0.0,60,0.0,0.0313880890607833,0.0305219925940036,0.0008657040307298,3.903975596131204e-07,0.0,60,0.0,0.0397054143249988,0.0385008007287979,0.0012041752925142,4.37998039615195e-07,0.0,60,0.0,0.0398169010877609,0.0385034680366516,0.0013129896251484,4.4239274643587123e-07,0.0,60,0.0,0.04346778988838196,0.04200843349099159,0.0014589403290301561,4.1865197886181704e-07,0.0,60,0.0
1,50,0.0006930104573257,0.0004590642638504,0.0002305374800926,3.408680868233205e-06,0.0,60,0.0,0.0008280596812255,0.0002728986146394,0.0005508070462383,4.353991698735626e-06,0.0,60,0.0,0.0003114931460004,0.0001780069287633,0.0001291997177759,4.286499915906461e-06,0.0,60,0.0,0.0008489242754876,0.0005807044799439,0.0002657726872712,2.44711441155232e-06,0.0,60,0.0,0.0007701586582697,0.0005151918740011,0.0002515060768928,3.460759216977749e-06,0.0,60,0.0,0.0005430035525932,0.0003702287212945,0.0001697799307294,2.9949294457765063e-06,0.0,60,0.0,0.0008877213695086,0.0005797092453576,0.0003045252524316,3.486868763502571e-06,0.0,60,0.0,0.000434643618064,0.0002331270807189,0.0001973881589947,4.128378350287676e-06,0.0,60,0.0,0.0009140621987171471,0.0006140919285826385,0.00029722650651820004,2.743757931966684e-06,0.0,60,0.0
2,100,0.0002487621095497,0.0001282489829463,0.0001165013964055,4.011728378827684e-06,0.0,57,0.0,0.0003158627660013,0.000131267006509,0.0001785208587534,6.074897555663483e-06,0.0,56,0.0,0.0001325670164078,6.45002510282211e-05,6.217651389306411e-05,5.890248303330736e-06,0.0,53,0.0,0.0003236785996705,0.0001667286560405,0.0001530896115582,3.860337074002018e-06,0.0,52,0.0,0.0002940427802968,0.0001332395913777,0.0001563514815643,4.451695986062987e-06,0.0,54,0.0,0.0001495391043135,7.159366941777989e-05,7.398222805932164e-05,3.963201379519887e-06,0.0,52,0.0,0.0003598111798055,0.0001754018448991,0.0001796769502107,4.7324060687969904e-06,0.0,53,0.0,0.0002063227439066,0.0001028036131174,9.78479511104524e-05,5.6711924116825685e-06,0.0,56,0.0,0.0003305183199699968,0.000160534109454602,0.0001661312417127192,3.852954705507727e-06,0.0,49,0.0
3,150,0.0001543716643936,8.078396786004305e-05,6.920410669408739e-05,4.3835866563313175e-06,0.0,50,0.0,0.0001639955444261,6.414043309632689e-05,9.27552318898961e-05,7.099873982951976e-06,0.0,55,0.0,7.156560604926199e-05,2.453472370689269e-05,3.994918006355874e-05,7.081702278810553e-06,0.0,50,0.0,0.0002142724697478,0.0001004036166705,0.0001093652463168,4.503615855355747e-06,0.0,51,0.0,0.0001702967856545,7.273954543052241e-05,9.251893789041787e-05,5.038310973759508e-06,0.0,53,0.0,8.265546057373285e-05,3.641775037976913e-05,4.175767026026733e-05,4.480037205212284e-06,0.0,48,0.0,0.0001892544096335,8.78514110809192e-05,9.593222057446836e-05,5.4707784329366405e-06,0.0,47,0.0,0.0001128795920521,5.067570600658655e-05,5.567125481320545e-05,6.532633051392622e-06,0.0,54,0.0,0.00020176109683234245,7.2818947955966e-05,0.00012426731700543314,4.6748373279115185e-06,0.0,47,0.0
4,200,0.0001207635796163,6.281609239522368e-05,5.335054083843716e-05,4.596951384883141e-06,0.0,49,0.0,0.000113655529276,3.557573654688895e-05,7.054083835100755e-05,7.538952104368946e-06,0.0,53,0.0,4.747524144477211e-05,1.3606403626909014e-05,2.60657452599844e-05,7.803094376868103e-06,0.0,47,0.0,0.0001651695201871,6.982463673921302e-05,9.040786244440824e-05,4.9370132728654426e-06,0.0,48,0.0,0.0001225492451339,4.790135790244676e-05,6.927822687430307e-05,5.369661721488228e-06,0.0,52,0.0,6.23093728790991e-05,2.4862491045496427e-05,3.271885361755267e-05,4.728028670797357e-06,0.0,47,0.0,0.0001292159577133,5.684751158696599e-05,6.645699613727629e-05,5.9114472605870105e-06,0.0,47,0.0,6.915853009559214e-05,2.641017454152461e-05,3.55932570528239e-05,7.155100320233032e-06,0.0,52,0.0,0.00015623665240127593,4.734852336696349e-05,0.00010387678776169196,5.011348548578098e-06,0.0,46,0.0
5,250,9.486194176133722e-05,4.62163079646416e-05,4.388033266877756e-05,4.765304765896872e-06,0.0,49,0.0,8.437543147010729e-05,2.2601627279073e-05,5.387728015193716e-05,7.896524948591832e-06,0.0,50,0.0,3.546366497175768e-05,9.013147064251824e-06,1.817791780922562e-05,8.272600098280236e-06,0.0,42,0.0,0.0001289374922635,4.53187276434619e-05,7.8427474363707e-05,5.191300260776188e-06,0.0,47,0.0,9.567449160385876e-05,3.327635204186663e-05,5.681463517248631e-05,5.583506663242588e-06,0.0,52,0.0,5.068779501016252e-05,1.882949800346978e-05,2.6985971999238245e-05,4.872325916949194e-06,0.0,45,0.0,0.0001011487111099,4.100985097466037e-05,5.4034033382777125e-05,6.10482902629883e-06,0.0,46,0.0,4.862339483224787e-05,1.6257963579846546e-05,2.4919549105106853e-05,7.445883511536522e-06,0.0,47,0.0,0.00012216057803016156,3.190269853803329e-05,8.512911153957248e-05,5.128758857608773e-06,0.0,43,0.0
6,300,7.699603884248063e-05,3.5798773751594126e-05,3.631688377936371e-05,4.880382675764849e-06,0.0,48,0.0,6.471186497947201e-05,1.580997195560485e-05,4.0554648876423016e-05,8.347245966433547e-06,0.0,48,0.0,2.852092256944161e-05,6.763814781152178e-06,1.308881019213004e-05,8.668297596159391e-06,0.0,41,0.0,9.427320037502795e-05,2.4368009690078907e-05,6.456382834585384e-05,5.341364158084616e-06,0.0,47,0.0,7.658134563826025e-05,2.674343522812705e-05,4.409092434798367e-05,5.746988335886272e-06,0.0,50,0.0,4.1818097088253126e-05,1.53919099830091e-05,2.1431704226415604e-05,4.994483333575772e-06,0.0,45,0.0,8.27614203444682e-05,3.0495551982312463e-05,4.609291863744147e-05,6.172951998451026e-06,0.0,46,0.0,3.847755942842923e-05,1.1625058505160268e-05,1.9306318790768277e-05,7.5461821325006895e-06,0.0,44,0.0,8.892326877685264e-05,2.2277221432887018e-05,6.146325904410332e-05,5.182789209356997e-06,0.0,43,0.0
7,350,5.690831312676892e-05,2.324343404325191e-05,2.8708675017696805e-05,4.956204065820202e-06,0.0,47,0.0,5.45467046322301e-05,1.2955290912941564e-05,3.2962983823381364e-05,8.628428986412473e-06,0.0,47,0.0,2.3760305339237675e-05,5.075108219898539e-06,9.73529131442774e-06,8.949905350164045e-06,0.0,38,0.0,8.108630572678521e-05,1.8182528947363608e-05,5.7434630434727296e-05,5.469145435199607e-06,0.0,46,0.0,5.764907837146893e-05,1.7998389012063853e-05,3.364371877978556e-05,6.006974217598327e-06,0.0,48,0.0,3.46313499903772e-05,1.3067164218227845e-05,1.6474818039569072e-05,5.089367277832935e-06,0.0,45,0.0,7.01000026310794e-05,2.340734681638424e-05,4.0437502320855856e-05,6.255156677070772e-06,0.0,45,0.0,3.2657764677423984e-05,9.245603905583266e-06,1.5830730262678117e-05,7.581430963909952e-06,0.0,43,0.0,6.532650149893016e-05,1.664059527684003e-05,4.3456304410938174e-05,5.229602720646653e-06,0.0,41,0.0
8,400,5.736582897952758e-05,2.7390289687900804e-05,2.486200355633628e-05,5.113536190037848e-06,0.0,44,0.0,4.779419759870507e-05,1.138185598392738e-05,2.7612528356257823e-05,8.79981234902516e-06,0.0,47,0.0,2.099441189784557e-05,4.046194590046071e-06,7.78889352659462e-06,9.159322871710174e-06,0.0,37,0.1428571428571428,7.261124846991152e-05,1.396268817188684e-05,5.3118281357456e-05,5.53027985006338e-06,0.0,45,0.0,4.7077934141270816e-05,1.430964948667679e-05,2.664762905624229e-05,6.120656053099083e-06,0.0,48,0.0,2.949646659544669e-05,1.0763177670014556e-05,1.3561553714680484e-05,5.171736574993702e-06,0.0,45,0.0,5.956708628218621e-05,1.931999577209353e-05,3.39005928253755e-05,6.346497229969828e-06,0.0,45,0.0,2.9457736673066396e-05,8.071254342212342e-06,1.3821838365402073e-05,7.564644420199329e-06,0.0,42,0.0,5.5379314289893955e-05,1.529831024527084e-05,3.4826476621674374e-05,5.25452742294874e-06,0.0,41,0.0
9,450,4.1834184230538085e-05,1.6120226064231247e-05,2.0530775145743974e-05,5.183183475310216e-06,0.0,43,0.0,4.249326229910366e-05,9.692709681985434e-06,2.393288377788849e-05,8.867667020240333e-06,0.0,45,0.0,1.917235749715473e-05,3.300764774394338e-06,6.63489618091262e-06,9.236696314474102e-06,0.0,37,0.1428571428571428,6.872395897516981e-05,1.2230908396304583e-05,5.087463796371594e-05,5.618414888886036e-06,0.0,43,0.0,4.217243258608505e-05,1.3017036508244928e-05,2.2987629563431256e-05,6.167769242892973e-06,0.0,48,0.0,2.989775930473116e-05,1.285797497985186e-05,1.1773280675697606e-05,5.266504103929037e-06,0.0,44,0.0,5.290782792144455e-05,1.7331656636088155e-05,2.9162250939407382e-05,6.413918981706956e-06,0.0,44,0.0,2.6668370992410928e-05,6.997085620241705e-06,1.2144827451265884e-05,7.526458830398042e-06,0.0,42,0.0,4.858949614572339e-05,1.4722769265063107e-05,2.8595566618605517e-05,5.271159807307413e-06,0.0,41,0.0
10,500,3.429422213230282e-05,1.1201243069081102e-05,1.787786459317431e-05,5.215115379542112e-06,0.0,43,0.0,3.919133814633824e-05,9.004612365970388e-06,2.1290827135089785e-05,8.895897735783365e-06,0.0,45,0.0,1.824240098358132e-05,3.009441343237995e-06,5.986407813907135e-06,9.246550689567812e-06,0.0,36,0.1428571428571428,7.083923264872283e-05,1.834960494306869e-05,4.681647624238394e-05,5.673153282259591e-06,0.0,43,0.0,4.611515760188922e-05,1.858871837612241e-05,2.133300768036861e-05,6.1934324548929e-06,0.0,48,0.0,2.423071782686748e-05,8.376630830753129e-06,1.0532537999097258e-05,5.321547632775037e-06,0.0,44,0.0,4.898104089079425e-05,1.6159960068762302e-05,2.632694850035477e-05,6.494134595413925e-06,0.0,44,0.0,2.415301969449501e-05,5.894682999496581e-06,1.0776529961731283e-05,7.4818071880145e-06,0.0,42,0.0,4.125993655179627e-05,1.1587487279030029e-05,2.437838338664733e-05,5.294065431371564e-06,0.0,41,0.0
11,550,3.0785340641159564e-05,9.478178071731236e-06,1.6079007764346898e-05,5.228152531344676e-06,0.0,43,0.0,3.832906804746017e-05,8.237659130827524e-06,2.1152498447918333e-05,8.938910468714312e-06,0.0,43,0.0,1.6889993275981396e-05,2.3820362002879847e-06,5.298426458466565e-06,9.209531526721548e-06,0.0,36,0.1428571428571428,6.069885785109364e-05,1.1315210031170864e-05,4.368520967545919e-05,5.69843814446358e-06,0.0,43,0.0,3.536003714543767e-05,1.0385641871835103e-05,1.876747774076648e-05,6.206917078088736e-06,0.0,47,0.0,2.2981786969467063e-05,7.839504178264178e-06,9.77898707787972e-06,5.3632957133231685e-06,0.0,44,0.0,4.479736162465997e-05,1.4391642253031025e-05,2.385388506809249e-05,6.551836122525856e-06,0.0,44,0.0,2.2744101443095133e-05,5.515694738278398e-06,9.80910499492893e-06,7.419300345645752e-06,0.0,42,0.0,3.980420660809614e-05,1.1730276128218975e-05,2.2760867068427615e-05,5.3130647756916005e-06,0.0,41,0.0
12,600,2.8139254936832003e-05,8.20850436866749e-06,1.4689777344756294e-05,5.240972313913517e-06,0.0,43,0.0,3.583257785066962e-05,7.998324690561276e-06,1.8849450498237275e-05,8.984805390355177e-06,0.0,43,0.0,1.7223637769347988e-05,3.184025672453572e-06,4.905787136522122e-06,9.13382518774597e-06,0.0,36,0.1428571428571428,5.735543527407572e-05,1.037486163113499e-05,4.12735425925348e-05,5.707032414647983e-06,0.0,43,0.0,3.158466279273853e-05,8.670086572237778e-06,1.6693353245500475e-05,6.221225248737028e-06,0.0,47,0.0,2.172480344597716e-05,7.1974109232542105e-06,9.13926851353608e-06,5.3881244639342185e-06,0.0,44,0.0,4.0893944969866425e-05,1.2489387700043151e-05,2.1820756956003606e-05,6.5838003138196655e-06,0.0,43,0.0,2.213901825598441e-05,5.734215392294573e-06,9.061767741513904e-06,7.343035576923285e-06,0.0,42,0.0,3.557461968739517e-05,9.941519238054752e-06,2.030635005212389e-05,5.326749487721827e-06,0.0,39,0.0
13,650,2.6273681214661337e-05,7.39792312742793e-06,1.3608600056613795e-05,5.267158030619612e-06,0.0,41,0.0,3.390973142813891e-05,7.728223863523453e-06,1.7216145351994783e-05,8.965364031610079e-06,0.0,42,0.0,1.5548026567557827e-05,2.0556969957397087e-06,4.453830570128048e-06,9.038500138558447e-06,0.0,36,0.1428571428571428,5.4945601732470095e-05,9.774660611583386e-06,3.947563163819723e-05,5.695311301678885e-06,0.0,43,0.0,2.9717199140577577e-05,8.029076525417622e-06,1.5453026207978837e-05,6.23509731667582e-06,0.0,47,0.0,2.180743467761204e-05,7.802121217537206e-06,8.588431228417903e-06,5.416881776909577e-06,0.0,43,0.0,3.632743755588308e-05,1.073381099558901e-05,1.8991031538462263e-05,6.60259365758975e-06,0.0,42,0.0,2.017232145590242e-05,4.700053523265524e-06,8.209151928895153e-06,7.263116003741743e-06,0.0,41,0.0,3.3749623980838805e-05,9.084512385015842e-06,1.9364711988600902e-05,5.300401426211465e-06,0.0,38,0.0
14,700,2.443430275889113e-05,6.635059435211588e-06,1.2518353287305216e-05,5.280889126879629e-06,0.0,41,0.0,3.218803976778872e-05,7.2518851084169e-06,1.603300370334182e-05,8.903151865524705e-06,0.0,41,0.0,1.4749495676369406e-05,1.7201540458700038e-06,4.102939783479087e-06,8.926402188080829e-06,0.0,36,0.1428571428571428,5.321708886185661e-05,9.449672688788269e-06,3.808652400039136e-05,5.680894901161082e-06,0.0,43,0.0,2.8397073037922382e-05,7.648839527973905e-06,1.4508409549307544e-05,6.239825324882986e-06,0.0,47,0.0,2.0332090571173467e-05,6.610379841731628e-06,8.294043254863936e-06,5.427667929325253e-06,0.0,43,0.0,3.3025629818439484e-05,9.528551345283631e-06,1.6892694475245662e-05,6.60438399791019e-06,0.0,42,0.0,1.923709351103753e-05,4.365164841146907e-06,7.706818905717228e-06,7.165110673668096e-06,0.0,41,0.0,3.367555109434761e-05,9.867377229966223e-06,1.851483466452919e-05,5.293339199852198e-06,0.0,37,0.0
15,750,2.3204720491776243e-05,6.245046733965864e-06,1.1682819604175164e-05,5.2768527893931605e-06,0.0,41,0.0,3.0903887818567455e-05,7.150342753448058e-06,1.49362213051063e-05,8.817322850518394e-06,0.0,40,0.0,1.4149162780086044e-05,1.5430505300173536e-06,3.803432264248841e-06,8.80267998581985e-06,0.0,36,0.1428571428571428,5.192341996007599e-05,9.355671863886528e-06,3.690376979648136e-05,5.6639787544554565e-06,0.0,43,0.0,2.8067877792636864e-05,7.825421562301926e-06,1.400685232511023e-05,6.235603450477356e-06,0.0,47,0.0,2.2211492250789888e-05,8.523353244527243e-06,8.259175046987366e-06,5.428965323517332e-06,0.0,43,0.0,3.0893519578967243e-05,8.781043106864672e-06,1.551888453832362e-05,6.593594207515707e-06,0.0,41,0.0,1.8722084860200997e-05,4.384201474749716e-06,7.267074124683859e-06,7.070809260767419e-06,0.0,41,0.0,3.1764368031872436e-05,8.69603991304757e-06,1.777412762749009e-05,5.2942000365874264e-06,0.0,37,0.0
16,800,2.251150363008492e-05,6.216123438207433e-06,1.1021463251381649e-05,5.273916485748487e-06,0.0,41,0.0,2.918651080108248e-05,6.624275556532666e-06,1.380065077682957e-05,8.761583558225539e-06,0.0,38,0.0,1.377774060529191e-05,1.5536400042037712e-06,3.5555917747842614e-06,8.668508598930202e-06,0.0,36,0.1428571428571428,5.027843144489452e-05,8.905013601179235e-06,3.57337121386081e-05,5.639704340865137e-06,0.0,43,0.0,2.857472645700909e-05,8.611505109001882e-06,1.3738697816734202e-05,6.224524440767709e-06,0.0,47,0.0,1.936642729560845e-05,6.146113719296409e-06,7.785949492244981e-06,5.434363174572354e-06,0.0,43,0.0,2.8661550459219143e-05,7.699060006416403e-06,1.4382870176632425e-05,6.5796184571809135e-06,0.0,41,0.0,1.773352960299235e-05,3.891914730047574e-06,6.8687422754010186e-06,6.972872597543756e-06,0.0,41,0.0,3.1728708563605323e-05,8.437032192887273e-06,1.7964803191716783e-05,5.326872724253917e-06,0.0,36,0.0
17,850,2.1399438992375508e-05,5.685205451300135e-06,1.0445178304507864e-05,5.269055691314861e-06,0.0,41,0.0,2.804385439958424e-05,6.284757546382025e-06,1.3034844414505642e-05,8.724250619707163e-06,0.0,38,0.0,1.3193843187764289e-05,1.3781358347841888e-06,3.2890930015128106e-06,8.526613783033099e-06,0.0,36,0.1428571428571428,4.9680937081575394e-05,9.343507372250316e-06,3.4728491300484166e-05,5.608937499346212e-06,0.0,43,0.0,2.5357829144923016e-05,6.462673809437547e-06,1.2687433809333015e-05,6.207721071405104e-06,0.0,47,0.0,1.8645701857167296e-05,5.725494247599272e-06,7.479831310774898e-06,5.440375844045775e-06,0.0,42,0.0,2.766518446151167e-05,7.503722827095771e-06,1.359035013592802e-05,6.5711114984878805e-06,0.0,41,0.0,1.6723315638955683e-05,3.449605856076232e-06,6.371510608005337e-06,6.902199402247788e-06,0.0,40,0.0,3.1927298550726846e-05,9.384853910887614e-06,1.7231875972356647e-05,5.310570031724637e-06,0.0,36,0.0
18,900,2.303598921571393e-05,6.734380349371349e-06,1.1032343536498956e-05,5.269264420348918e-06,0.0,40,0.0,2.7277041226625443e-05,6.0502438827825245e-06,1.2542000149551312e-05,8.684798558533657e-06,0.0,38,0.0,1.274723581445869e-05,1.2717976005660605e-06,3.0965256883064285e-06,8.378912752959877e-06,0.0,36,0.1428571428571428,4.792727486346848e-05,8.898800842871424e-06,3.343652861076407e-05,5.591943590843584e-06,0.0,42,0.0,2.581441185611766e-05,7.107875262590824e-06,1.2520946256699972e-05,6.185590336826863e-06,0.0,47,0.0,1.8594069842947647e-05,5.882633104192792e-06,7.267296041391091e-06,5.444139787869062e-06,0.0,42,0.0,2.677133306860924e-05,7.104900760168675e-06,1.3101343029120471e-05,6.565089279320091e-06,0.0,41,0.0,1.6231442714342847e-05,3.275772996857995e-06,6.145578481664416e-06,6.810091690567788e-06,0.0,40,0.0,2.93993107334245e-05,8.04776846052846e-06,1.6064426745288074e-05,5.2871146181132644e-06,0.0,36,0.0
19,950,2.114418020937592e-05,5.7521478993294295e-06,1.0140814083570149e-05,5.251219135971041e-06,0.0,40,0.0,2.711206252570264e-05,6.1741443460050505e-06,1.2289069672988262e-05,8.648848051961977e-06,0.0,38,0.0,1.3589438822236843e-05,1.650685021559184e-06,3.7207039440545486e-06,8.2180504250573e-06,0.0,35,0.1428571428571428,4.634866490960121e-05,8.783767952991184e-06,3.199450293323025e-05,5.570394478127128e-06,0.0,42,0.0,2.38785105466377e-05,5.800844064651756e-06,1.1919049939024262e-05,6.158616542961681e-06,0.0,47,0.0,1.7621756342123263e-05,5.2015207074873615e-06,6.977590146561852e-06,5.4426459428214e-06,0.0,42,0.0,2.5632036340539344e-05,6.55318217468448e-06,1.2525549209385645e-05,6.553304046974517e-06,0.0,41,0.0,1.561779572512023e-05,3.121735744571197e-06,5.791893272544257e-06,6.7041655711364e-06,0.0,40,0.0,3.05593348457478e-05,9.55217910814099e-06,1.5752046238048933e-05,5.255109499557875e-06,0.0,36,0.0
20,1000,2.15407617361052e-05,5.985456937196432e-06,1.03186421256396e-05,5.236663582763868e-06,0.0,39,0.0,2.9109134629834443e-05,8.301872185256798e-06,1.2198424883536065e-05,8.60883665154688e-06,0.0,38,0.0,1.3227592717157677e-05,1.5524598211413831e-06,3.433097845118027e-06,8.242035619332455e-06,0.0,33,0.1428571428571428,4.420818368089385e-05,8.006786629266571e-06,3.066742647206411e-05,5.533970579563174e-06,0.0,42,0.0,3.0426846933551133e-05,1.1249214367126116e-05,1.3049512745055836e-05,6.128120730863884e-06,0.0,47,0.0,1.7075484720407985e-05,4.832209469896043e-06,6.806570127082523e-06,5.43670512342942e-06,0.0,42,0.0,2.513893923605792e-05,6.319395652099047e-06,1.2258764400030486e-05,6.5607773649389856e-06,0.0,40,0.0,1.5366371371783316e-05,3.208357611583778e-06,5.556340056500631e-06,6.601674613193609e-06,0.0,40,0.0,2.7037080144509673e-05,7.169805940065999e-06,1.4642184396507218e-05,5.225090717431158e-06,0.0,36,0.0
21,1050,1.957103268068749e-05,5.161584340385161e-06,9.165234587271698e-06,5.2442132982832845e-06,0.0,39,0.0,2.7874866646016017e-05,7.399332389468327e-06,1.1910098692169411e-05,8.565436473872978e-06,0.0,38,0.0,1.3515234059013892e-05,2.289054691573256e-06,2.9805612484778976e-06,8.245618118962739e-06,0.0,32,0.1428571428571428,4.25009748141747e-05,7.48127376937191e-06,2.9517115763155743e-05,5.502583917404991e-06,0.0,42,0.0,2.297761420777533e-05,5.750424861616921e-06,1.1133854968647938e-05,6.093333922763122e-06,0.0,47,0.0,1.671713835094124e-05,4.709296263172291e-06,6.5815133893920574e-06,5.426328698376892e-06,0.0,42,0.0,2.422743091301527e-05,6.0218380895094015e-06,1.165924459201051e-05,6.546347776748007e-06,0.0,39,0.0,1.5403007637360133e-05,3.598164539653226e-06,5.313520432537189e-06,6.491323347290745e-06,0.0,39,0.0,2.789225436572451e-05,8.532685569662135e-06,1.4160893442749511e-05,5.198675808060216e-06,0.0,35,0.0
22,1100,1.8545602870290168e-05,4.672002432926092e-06,8.637567589175887e-06,5.236032848188188e-06,0.0,39,0.0,2.5726920284796503e-05,5.748555395257426e-06,1.1458513654361012e-05,8.519851689925417e-06,0.0,38,0.0,1.219667956320336e-05,1.1864691487062371e-06,2.795654154397198e-06,8.214556146413088e-06,0.0,32,0.1428571428571428,4.298060957808048e-05,7.251228907989571e-06,3.0245228117564693e-05,5.48415164303151e-06,0.0,41,0.0,2.198818037868477e-05,5.035906724515371e-06,1.0897097126871811e-05,6.055174708308186e-06,0.0,47,0.0,1.610293475096114e-05,4.337384325481253e-06,6.3158063312585e-06,5.449745003716089e-06,0.0,41,0.0,2.425481034151744e-05,6.457069048337871e-06,1.127853465732187e-05,6.51920709060505e-06,0.0,39,0.0,1.5416408132296056e-05,3.685262754515861e-06,5.347536443878198e-06,6.383607797033619e-06,0.0,39,0.0,2.5369317881995812e-05,6.814876087446464e-06,1.3389855666900985e-05,5.164586127648363e-06,0.0,35,0.0
23,1150,1.770127346389927e-05,4.31767875852529e-06,8.157373486028519e-06,5.22622030985076e-06,0.0,39,0.0,2.5395846023457125e-05,5.657705060002627e-06,1.1265474313404413e-05,8.47266801429214e-06,0.0,38,0.0,1.384434199280804e-05,2.9427824301819783e-06,2.733961537160212e-06,8.16759802546585e-06,0.0,32,0.1428571428571428,4.101482409168966e-05,6.91146988174296e-06,2.860001586668659e-05,5.503336524270708e-06,0.0,41,0.0,2.18836448766524e-05,5.12587939738296e-06,1.07431933429325e-05,6.0145721363369375e-06,0.0,47,0.0,1.603185410203878e-05,4.53895745522459e-06,6.037304501660401e-06,5.455592145153787e-06,0.0,41,0.0,2.628331094456371e-05,6.525255685119191e-06,1.3234549442131538e-05,6.523505362565629e-06,0.0,38,0.0,1.4061573892831802e-05,2.8319116154307267e-06,4.908214577881154e-06,6.321447472146247e-06,0.0,38,0.0,2.6023706595879048e-05,7.78874982643174e-06,1.3109875908412505e-05,5.125081315782154e-06,0.0,35,0.0
24,1200,1.7194206520798616e-05,4.138500571571058e-06,7.848111636121757e-06,5.20759385835845e-06,0.0,39,0.0,2.72221259365324e-05,7.458770596713293e-06,1.1339223419781774e-05,8.424131920037325e-06,0.0,38,0.0,1.2024645911878906e-05,1.3923170172347454e-06,2.511584852982196e-06,8.120743586914614e-06,0.0,32,0.1428571428571428,3.931030369130895e-05,6.560017936863005e-06,2.7237674657953903e-05,5.512609277502634e-06,0.0,40,0.0,2.081047568935901e-05,4.628352598956553e-06,1.0211497283307835e-05,5.9706258070946205e-06,0.0,47,0.0,1.495131800766103e-05,3.760929530471913e-06,5.747611339756986e-06,5.4427773648058064e-06,0.0,40,0.0,2.499126458133105e-05,6.950105216674274e-06,1.149976196757052e-05,6.541397397086257e-06,0.0,38,0.0,1.3252697499410717e-05,2.3478580715163844e-06,4.672633622249123e-06,6.232206033018883e-06,0.0,38,0.0,2.3847303964430466e-05,6.68657003188855e-06,1.2081932254659478e-05,5.078803042124491e-06,0.0,35,0.0
25,1250,1.949252327904105e-05,6.35610695098876e-06,7.947528501972556e-06,5.188886916585034e-06,0.0,39,0.0,2.990832035720814e-05,1.0139073310710955e-05,1.1395407454983795e-05,8.373839591513388e-06,0.0,38,0.0,1.1560989150893874e-05,1.082671019503323e-06,2.4098862922983244e-06,8.06843218015274e-06,0.0,32,0.1428571428571428,3.77371979993768e-05,6.364016826410079e-06,2.587371454865206e-05,5.499468898051418e-06,0.0,40,0.0,2.0299954485381025e-05,4.713772341347067e-06,9.66204061114695e-06,5.9241401686449535e-06,0.0,47,0.0,1.565192360430956e-05,4.528526005742606e-06,5.714446160709485e-06,5.4089518926048186e-06,0.0,40,0.0,2.314875200681854e-05,6.126654625404626e-06,1.0495135029486846e-05,6.526960987685016e-06,0.0,38,0.0,1.4817405826761387e-05,3.028425226148101e-06,5.616582711809315e-06,6.172397206682945e-06,0.0,37,0.0,2.3972697817953303e-05,7.171032393671339e-06,1.1750045814551413e-05,5.051618700235849e-06,0.0,34,0.0
26,1300,1.639438050915487e-05,3.942056991945719e-06,7.279032161022769e-06,5.173290901439032e-06,0.0,39,0.0,2.8615129849640653e-05,9.006113941723015e-06,1.1287111192359587e-05,8.321904715558048e-06,0.0,38,0.0,1.133470232161926e-05,9.85593828772835e-07,2.333139718757593e-06,8.01596888777567e-06,0.0,32,0.1428571428571428,3.603604272939265e-05,5.864510512765264e-06,2.4707325792405754e-05,5.46420687896898e-06,0.0,40,0.0,2.0426747141755183e-05,4.476319190871436e-06,1.0081120308313984e-05,5.869308097317116e-06,0.0,45,0.0,1.735930345603265e-05,6.271103757171659e-06,5.714200142392656e-06,5.374000465963036e-06,0.0,40,0.0,2.226402284577489e-05,5.855054951098282e-06,9.91883825918194e-06,6.490129635494668e-06,0.0,38,0.0,1.325361790804891e-05,2.4198250230256235e-06,4.730042292067083e-06,6.103750820329879e-06,0.0,36,0.0,2.308827060915064e-05,6.746198323526187e-06,1.13325677375542e-05,5.009504548070254e-06,0.0,33,0.0
27,1350,1.818522105168085e-05,5.513170890480978e-06,7.515752258768771e-06,5.156298357178457e-06,0.0,39,0.0,2.506976670701988e-05,5.579886419582181e-06,1.1221099157410208e-05,8.268781130027492e-06,0.0,38,0.0,1.1497203558974434e-05,1.2581710961967474e-06,2.274660118928296e-06,7.96437234384939e-06,0.0,32,0.1428571428571428,3.692879545269534e-05,7.744331924186554e-06,2.3756492737447843e-05,5.4279694268188905e-06,0.0,40,0.0,1.985086055356078e-05,4.794148935616249e-06,9.228551789419726e-06,5.828159373777453e-06,0.0,45,0.0,1.4323686627903952e-05,3.6345511489344062e-06,5.340790266927797e-06,5.348345439415425e-06,0.0,40,0.0,2.2101145077613182e-05,6.00139992457116e-06,9.660685464041308e-06,6.439061053242767e-06,0.0,38,0.0,1.5723811884527095e-05,4.723752681456972e-06,4.98994222652982e-06,6.010117886035005e-06,0.0,36,0.0,2.311095522600226e-05,6.927724371053046e-06,1.1202223504369613e-05,4.981008260074304e-06,0.0,33,0.0
28,1400,1.6002171832951717e-05,3.851744168059668e-06,7.012270089035155e-06,5.138157575856894e-06,0.0,39,0.0,2.4816501536406577e-05,5.540667643799679e-06,1.106118088500807e-05,8.214651643356774e-06,0.0,38,0.0,1.1007699868059715e-05,9.209186941916414e-07,2.175047939090291e-06,7.911733518994879e-06,0.0,32,0.1428571428571428,3.3676195016596466e-05,5.492603577295085e-06,2.27895870921202e-05,5.394005711423233e-06,0.0,40,0.0,1.8843249563360587e-05,4.126530711801024e-06,8.912181328923907e-06,5.804536158393603e-06,0.0,43,0.0,1.5154520951909944e-05,4.4968769543629605e-06,5.338094979379093e-06,5.31954856342054e-06,0.0,40,0.0,2.191802377637941e-05,6.12095709584537e-06,9.410282473254483e-06,6.386784662026912e-06,0.0,38,0.0,1.339646587439347e-05,2.8872616439912235e-06,4.593897301674588e-06,5.915306701353984e-06,0.0,36,0.0,2.1380328689701855e-05,5.988131761114346e-06,1.0454519724589773e-05,4.937677658745088e-06,0.0,33,0.0
29,1450,1.5650799468858168e-05,3.6935732623533113e-06,6.837956334493356e-06,5.119271008879878e-06,0.0,39,0.0,2.481724914105144e-05,5.545308795262827e-06,1.111216715798946e-05,8.159773642546497e-06,0.0,38,0.0,1.1420741429901682e-05,1.1625663773884298e-06,2.379261559326551e-06,7.878913493186701e-06,0.0,31,0.1428571428571428,3.409730561543256e-05,6.655490324192215e-06,2.208665137004573e-05,5.355163466447266e-06,0.0,40,0.0,1.827533014875371e-05,4.08188316214364e-06,8.435717063548509e-06,5.757729923061561e-06,0.0,43,0.0,1.7740636394592002e-05,6.3154475355986506e-06,6.035483693267452e-06,5.389704710978549e-06,0.0,39,0.0,2.076920645777136e-05,5.2803175094595645e-06,9.1529236669885e-06,6.335965736070648e-06,0.0,38,0.0,1.233952662005322e-05,2.0946492895745905e-06,4.410589099279605e-06,5.834288458572701e-06,0.0,35,0.0,2.4117212888086215e-05,8.343496119778138e-06,1.0884771654673386e-05,4.8889455683820415e-06,0.0,33,0.0
30,1500,1.50641099025961e-05,3.357028617756441e-06,6.607481736864429e-06,5.099600002722582e-06,0.0,39,0.0,2.9547107260441408e-05,8.83804568729829e-06,1.260474164155312e-05,8.104319022095297e-06,0.0,38,0.0,1.16748351501883e-05,1.66763607012399e-06,2.1636813016812084e-06,7.843517778383102e-06,0.0,31,0.1428571428571428,3.226144326617941e-05,5.626416168524884e-06,2.132303598045837e-05,5.311990662448807e-06,0.0,40,0.0,1.772182986314874e-05,3.933280368073611e-06,8.112903742585331e-06,5.6756457524898e-06,0.0,42,0.0,1.3654552276420873e-05,2.954787532871705e-06,5.3029234550194815e-06,5.396841515903361e-06,0.0,39,0.0,2.0128249161643907e-05,4.9732457227946725e-06,8.85068038769532e-06,6.304321686911862e-06,0.0,38,0.0,1.229559893545229e-05,2.1448950064950623e-06,4.380483005661517e-06,5.770221378043061e-06,0.0,35,0.0,2.1543264665524475e-05,6.6895045165438205e-06,1.0014247891376726e-05,4.8395118028565776e-06,0.0,33,0.0
31,1550,1.592905755387619e-05,4.113870090804994e-06,6.725309503963217e-06,5.089877049613278e-06,0.0,38,0.0,2.509980186005123e-05,5.537308425118681e-06,1.151376636698842e-05,8.048725248954725e-06,0.0,38,0.0,1.0805119018186817e-05,9.63916477303428e-07,2.056175844700192e-06,7.785027264617383e-06,0.0,30,0.1428571428571428,3.1008661608211696e-05,4.896524387731915e-06,2.084623338305392e-05,5.265902018436464e-06,0.0,40,0.0,1.8116106730303727e-05,4.5670662984775845e-06,7.945963261590805e-06,5.603076260740636e-06,0.0,42,0.0,1.592740954947658e-05,5.376697572501144e-06,5.178616902412614e-06,5.372095984057523e-06,0.0,39,0.0,2.0304172721807845e-05,5.241699454927584e-06,8.792280823399778e-06,6.270192898227833e-06,0.0,38,0.0,1.2098334991605952e-05,2.0620489067368908e-06,4.32637398262159e-06,5.7099118748737965e-06,0.0,35,0.0,2.0374129235278815e-05,5.687060820491752e-06,9.870516805676743e-06,4.81655160911032e-06,0.0,31,0.0
32,1600,1.4619766261603218e-05,3.1780725748831173e-06,6.373485575750237e-06,5.068208338343538e-06,0.0,38,0.0,2.550009230617433e-05,5.503370175574673e-06,1.2003799383819567e-05,7.992922292032745e-06,0.0,38,0.0,1.1994910892099142e-05,2.260165047118789e-06,2.0154357116553e-06,7.719309905951377e-06,0.0,30,0.1428571428571428,3.183833905495703e-05,6.102006409491878e-06,2.051876072073356e-05,5.2175701057421975e-06,0.0,40,0.0,1.646466989768669e-05,3.4420543215674115e-06,7.476795872207731e-06,5.545819931285223e-06,0.0,42,0.0,1.5236315448419193e-05,4.963413630321156e-06,4.94188043376198e-06,5.331021839083405e-06,0.0,38,0.0,2.077516182907857e-05,5.841081019752892e-06,8.69973791850498e-06,6.23434334556805e-06,0.0,38,0.0,1.2067119314451702e-05,2.1301948436303064e-06,4.277333118807292e-06,5.659590897266753e-06,0.0,34,0.0,2.0401870642672293e-05,5.90390072829905e-06,9.69606207945617e-06,4.801908744411776e-06,0.0,31,0.0
33,1650,1.755275297909975e-05,6.076912995922612e-06,6.438012860598974e-06,5.037828032072866e-06,0.0,38,0.0,2.5456189177930355e-05,5.697478172805859e-06,1.1822144188045058e-05,7.936567271826789e-06,0.0,38,0.0,1.0378379556641448e-05,8.279416761070024e-07,1.891540136966796e-06,7.658897629880812e-06,0.0,30,0.1428571428571428,2.984100137837231e-05,4.651730705518276e-06,2.0021680029458366e-05,5.167591552890372e-06,0.0,40,0.0,1.7145977835753e-05,4.2364390537841246e-06,7.41994563213666e-06,5.489593604579568e-06,0.0,42,0.0,1.250765308213886e-05,2.632579253258882e-06,4.602043645718368e-06,5.273029728414258e-06,0.0,38,0.0,1.962136593647301e-05,4.913679276796756e-06,8.510887710144743e-06,6.1967984947841614e-06,0.0,38,0.0,1.3914059309172444e-05,3.882792498188792e-06,4.426666691870196e-06,5.6046001191134565e-06,0.0,34,0.0,1.971140409295913e-05,5.6035382840491366e-06,9.338890777144115e-06,4.768975941260578e-06,0.0,31,0.0
34,1700,1.389347562508192e-05,2.858975449271384e-06,6.018796739226673e-06,5.015702754462836e-06,0.0,38,0.0,2.5761515644262545e-05,6.077848865970736e-06,1.180366780317854e-05,7.879998520365916e-06,0.0,38,0.0,1.026374229695648e-05,8.206161510315724e-07,1.846076315814571e-06,7.597049716423498e-06,0.0,30,0.1428571428571428,2.9196404284448363e-05,4.316540980653372e-06,1.97594563360326e-05,5.120406513015041e-06,0.0,40,0.0,1.5891815564827994e-05,3.4497086289775325e-06,7.002588972682133e-06,5.439516826299951e-06,0.0,42,0.0,1.235888157680165e-05,2.5878364340314874e-06,4.5445644900610205e-06,5.226480425335467e-06,0.0,38,0.0,1.9958699340349995e-05,5.405091997090494e-06,8.395513759751339e-06,6.158093583508162e-06,0.0,38,0.0,1.170626546809217e-05,2.005814621952595e-06,4.159198397246655e-06,5.541252448892919e-06,0.0,34,0.0,2.2108599296188913e-05,8.23122445581248e-06,9.145134754362516e-06,4.732240540761268e-06,0.0,31,0.0
35,1750,1.4681133507110644e-05,3.548272161424393e-06,6.1400792219501454e-06,4.992782123736106e-06,0.0,38,0.0,2.904676875914447e-05,8.322108442371245e-06,1.290155796596082e-05,7.823102350812405e-06,0.0,38,0.0,1.0701047358452342e-05,1.2409549299263745e-06,1.9250978766649496e-06,7.5349948929215316e-06,0.0,30,0.1428571428571428,2.919403232226614e-05,4.5026445150142536e-06,1.9616602003225125e-05,5.074786258774111e-06,0.0,40,0.0,1.578057162987534e-05,3.742082526514423e-06,6.648438102274668e-06,5.390051683207275e-06,0.0,42,0.0,1.2114430319343228e-05,2.5348763301735744e-06,4.401080332172569e-06,5.178473656997085e-06,0.0,38,0.0,1.927827725012321e-05,4.865479695581598e-06,8.294482540804893e-06,6.1183141042420175e-06,0.0,38,0.0,1.1870151865878142e-05,2.2083859221311286e-06,4.1768162191146985e-06,5.484949724632315e-06,0.0,34,0.0,2.0826591935474426e-05,7.344466666836524e-06,8.794209861662239e-06,4.687916316470364e-06,0.0,31,0.0
36,1800,1.4673538316856138e-05,3.7436068396345945e-06,5.96509016759228e-06,4.96484153700294e-06,0.0,37,0.0,2.4701017537154257e-05,5.3972007663105614e-06,1.1537460522959009e-05,7.766357157379389e-06,0.0,38,0.0,9.99867006612476e-06,7.471645631085266e-07,1.7793429378798464e-06,7.472162451449549e-06,0.0,30,0.1428571428571428,2.8788166673621163e-05,4.375066055217758e-06,1.944014547916595e-05,4.972954684490105e-06,0.0,39,0.0,1.5010259630798828e-05,3.1233555546350544e-06,6.547609700646717e-06,5.339294148143381e-06,0.0,42,0.0,1.289077044930309e-05,3.410553972571506e-06,4.352331870904891e-06,5.127884833200369e-06,0.0,38,0.0,1.919494025059976e-05,4.935405286232708e-06,8.181847078958526e-06,6.0776883401558734e-06,0.0,38,0.0,1.1543701475602576e-05,2.0017939732497325e-06,4.109533620066941e-06,5.432373200164875e-06,0.0,34,0.0,1.9556566257961094e-05,6.433130238292506e-06,8.473557500110473e-06,4.649879883800168e-06,0.0,31,0.0
37,1850,1.3895956726628356e-05,3.0681374028063142e-06,5.883051017008256e-06,4.944768079440109e-06,0.0,37,0.0,2.616741221572738e-05,6.247905730560888e-06,1.2207818144815974e-05,7.711687430855818e-06,0.0,37,0.0,9.954383131116629e-06,7.63634432132676e-07,1.781270952960767e-06,7.409477802866604e-06,0.0,30,0.1428571428571428,2.844142363755964e-05,4.13566476709093e-06,1.9372861061128788e-05,4.932896899845218e-06,0.0,38,0.0,1.473786323913373e-05,3.1725001008453546e-06,6.27754752713372e-06,5.2878153837809805e-06,0.0,42,0.0,1.1614925824687816e-05,2.293498027938768e-06,4.247115612088237e-06,5.074311502539786e-06,0.0,38,0.0,1.8938213543151505e-05,4.807736786460737e-06,8.094352779153269e-06,6.0361239775375e-06,0.0,38,0.0,1.1386002370272765e-05,1.9316598809382413e-06,4.071988314535702e-06,5.382354629546171e-06,0.0,34,0.0,1.8480537619325332e-05,5.5102386795624625e-06,8.34744696476264e-06,4.6228524297475815e-06,0.0,31,0.0
38,1900,1.4106901289778762e-05,3.384593583177775e-06,5.805444743600674e-06,4.916863417747663e-06,0.0,37,0.0,2.6112862542504445e-05,5.927610345679568e-06,1.2514202353486326e-05,7.6710493885912e-06,0.0,37,0.0,9.919647709466515e-06,8.339122246070474e-07,1.7388829292031005e-06,7.346852726186626e-06,0.0,30,0.1428571428571428,3.0329072615131736e-05,6.125106210674858e-06,1.9319217244628817e-05,4.88474825033336e-06,0.0,38,0.0,1.4557212125509976e-05,3.201190338586457e-06,6.120314083091216e-06,5.235708613327006e-06,0.0,42,0.0,1.1579144484130666e-05,2.359710606469889e-06,4.200897819828242e-06,5.01853628520621e-06,0.0,38,0.0,1.870898086053785e-05,4.717001047538361e-06,7.997874490683898e-06,5.994105322315591e-06,0.0,38,0.0,1.2245120160514489e-05,2.3649092781852232e-06,4.555673967843177e-06,5.324537141859764e-06,0.0,33,0.0,1.7458325601182878e-05,4.989456101611722e-06,7.869466571719386e-06,4.599403837346472e-06,0.0,31,0.0
39,1950,1.3537875929614527e-05,2.9217976589279715e-06,5.731670626119012e-06,4.8844076445675455e-06,0.0,37,0.0,2.456197398714721e-05,5.29365297552431e-06,1.1638194337137976e-05,7.630126674484927e-06,0.0,37,0.0,1.1544279914232902e-05,2.3874872567830607e-06,1.8725780819295323e-06,7.284214916580822e-06,0.0,30,0.1428571428571428,2.9488151994883083e-05,5.4185088629310485e-06,1.9237573724240065e-05,4.832068952964619e-06,0.0,38,0.0,1.420571243215818e-05,3.12600286633824e-06,5.885923656023806e-06,5.193785455048783e-06,0.0,42,0.0,1.2412754585966468e-05,3.2476655178470537e-06,4.204295692034066e-06,4.9607929213379975e-06,0.0,38,0.0,1.8580331015982665e-05,4.71304019811214e-06,7.91573529568268e-06,5.951554612693144e-06,0.0,38,0.0,1.1796610124292783e-05,2.277037083331379e-06,4.250117854098789e-06,5.26945495948894e-06,0.0,33,0.0,1.7118756659328938e-05,4.829269073525211e-06,7.714518687862437e-06,4.574968443193939e-06,0.0,31,0.0
40,2000,1.319257717113942e-05,2.769739467112231e-06,5.562265414482681e-06,4.860572516918182e-06,0.0,37,0.0,2.533942461013794e-05,5.92600554227829e-06,1.182414507638896e-05,7.589274900965393e-06,0.0,37,0.0,9.628449333831668e-06,7.052572073007468e-07,1.701691871858202e-06,7.22150070942007e-06,0.0,30,0.1428571428571428,2.782500087050721e-05,4.07759443987743e-06,1.896493267850019e-05,4.78247375212959e-06,0.0,38,0.0,1.602046177140437e-05,5.061492629465647e-06,5.802389750897419e-06,5.156579391041305e-06,0.0,42,0.0,1.130041346186772e-05,2.2298636395134963e-06,4.141252247791272e-06,4.929297119815601e-06,0.0,37,0.0,1.956115011125803e-05,5.656984285451472e-06,7.995688974915538e-06,5.908477305638371e-06,0.0,38,0.0,1.27515495478292e-05,3.305336576886475e-06,4.227786575938808e-06,5.218426395003917e-06,0.0,33,0.0,1.6623154806438833e-05,4.6587197175540496e-06,7.414585979859112e-06,4.549848654278321e-06,0.0,31,0.0
41,2050,1.398824588250136e-05,3.48531648342032e-06,5.66594508200069e-06,4.8369847718277015e-06,0.0,36,0.0,2.585988113423809e-05,4.960400474374183e-06,1.3357423085835762e-05,7.542058483522851e-06,0.0,36,0.0,9.676477930042893e-06,8.340290946762252e-07,1.6836069107739604e-06,7.158841981436126e-06,0.0,30,0.1428571428571428,3.076509165111929e-05,6.926644800842041e-06,1.908743433887139e-05,4.751014785142616e-06,0.0,38,0.0,1.3571951058111154e-05,2.8166818992758635e-06,5.636537480313564e-06,5.118732133269077e-06,0.0,42,0.0,1.1181447916897014e-05,2.2742538021702785e-06,4.028874172945507e-06,4.878320396528579e-06,0.0,37,0.0,2.254890205222182e-05,8.244289347203448e-06,8.43978523334954e-06,5.864827016921481e-06,0.0,38,0.0,1.1171467122039758e-05,1.949489842445473e-06,4.047118636663072e-06,5.174857960810186e-06,0.0,33,0.0,1.7213878891197965e-05,5.323820005287416e-06,7.366003501374507e-06,4.524055384536041e-06,0.0,31,0.0
42,2100,1.302001874137204e-05,2.850672217391548e-06,5.354930181056261e-06,4.814416115550557e-06,0.0,35,0.0,2.504043914086651e-05,4.908022219751729e-06,1.2627546311705372e-05,7.504870154662058e-06,0.0,36,0.0,9.993280400522052e-06,1.2206186283947318e-06,1.6765327472967329e-06,7.096129593264777e-06,0.0,30,0.1428571428571428,2.758567461569328e-05,4.077622634213185e-06,1.8788990928442217e-05,4.719061053037876e-06,0.0,38,0.0,1.3327178749023004e-05,2.787259518299834e-06,5.459532530949218e-06,5.080386927147629e-06,0.0,42,0.0,1.1433347026468256e-05,2.5750659915502183e-06,4.047621587233152e-06,4.810658992937533e-06,0.0,37,0.0,1.84329655894544e-05,4.896716291113989e-06,7.7151153163868e-06,5.821133527206257e-06,0.0,38,0.0,1.171239637187682e-05,2.586420123407152e-06,3.991479843534762e-06,5.134496404934907e-06,0.0,33,0.0,1.6780555597506464e-05,4.967776931152912e-06,7.315145921893418e-06,4.497633653954836e-06,0.0,31,0.0
43,2150,1.2832066204282457e-05,2.664092562554288e-06,5.375738510338124e-06,4.792234904016368e-06,0.0,35,0.0,2.412472167634405e-05,4.972474471287569e-06,1.1696156434481964e-05,7.456090315827168e-06,0.0,36,0.0,9.511060852673836e-06,8.114569141071115e-07,1.6600639582975418e-06,7.039540378173115e-06,0.0,30,0.1428571428571428,2.791136103041936e-05,4.425513907335699e-06,1.880091986095067e-05,4.684927716880338e-06,0.0,37,0.0,1.331286875938531e-05,2.971735511891893e-06,5.299209988152143e-06,5.041922577220248e-06,0.0,42,0.0,1.0916295650531538e-05,2.2636584162683e-06,3.9137948988354765e-06,4.7388425628014375e-06,0.0,37,0.0,1.821815749281086e-05,4.792217623617034e-06,7.649041435797699e-06,5.776899342890829e-06,0.0,38,0.0,1.254035669262521e-05,3.2741188533691457e-06,4.162246568739647e-06,5.103991952637443e-06,0.0,33,0.0,1.600388713995926e-05,4.513227395364083e-06,7.019908025540644e-06,4.470751264307182e-06,0.0,31,0.0
44,2200,1.4841638403595423e-05,4.440941211214522e-06,5.63871071790345e-06,4.761987383972155e-06,0.0,35,0.0,2.0506013242993504e-05,4.923301730741514e-06,8.173722562787589e-06,7.40898849471705e-06,0.0,35,0.0,9.341592885903084e-06,7.424526415888977e-07,1.6153983324329602e-06,6.983741513977293e-06,0.0,30,0.1428571428571428,2.710154512897133e-05,3.847520929411985e-06,1.860452903201804e-05,4.649496077036019e-06,0.0,37,0.0,1.4323727555165531e-05,3.916255991498474e-06,5.395263087848434e-06,5.012208021071274e-06,0.0,41,0.0,1.0636505976435728e-05,2.0613340439012973e-06,3.883509180013789e-06,4.691662525146967e-06,0.0,37,0.0,1.835902003222145e-05,5.013624559069285e-06,7.613294201291865e-06,5.732102181355003e-06,0.0,38,0.0,1.1059572898375336e-05,1.914679842229816e-06,4.0566042116552126e-06,5.088289071863983e-06,0.0,32,0.0,1.5693918612669222e-05,4.380477093945956e-06,6.870177912787767e-06,4.443263605935499e-06,0.0,31,0.0
45,2250,1.279582556890091e-05,2.790362486848608e-06,5.280599452817114e-06,4.724864083982538e-06,0.0,35,0.0,2.233193663414568e-05,5.179981599212624e-06,9.771499208000025e-06,7.380456736427732e-06,0.0,35,0.0,9.286910426453687e-06,7.405615747302363e-07,1.6182232229766669e-06,6.928125458216528e-06,0.0,30,0.1428571428571428,2.7629825126496144e-05,4.4990561036684085e-06,1.852411514846608e-05,4.6066547838563565e-06,0.0,37,0.0,1.2766222425852902e-05,2.752223053903436e-06,5.033071829529945e-06,4.980928224540548e-06,0.0,41,0.0,1.4195538824424148e-05,2.902499318224727e-06,6.5961726249952335e-06,4.696867563325213e-06,0.0,34,0.0,1.813970084185712e-05,4.888469902653014e-06,7.56414738134481e-06,5.687084012606647e-06,0.0,37,0.0,1.0890823432418983e-05,1.9207814148103357e-06,3.902116532117361e-06,5.067925485491287e-06,0.0,32,0.0,1.571669417899102e-05,4.434885340742767e-06,6.866005605843384e-06,4.415802777657518e-06,0.0,31,0.0
46,2300,1.2238208910275716e-05,2.3942918687680503e-06,5.1475813052093145e-06,4.696335963672027e-06,0.0,35,0.0,2.186736128351185e-05,5.068653536000056e-06,9.449669050809462e-06,7.349038696702337e-06,0.0,35,0.0,9.832623618422076e-06,1.3564707614932558e-06,1.6034701957323705e-06,6.872682206449099e-06,0.0,30,0.1428571428571428,2.7012571081286296e-05,3.949869551433949e-06,1.8489325157133862e-05,4.573375008476432e-06,0.0,37,0.0,1.2529881132650187e-05,2.6388167952973163e-06,4.946653916704236e-06,4.944410648022313e-06,0.0,41,0.0,1.1240046660532244e-05,2.369038838878623e-06,4.145886578044156e-06,4.72512147098314e-06,0.0,33,0.0,1.791431350284256e-05,4.816740784008289e-06,7.4519530244288035e-06,5.645618330163416e-06,0.0,37,0.0,1.210957816510927e-05,3.019884161403752e-06,4.051005817018449e-06,5.038687959313393e-06,0.0,32,0.0,1.5726956917205825e-05,4.624205303116469e-06,6.71486668579746e-06,4.387883564049844e-06,0.0,31,0.0
47,2350,1.2370845070108771e-05,2.5608289888623403e-06,5.14055636813282e-06,4.669459030992584e-06,0.0,35,0.0,2.256050902360585e-05,5.589402917394182e-06,9.663997843745165e-06,7.307107807719149e-06,0.0,35,0.0,9.77480158326216e-06,1.2770022976837936e-06,1.6802888467282171e-06,6.8175104388501495e-06,0.0,30,0.1428571428571428,2.6739073291537352e-05,3.811487431448768e-06,1.838752359617501e-05,4.540063400781946e-06,0.0,37,0.0,1.5156394510995597e-05,5.352181688067503e-06,4.8939600674202666e-06,4.910253210255178e-06,0.0,39,0.0,1.04921364254551e-05,1.922818228194956e-06,3.871980879921466e-06,4.69733777208603e-06,0.0,33,0.0,1.747015630826354e-05,4.535254902293673e-06,7.341057425946928e-06,5.593842615780886e-06,0.0,37,0.0,1.083155075320974e-05,1.9777689885813743e-06,3.852587269648211e-06,5.0011944949801546e-06,0.0,31,0.0,1.5346829968621023e-05,4.441043529368471e-06,6.546181339217583e-06,4.359604190540267e-06,0.0,31,0.0
48,2400,1.298341157962568e-05,3.1351578400062863e-06,5.205867637414485e-06,4.6423861022049095e-06,0.0,35,0.0,2.183581455028616e-05,5.442270321509568e-06,9.134280844591558e-06,7.25926201994298e-06,0.0,35,0.0,1.0172975635214245e-05,1.722595698083751e-06,1.6877369262147113e-06,6.762642897228943e-06,0.0,30,0.1428571428571428,2.697645140870009e-05,4.109279416297795e-06,1.836052251746878e-05,4.506649474933511e-06,0.0,37,0.0,1.209886704600649e-05,2.543032678659074e-06,4.686262855102541e-06,4.869571512244875e-06,0.0,38,0.1428571428571428,1.0319710781914182e-05,1.893007151920756e-06,3.778480731853051e-06,4.648222329706186e-06,0.0,33,0.0,1.742333552101627e-05,4.627258931577671e-06,7.249178452184424e-06,5.546898592001526e-06,0.0,37,0.0,1.117482861445751e-05,2.4365151602978585e-06,3.766042937058955e-06,4.972270744474372e-06,0.0,31,0.1428571428571428,1.744726614560932e-05,6.784680863347603e-06,6.293185833783355e-06,4.3693999032257125e-06,0.0,30,0.0
49,2450,1.2547658116091044e-05,2.798688456095988e-06,5.134078037372092e-06,4.614892077370314e-06,0.0,35,0.0,2.113115442625713e-05,4.930558134219609e-06,8.989530215330888e-06,7.211066076706629e-06,0.0,35,0.0,8.983925908978563e-06,7.17379521120165e-07,1.5585530945827486e-06,6.707993179588812e-06,0.0,30,0.1428571428571428,2.644313099153805e-05,3.6894196000503135e-06,1.828102358558681e-05,4.472688033274608e-06,0.0,37,0.0,1.19460528367199e-05,2.5394269869138952e-06,4.591433025780134e-06,4.815192824025871e-06,0.0,38,0.1428571428571428,1.145182704931358e-05,3.054376065847464e-06,3.7946610973449424e-06,4.6027898861211725e-06,0.0,31,0.0,1.768357469700277e-05,4.981596703146352e-06,7.198042112577241e-06,5.503935881279176e-06,0.0,37,0.0,1.0735824616858736e-05,1.998261723201722e-06,3.7941563277854576e-06,4.9434061111242045e-06,0.0,31,0.1428571428571428,1.714837344479747e-05,5.778605100204004e-06,6.911557647981681e-06,4.458211151359137e-06,0.0,29,0.0
50,2500,1.1821935913758352e-05,2.338255171707715e-06,4.892933247901965e-06,4.590746812027646e-06,0.0,35,0.0,2.108929766109213e-05,4.788976184499916e-06,9.131719707511364e-06,7.168602223828202e-06,0.0,35,0.0,8.977916877483949e-06,7.78058449668606e-07,1.5463701856788248e-06,6.653488071606262e-06,0.0,30,0.1428571428571428,2.687828055059072e-05,4.189603259874275e-06,1.825050276238472e-05,4.438174073584378e-06,0.0,37,0.0,1.1954638466704637e-05,2.686248990357853e-06,4.501658168010181e-06,4.7667313083366025e-06,0.0,38,0.1428571428571428,1.0526564437896012e-05,2.258032282043132e-06,3.724394218806992e-06,4.54413839179324e-06,0.0,30,0.0,1.870263076853007e-05,5.973045972496038e-06,7.26898315406288e-06,5.460602096718503e-06,0.0,37,0.0,1.2851310202677269e-05,4.116618583793752e-06,3.8202624637051485e-06,4.914429155178368e-06,0.0,30,0.1428571428571428,1.6307898476952687e-05,5.226563189353328e-06,6.629130893998081e-06,4.452204393601278e-06,0.0,29,0.0
51,2550,1.2015207175863908e-05,2.552202886363375e-06,4.895279744232539e-06,4.567724317894317e-06,0.0,35,0.0,2.081470302073285e-05,4.5849578782508615e-06,9.10346170712728e-06,7.12628479959676e-06,0.0,35,0.0,9.61502064455999e-06,1.4483437098533614e-06,1.56742089529871e-06,6.599256266781595e-06,0.0,30,0.1428571428571428,2.7002906790585257e-05,4.482888016354991e-06,1.811668334994465e-05,4.403335424285615e-06,0.0,37,0.0,1.3067995496385263e-05,3.759762648769538e-06,4.576079390972154e-06,4.7321536840172485e-06,0.0,38,0.1428571428571428,1.029705072141951e-05,2.1671737613360165e-06,3.621853011281928e-06,4.50802417617524e-06,0.0,30,0.0,1.6847521692398004e-05,4.413152964843903e-06,7.01701765137841e-06,5.41735016668099e-06,0.0,37,0.0,1.05506678664824e-05,1.984672962862533e-06,3.6809183256991673e-06,4.8850765779207e-06,0.0,30,0.1428571428571428,1.686081668594852e-05,5.839618552272441e-06,6.599584139621584e-06,4.421614448801847e-06,0.0,29,0.0
52,2600,1.250842251465656e-05,2.9517320854211e-06,5.0076673687726725e-06,4.549023287836462e-06,0.0,35,0.0,2.039620812865905e-05,4.495362645684509e-06,8.816614354145713e-06,7.084231128828833e-06,0.0,35,0.0,1.1667804756143596e-05,3.216013737983303e-06,1.9208323465136345e-06,6.530958671646658e-06,0.0,29,0.1428571428571428,2.658991616044659e-05,4.099595571460668e-06,1.812203299778048e-05,4.368287136458093e-06,0.0,37,0.0,1.1720730071829166e-05,2.700046252357424e-06,4.323212124290876e-06,4.697471922554541e-06,0.0,38,0.1428571428571428,1.1074659596488344e-05,2.975105189761962e-06,3.626954139690497e-06,4.472600267035887e-06,0.0,30,0.0,1.710487049422227e-05,4.7097314563870896e-06,7.02125498719397e-06,5.373883141146507e-06,0.0,37,0.0,1.0397301593911834e-05,1.8806891830536188e-06,3.6607018500944832e-06,4.855910901824245e-06,0.0,30,0.1428571428571428,1.8041111616184935e-05,7.067517344694352e-06,6.592079898837255e-06,4.381513917905977e-06,0.0,29,0.0
53,2650,1.264321144844871e-05,3.11893631987914e-06,4.994135451852344e-06,4.530139904090902e-06,0.0,35,0.0,2.037180092884228e-05,4.428331976669142e-06,8.90124556462979e-06,7.042222932795994e-06,0.0,35,0.0,8.92307343747234e-06,9.255804798158352e-07,1.5225223251036368e-06,6.474970632552868e-06,0.0,28,0.1428571428571428,2.5918541723513044e-05,3.530891035552486e-06,1.805465217330493e-05,4.332998742029304e-06,0.0,37,0.0,1.1358470146660691e-05,2.418295935058268e-06,4.2636515900085215e-06,4.676522166846553e-06,0.0,37,0.1428571428571428,9.87815383268753e-06,1.897533593364642e-06,3.540113084454788e-06,4.440506927494425e-06,0.0,30,0.0,1.6752070223446935e-05,4.507192443270469e-06,6.9146594796620775e-06,5.330219210009091e-06,0.0,37,0.0,1.0461752026458273e-05,1.969058757822495e-06,3.666109023470199e-06,4.826584245165577e-06,0.0,30,0.1428571428571428,2.294325349794235e-05,1.1907038242497947e-05,6.698702691210201e-06,4.3375134737289045e-06,0.0,29,0.0
54,2700,1.2219637937960217e-05,2.8267322704778053e-06,4.8817760216479655e-06,4.511130100581795e-06,0.0,35,0.0,2.031602525676135e-05,4.61454646938364e-06,8.701028491486795e-06,7.000450295890914e-06,0.0,35,0.0,8.683333362569101e-06,7.62885065341834e-07,1.49899176449253e-06,6.42145687379525e-06,0.0,28,0.1428571428571428,2.709420550672803e-05,4.603481556841871e-06,1.819292629079428e-05,4.297797659091884e-06,0.0,37,0.0,1.1898568118340336e-05,2.6305499432055512e-06,4.6288200792332646e-06,4.6391978685278445e-06,0.0,36,0.1428571428571428,9.61557998380158e-06,1.6970719798337086e-06,3.5125549402437173e-06,4.405952950037317e-06,0.0,30,0.0,1.775931923475582e-05,5.433332262327895e-06,7.039615411486011e-06,5.286372015689267e-06,0.0,37,0.0,1.1378411727491766e-05,2.927807145169936e-06,3.653061185104889e-06,4.797544079337968e-06,0.0,30,0.1428571428571428,1.5132325643207878e-05,4.4003727452945895e-06,6.435221166611882e-06,4.296731731301406e-06,0.0,29,0.0
55,2750,1.2265192708582616e-05,2.937352746812394e-06,4.835885192733258e-06,4.491954314289615e-06,0.0,35,0.0,2.019827479671221e-05,4.638445716409478e-06,8.60118234413676e-06,6.958646736165974e-06,0.0,35,0.0,8.79289200383937e-06,9.371480587105908e-07,1.47811442730017e-06,6.377629688358866e-06,0.0,28,0.1428571428571428,2.573715391918085e-05,3.468767090453184e-06,1.80060560523998e-05,4.262329639459495e-06,0.0,37,0.0,1.135265665652696e-05,2.4824005322443554e-06,4.252458438713802e-06,4.617797003447777e-06,0.0,36,0.1428571428571428,9.41278904065257e-06,1.592271701156278e-06,3.451212478466914e-06,4.369304861029377e-06,0.0,30,0.0,1.6213611161219887e-05,4.200736839266028e-06,6.770831987523707e-06,5.2420423344301526e-06,0.0,37,0.0,1.039615017361939e-05,2.008606998060713e-06,3.619039262048318e-06,4.768503913510358e-06,0.0,30,0.1428571428571428,1.5031953807920218e-05,4.295364306017291e-06,6.477761871792609e-06,4.258827630110318e-06,0.0,29,0.0
56,2800,1.1389701285224874e-05,2.241635229438544e-06,4.675523086916655e-06,4.472542968869675e-06,0.0,35,0.0,1.977399006136693e-05,4.165372502029641e-06,8.691516995895654e-06,6.917099199199583e-06,0.0,35,0.0,9.05071101442445e-06,1.1626420928223524e-06,1.5535305237790451e-06,6.334537829388864e-06,0.0,28,0.1428571428571428,2.567161573097109e-05,3.4276956739631714e-06,1.801735197659582e-05,4.226568307785783e-06,0.0,37,0.0,1.1819649444078095e-05,2.989888116644579e-06,4.236941094859503e-06,4.5928204599476885e-06,0.0,36,0.1428571428571428,1.1838829777843785e-05,3.979040684498614e-06,3.528629804350203e-06,4.331159288994968e-06,0.0,30,0.0,1.6195210264413618e-05,4.253162387612974e-06,6.74421971780248e-06,5.197827249503462e-06,0.0,37,0.0,1.0206280421698466e-05,1.8905475371866487e-06,3.575976506908773e-06,4.739756150229368e-06,0.0,30,0.1428571428571428,1.5178040484897792e-05,4.742845703731291e-06,6.215263510966906e-06,4.219932179694297e-06,0.0,29,0.0
57,2850,1.1196918421774171e-05,2.188857934015686e-06,4.555257874017116e-06,4.452801931620343e-06,0.0,35,0.0,2.011951073654928e-05,4.915243607683806e-06,8.328106559929438e-06,6.87616102368338e-06,0.0,35,0.0,9.396933819516562e-06,1.6089658174678334e-06,1.4959612144593848e-06,6.292006219155155e-06,0.0,28,0.1428571428571428,2.591925294836983e-05,3.644115849965601e-06,1.807197077141609e-05,4.203166554361815e-06,0.0,35,0.0,1.0860094334930182e-05,2.2463057121058227e-06,4.05646960643935e-06,4.557318789011333e-06,0.0,36,0.1428571428571428,9.847424735198729e-06,2.1026323793194024e-06,3.442321258262382e-06,4.302471552364295e-06,0.0,29,0.0,1.6041296476032585e-05,4.188374077784829e-06,6.699772711726837e-06,5.153149231773568e-06,0.0,37,0.0,1.0182273399550468e-05,1.8632102865012712e-06,3.607965254559531e-06,4.711098426923854e-06,0.0,30,0.1428571428571428,1.4325723896035925e-05,3.925150849681813e-06,6.220323939487571e-06,4.1802486521191895e-06,0.0,29,0.0
58,2900,1.1742233255063184e-05,2.3354505174211222e-06,4.969859219272621e-06,4.436923063622089e-06,0.0,33,0.0,1.9254539438406937e-05,3.922664745914517e-06,8.496613190800417e-06,6.835262411186704e-06,0.0,35,0.0,8.918023922888096e-06,1.168389871963882e-06,1.4996658137533814e-06,6.249968464544509e-06,0.0,28,0.1428571428571428,2.698106982279569e-05,4.610845735442126e-06,1.820634861360304e-05,4.163875928497873e-06,0.0,35,0.1428571428571428,1.0748868589871565e-05,2.238201659565675e-06,3.996518444182584e-06,4.5141482587496284e-06,0.0,36,0.1428571428571428,1.0054039194073994e-05,2.26548763748724e-06,3.5201217087887926e-06,4.2684296204242855e-06,0.0,29,0.0,1.5969411833793856e-05,4.119098321098136e-06,6.74259854349657e-06,5.107714969199151e-06,0.0,37,0.0,1.0253163054585455e-05,1.944664973052568e-06,3.625820454544737e-06,4.682677172240801e-06,0.0,30,0.1428571428571428,1.5665247701690532e-05,5.363646778278053e-06,6.16141187492758e-06,4.14018950323225e-06,0.0,29,0.0
59,2950,1.200389760924736e-05,2.7901542125619017e-06,4.7762719077582005e-06,4.437471488927258e-06,0.0,33,0.1428571428571428,2.2245454601943493e-05,6.138463504612446e-06,9.312035217590164e-06,6.794954970246181e-06,0.0,35,0.0,8.536526365787722e-06,8.428475553046155e-07,1.4857763517284184e-06,6.207902060850756e-06,0.0,28,0.1428571428571428,2.680549732758664e-05,4.523533334577223e-06,1.81648265424883e-05,4.117136541026412e-06,0.0,35,0.1428571428571428,1.0612880032567771e-05,2.1850780740351183e-06,3.9495826058555394e-06,4.47821912530344e-06,0.0,36,0.1428571428571428,9.26015400182223e-06,1.6098067590064602e-06,3.425979457460926e-06,4.224367785354843e-06,0.0,29,0.0,1.5827788956812583e-05,4.130420620640507e-06,6.634807959926548e-06,5.0625603762455285e-06,0.0,37,0.0,1.0170442692469804e-05,1.989043767025578e-06,3.527104809109005e-06,4.654294571082573e-06,0.0,30,0.1428571428571428,1.4042477232578676e-05,3.89412343793083e-06,6.0487654991447926e-06,4.099588295503054e-06,0.0,29,0.0
60,3000,1.118033833336085e-05,2.243961489512003e-06,4.510910912358668e-06,4.425465249369154e-06,0.0,33,0.1428571428571428,1.9222903574700467e-05,4.37058361058007e-06,8.097461432043929e-06,6.754858532076469e-06,0.0,35,0.0,9.983905329136178e-06,2.336134684810532e-06,1.481721710661077e-06,6.166048478917219e-06,0.0,28,0.1428571428571428,2.554180900915526e-05,3.4128795505239395e-06,1.8054868633043952e-05,4.074060598213691e-06,0.0,35,0.1428571428571428,1.2112668628105894e-05,3.597607019401039e-06,4.073721811437281e-06,4.441339569893898e-06,0.0,36,0.1428571428571428,9.168476026388817e-06,1.5983150660758838e-06,3.398427679712768e-06,4.171732598479139e-06,0.0,28,0.0,1.608127058716491e-05,4.396896656544413e-06,6.667408342764247e-06,5.016965587856248e-06,0.0,37,0.0,1.039024573401548e-05,2.236121417809045e-06,3.528029083099682e-06,4.626094778359402e-06,0.0,30,0.1428571428571428,1.4313265637611039e-05,4.2581600609992165e-06,5.996660092932871e-06,4.058445483678952e-06,0.0,29,0.0
61,3050,1.1887368600582704e-05,2.975518327730242e-06,4.504642220126698e-06,4.407208052725764e-06,0.0,33,0.1428571428571428,1.896988396765664e-05,3.699741910168086e-06,8.555437489121687e-06,6.714705250487896e-06,0.0,35,0.0,9.006458640214987e-06,1.435768581359298e-06,1.4463427078226232e-06,6.124347237346228e-06,0.0,28,0.1428571428571428,2.6608944608597085e-05,4.42569944425486e-06,1.814496317820158e-05,4.038282440887997e-06,0.0,35,0.1428571428571428,1.046965189743787e-05,2.183697461077827e-06,3.88233002013294e-06,4.403624643600779e-06,0.0,36,0.1428571428571428,1.0584633855614811e-05,3.0126564070087625e-06,3.444947196840076e-06,4.127030933886999e-06,0.0,28,0.1428571428571428,1.563114892633166e-05,4.040784915559925e-06,6.619048690481577e-06,4.97131577503751e-06,0.0,37,0.0,1.0510797437746078e-05,2.402954123681411e-06,3.509668431433965e-06,4.598175110004377e-06,0.0,30,0.1428571428571428,1.458890619687736e-05,4.633240678231232e-06,5.9389840316725895e-06,4.016681032226188e-06,0.0,29,0.0
62,3100,1.0888699762290344e-05,2.100917299685534e-06,4.403588263812708e-06,4.384193744044751e-06,0.0,33,0.1428571428571428,1.947995588125196e-05,4.091055870958371e-06,8.714017894817516e-06,6.6748812059813645e-06,0.0,35,0.0,8.378941856790334e-06,8.559624689041812e-07,1.4397704717339366e-06,6.083208972995635e-06,0.0,28,0.1428571428571428,2.572837001935113e-05,3.677204631458153e-06,1.8048958736471832e-05,4.00220551455277e-06,0.0,35,0.1428571428571428,1.1665994861687068e-05,3.3170920232805656e-06,3.983618626079988e-06,4.36528443970019e-06,0.0,36,0.1428571428571428,8.905192771635484e-06,1.4426615280171973e-06,3.3702049222483765e-06,4.092326435056748e-06,0.0,28,0.1428571428571428,1.5646115571144037e-05,4.12566669183434e-06,6.594833394046873e-06,4.925615485262824e-06,0.0,37,0.0,1.0447130080137867e-05,2.3339059680438368e-06,3.5427926832198864e-06,4.570431428874144e-06,0.0,30,0.1428571428571428,1.4999511222413275e-05,5.140085249877302e-06,5.8845198509516194e-06,3.974905666837003e-06,0.0,29,0.0
63,3150,1.1820988220279103e-05,3.0045121093280613e-06,4.451650511327898e-06,4.364826054370496e-06,0.0,33,0.1428571428571428,1.942995368153788e-05,4.09755512009724e-06,8.696810255059972e-06,6.635586942138616e-06,0.0,35,0.0,8.310661542054731e-06,8.540265525880386e-07,1.4145631439532735e-06,6.042071618139744e-06,0.0,28,0.1428571428571428,2.512042374291923e-05,3.173026925651357e-06,1.7981557903112844e-05,3.965838914155029e-06,0.0,35,0.1428571428571428,1.0443995051900856e-05,2.288607447553659e-06,3.829065008176258e-06,4.326322141423589e-06,0.0,36,0.1428571428571428,9.594242328603286e-06,2.1449079667945625e-06,3.3911278478626627e-06,4.058206286572386e-06,0.0,28,0.1428571428571428,1.5622048522345722e-05,4.157609055255307e-06,6.584913990081986e-06,4.87952638650313e-06,0.0,37,0.0,1.1018069926649332e-05,2.7733808565244544e-06,3.7016811802459415e-06,4.543007889878936e-06,0.0,30,0.1428571428571428,1.412586061633192e-05,4.251228801877005e-06,5.941786184848752e-06,3.932846539100865e-06,0.0,29,0.0
64,3200,1.2717197932943236e-05,3.726758905031602e-06,4.64231970909168e-06,4.3481195461936295e-06,0.0,33,0.1428571428571428,1.8588783859740943e-05,3.665041049316642e-06,8.327275281772017e-06,6.596467756025959e-06,0.0,35,0.0,8.692303708812688e-06,1.2145660548412709e-06,1.4762811133550713e-06,6.00145631324267e-06,0.0,28,0.1428571428571428,2.5104405722231604e-05,3.188253685948439e-06,1.7986909369938076e-05,3.9292431210924406e-06,0.0,35,0.1428571428571428,1.0601086614769883e-05,2.47538514486223e-06,3.837082658719737e-06,4.288619038561592e-06,0.0,36,0.1428571428571428,8.971863280748948e-06,1.5609010688422131e-06,3.386368462088285e-06,4.024594090878964e-06,0.0,28,0.1428571428571428,1.6505946405231953e-05,5.04425270264619e-06,6.628546088904841e-06,4.833148523175623e-06,0.0,37,0.0,1.028614042297704e-05,2.270585582664353e-06,3.500135790091008e-06,4.515419277595356e-06,0.0,30,0.1428571428571428,1.344294287264347e-05,3.7159541079745395e-06,5.836469426867552e-06,3.890519110427704e-06,0.0,29,0.0
65,3250,1.1173327038704883e-05,2.561053179306328e-06,4.281462679500692e-06,4.330810952524189e-06,0.0,33,0.1428571428571428,1.844796497607604e-05,3.508381041683606e-06,8.381708539673127e-06,6.557874712598277e-06,0.0,35,0.0,8.588529453845695e-06,1.151896071860392e-06,1.4758468296349747e-06,5.960785983916139e-06,0.0,28,0.1428571428571428,2.876788857975044e-05,4.070682734891307e-06,2.08033907256322e-05,3.893815119226929e-06,0.0,34,0.1428571428571428,1.0135963748325594e-05,2.16703188016254e-06,3.714051445058432e-06,4.254880423104623e-06,0.0,36,0.1428571428571428,8.995365533337463e-06,1.6626278238618395e-06,3.3414642075513257e-06,3.99127338823746e-06,0.0,28,0.1428571428571428,1.533489194116555e-05,3.9734022720949724e-06,6.588594260392711e-06,4.7728958634252194e-06,0.0,36,0.0,9.861767466645688e-06,1.8859906276702527e-06,3.487759386189282e-06,4.488018021220341e-06,0.0,30,0.1428571428571428,1.3956359907751903e-05,4.355978944659e-06,5.745988346461672e-06,3.854393071378581e-06,0.0,29,0.0
66,3300,1.0571655366220511e-05,2.085710775645566e-06,4.173101388005307e-06,4.312843429943314e-06,0.0,33,0.1428571428571428,1.838834396039601e-05,3.5887658214051044e-06,8.279983376269229e-06,6.519594535348006e-06,0.0,35,0.0,8.354123565368354e-06,1.018513444250857e-06,1.4156095176076633e-06,5.920001058257185e-06,0.0,28,0.1428571428571428,2.6468453143024817e-05,3.69871781913389e-06,1.885369056253694e-05,3.916044533980312e-06,0.0,34,0.1428571428571428,9.87082785286475e-06,1.939901494552032e-06,3.7102020087331766e-06,4.22072389483219e-06,0.0,36,0.1428571428571428,1.0615474820951931e-05,3.104766165051842e-06,3.552320777089335e-06,3.958387424063403e-06,0.0,28,0.1428571428571428,1.534528928459622e-05,4.073583568242611e-06,6.524566288135247e-06,4.747139882965712e-06,0.0,36,0.0,1.0053783626062796e-05,2.115861207130365e-06,3.476896836218657e-06,4.461025127966423e-06,0.0,30,0.1428571428571428,1.333645559498109e-05,3.8066414163040463e-06,5.698935183318099e-06,3.830878995358944e-06,0.0,29,0.0
67,3350,1.0969600225507747e-05,2.4677660803718027e-06,4.207547135592904e-06,4.294287009543041e-06,0.0,33,0.1428571428571428,1.807085209293291e-05,3.2905190892051905e-06,8.298698958242312e-06,6.481633135990705e-06,0.0,35,0.0,8.331830031238496e-06,1.0373760233051144e-06,1.4154753671391518e-06,5.878978754481068e-06,0.0,28,0.1428571428571428,2.683515049284324e-05,4.392186838231282e-06,1.85315620910842e-05,3.91140110878041e-06,0.0,34,0.1428571428571428,1.0966683475999162e-05,2.3015084025246324e-06,4.51903770226636e-06,4.146136689087143e-06,0.0,35,0.1428571428571428,8.700462785782292e-06,1.459845861973008e-06,3.3150820399896475e-06,3.9255346564459614e-06,0.0,28,0.1428571428571428,1.583789344294928e-05,4.454890131455613e-06,6.666266926913522e-06,4.716735475085443e-06,0.0,36,0.0,9.977948138839564e-06,2.0391648831719067e-06,3.5046339235123014e-06,4.434150014276384e-06,0.0,30,0.1428571428571428,1.3250488336780109e-05,3.834955805359641e-06,5.608772880805191e-06,3.8067589684942504e-06,0.0,29,0.0
68,3400,1.1795406862802338e-05,3.143910817016149e-06,4.376013293949654e-06,4.275482751836535e-06,0.0,33,0.1428571428571428,1.849111504270695e-05,3.923157692042878e-06,8.123746738419868e-06,6.444210157496855e-06,0.0,35,0.0,8.0589215940563e-06,8.374464641747181e-07,1.38370887725614e-06,5.837765911564929e-06,0.0,28,0.1428571428571428,2.55871782428585e-05,3.400833520572633e-06,1.8291959349880926e-05,3.894386281899642e-06,0.0,34,0.1428571428571428,1.0652393029886298e-05,2.328665459572221e-06,4.172052740614163e-06,4.15167551182094e-06,0.0,34,0.1428571428571428,8.633202014607377e-06,1.420519993189373e-06,3.319667257528636e-06,3.893014763889369e-06,0.0,28,0.1428571428571428,1.5196998901956247e-05,3.994983671873342e-06,6.522750027215807e-06,4.679265657614451e-06,0.0,36,0.0,1.039653579937294e-05,2.4080827643047087e-06,3.581054443202447e-06,4.407399046613136e-06,0.0,30,0.1428571428571428,1.315124609391205e-05,3.7920115119050024e-06,5.576966032094788e-06,3.7822687772859354e-06,0.0,29,0.0
69,3450,1.10291857708944e-05,2.5793910936044995e-06,4.193705080979271e-06,4.2560895963106304e-06,0.0,33,0.1428571428571428,2.363997737120372e-05,9.08620404516114e-06,8.146941581799183e-06,6.406832198990742e-06,0.0,35,0.0,8.391638402827084e-06,1.1800905213021906e-06,1.415541873939219e-06,5.796005552838324e-06,0.0,28,0.1428571428571428,2.560751818236895e-05,3.4417189453961328e-06,1.8298776922165416e-05,3.867021860060049e-06,0.0,34,0.1428571428571428,1.3788670003123116e-05,2.8069141535524977e-06,6.882281468278961e-06,4.099474608665332e-06,0.0,33,0.1428571428571428,9.248185051546898e-06,1.974394990611472e-06,3.4131510346924188e-06,3.860639026243007e-06,0.0,28,0.1428571428571428,1.6691617929609492e-05,5.44599561180803e-06,6.605252565350384e-06,4.640368842956377e-06,0.0,36,0.0,9.806757589103654e-06,1.986288680200232e-06,3.439537294980255e-06,4.3809313865494914e-06,0.0,30,0.1428571428571428,1.483852702222066e-05,5.475503257912351e-06,5.599835276370868e-06,3.76318803319009e-06,0.0,29,0.0
70,3500,1.0389549970568623e-05,2.0831932943110587e-06,4.069838723808061e-06,4.236518179823179e-06,0.0,33,0.1428571428571428,1.9755396351683885e-05,4.45690466222004e-06,8.92898333404446e-06,6.369508355419384e-06,0.0,35,0.0,8.10253550298512e-06,9.660301429903484e-07,1.3823496374243405e-06,5.754155154136242e-06,0.0,28,0.1428571428571428,2.5718600227264687e-05,3.520675818435848e-06,1.8365135474596173e-05,3.832789388980018e-06,0.0,34,0.1428571428571428,1.0905343515332788e-05,2.204436668762355e-06,4.656917099055136e-06,4.043989520141622e-06,0.0,32,0.1428571428571428,8.825591066852212e-06,1.666105049480393e-06,3.331217840241152e-06,3.828267836070154e-06,0.0,28,0.1428571428571428,1.5235069440677762e-05,4.037541202706052e-06,6.586676136066672e-06,4.610852101905039e-06,0.0,36,0.0,9.701019735075532e-06,1.9247006548539503e-06,3.4215911455248715e-06,4.354727479949361e-06,0.0,30,0.1428571428571428,1.2864685231761541e-05,3.6522367281577317e-06,5.468430572364014e-06,3.744017476492445e-06,0.0,29,0.0
71,3550,1.0404364729765804e-05,2.2543897557625314e-06,3.933480456908001e-06,4.216494289721595e-06,0.0,33,0.1428571428571428,1.80234983417904e-05,3.354749196660123e-06,8.336185601365287e-06,6.332563771138666e-06,0.0,35,0.0,7.843800631235354e-06,7.462454618689662e-07,1.3850637969881063e-06,5.7124912018480245e-06,0.0,28,0.1428571428571428,2.561889232310932e-05,3.517154254950583e-06,1.8293270841240883e-05,3.808466772170505e-06,0.0,34,0.1428571428571428,1.0506788385100664e-05,2.0488776044658152e-06,4.470433395908913e-06,3.987477157352259e-06,0.0,32,0.2857142857142857,8.421522579737939e-06,1.3508695246855495e-06,3.274632490501972e-06,3.7960205645504175e-06,0.0,28,0.1428571428571428,1.5744230040581897e-05,4.51470305051771e-06,6.648444923484931e-06,4.581082066579256e-06,0.0,36,0.0,9.66992047324311e-06,1.9003691704710943e-06,3.4409276850055903e-06,4.328624072513776e-06,0.0,30,0.1428571428571428,1.3960183423478156e-05,4.793309472006513e-06,5.442161636892706e-06,3.724711632457911e-06,0.0,29,0.0
72,3600,1.0368283255957069e-05,2.139290927516413e-06,4.032880951854168e-06,4.19611069446546e-06,0.0,33,0.1428571428571428,1.8315791749046184e-05,3.887569164362503e-06,8.132289622153621e-06,6.29593296253006e-06,0.0,35,0.0,7.857928721932694e-06,8.320792517224618e-07,1.3537716085920692e-06,5.6720773500273935e-06,0.0,28,0.1428571428571428,2.564537135185674e-05,3.5774651223619003e-06,1.828127460612449e-05,3.7866313959966647e-06,0.0,34,0.1428571428571428,1.035507557389792e-05,2.054067863355158e-06,4.372850526124239e-06,3.928156729671173e-06,0.0,32,0.2857142857142857,8.332928700838238e-06,1.3210077440817258e-06,3.2480156733072363e-06,3.763905169762438e-06,0.0,28,0.1428571428571428,1.5296645869966596e-05,4.208948666928336e-06,6.536687124025775e-06,4.551010533759836e-06,0.0,36,0.0,9.82763867796166e-06,2.086706444970332e-06,3.437969098740723e-06,4.302963134250604e-06,0.0,30,0.1428571428571428,1.2858047739428002e-05,3.697472948260838e-06,5.455397058540257e-06,3.705177505253232e-06,0.0,29,0.0
73,3650,1.2515558410086667e-05,3.951269263779977e-06,4.388727575133089e-06,4.175561116426252e-06,0.0,32,0.1428571428571428,1.886022437247448e-05,3.715265847858973e-06,8.885577699402347e-06,6.259380370465806e-06,0.0,35,0.0,8.008903932932299e-06,9.76379055828147e-07,1.396836751155206e-06,5.635688012262108e-06,0.0,28,0.1428571428571428,2.5068475224543363e-05,3.154791329507134e-06,1.814940696931444e-05,3.764276698348112e-06,0.0,34,0.1428571428571428,1.00037696029176e-05,1.8229874285680123e-06,4.3064242163382005e-06,3.87435784432455e-06,0.0,32,0.2857142857142857,8.559611160308123e-06,1.58973330144363e-06,3.228368541385862e-06,3.741509317478631e-06,0.0,28,0.1428571428571428,1.494952812208794e-05,3.829559318546671e-06,6.59970010019606e-06,4.5202682485978585e-06,0.0,36,0.0,1.0104426110046916e-05,2.3586503630212974e-06,3.4683480407693423e-06,4.277427706256276e-06,0.0,30,0.1428571428571428,1.424674155714456e-05,5.176455943001201e-06,5.38484709977638e-06,3.6854382869933033e-06,0.0,29,0.0
74,3700,1.100564441003371e-05,2.777622739813524e-06,4.073051968589425e-06,4.154969246883411e-06,0.0,32,0.1428571428571428,1.7993937944993377e-05,3.2239954634860624e-06,8.546999197278637e-06,6.222943284228677e-06,0.0,35,0.0,8.02632075647125e-06,1.0270058510286615e-06,1.399803636559227e-06,5.599511041509686e-06,0.0,28,0.1428571428571428,2.506758937670384e-05,3.204256472599809e-06,1.812202754081227e-05,3.7413039990497055e-06,0.0,34,0.1428571428571428,1.148679803009145e-05,3.241041895307717e-06,4.423963673616527e-06,3.8217926885408815e-06,0.0,32,0.2857142857142857,8.263782547146548e-06,1.3066323845123406e-06,3.234957148379181e-06,3.722192786881351e-06,0.0,28,0.1428571428571428,1.5003095541032964e-05,3.836495579889743e-06,6.674595624645008e-06,4.492003881750861e-06,0.0,36,0.0,9.733612387208268e-06,1.986016059163376e-06,3.4955567116412567e-06,4.252039161656285e-06,0.0,30,0.1428571428571428,1.2647691619349644e-05,3.5963657865067944e-06,5.385733857110608e-06,3.6655922031059163e-06,0.0,29,0.0
75,3750,1.156240796262864e-05,3.2546060992899584e-06,4.174345576757332e-06,4.133456513955025e-06,0.0,32,0.1428571428571428,1.8099606677424163e-05,3.49931588061736e-06,8.414078365603928e-06,6.1862119764555246e-06,0.0,35,0.0,7.601009201607667e-06,7.024721639936615e-07,1.334974285782664e-06,5.56356280867476e-06,0.0,28,0.1428571428571428,2.4830878828652203e-05,3.002438234034344e-06,1.8110327800968665e-05,3.71811165678082e-06,0.0,34,0.1428571428571428,9.77679155766964e-06,1.7891394463731558e-06,4.208919108350528e-06,3.7787328892591177e-06,0.0,32,0.2857142857142857,9.425930329598486e-06,2.465776333337999e-06,3.257512616983149e-06,3.702640697156312e-06,0.0,28,0.1428571428571428,1.5037025150377303e-05,3.905533503711922e-06,6.65544166622567e-06,4.476050435187062e-06,0.0,36,0.0,1.0224495781585574e-05,2.504990789020667e-06,3.492884161460097e-06,4.226620603731135e-06,0.0,30,0.1428571428571428,1.4106513845035806e-05,5.093988420412643e-06,5.367121502786176e-06,3.645403921836987e-06,0.0,29,0.0
76,3800,1.2584218893607613e-05,4.102380444237497e-06,4.370211627247045e-06,4.11162636737572e-06,0.0,32,0.1428571428571428,1.7502576156402938e-05,2.99275120596576e-06,8.360121682926547e-06,6.1497034948843066e-06,0.0,35,0.0,7.695161912124604e-06,8.292221878036798e-07,1.33827973058942e-06,5.527660505322274e-06,0.0,28,0.1428571428571428,2.493979445716832e-05,3.1214492537401384e-06,1.8123995687346905e-05,3.694348833960248e-06,0.0,34,0.1428571428571428,9.60574561759131e-06,1.6947087715379894e-06,4.17356977777672e-06,3.7374668409029255e-06,0.0,32,0.2857142857142857,9.043594218383078e-06,2.067187551801908e-06,3.291881284894771e-06,3.684525609060074e-06,0.0,28,0.1428571428571428,1.4888755686115474e-05,3.754920271603624e-06,6.674065843981225e-06,4.459769115783274e-06,0.0,36,0.0,9.892334674077574e-06,2.27398277274915e-06,3.4168976981163723e-06,4.201454430585727e-06,0.0,30,0.1428571428571428,1.6405663700425066e-05,7.490874850191176e-06,5.289525233820314e-06,3.6252647532819537e-06,0.0,29,0.0
77,3850,1.1469099263194948e-05,3.2378579817304853e-06,4.141742920182878e-06,4.089497906534234e-06,0.0,32,0.1428571428571428,1.768121001077816e-05,3.1351471534435404e-06,8.432631148025393e-06,6.113430572440848e-06,0.0,35,0.0,8.152078407874797e-06,1.294695607612084e-06,1.365526600238809e-06,5.491855972650228e-06,0.0,28,0.1428571428571428,2.486975063220597e-05,3.152812269036076e-06,1.804646672098897e-05,3.670471187433577e-06,0.0,34,0.1428571428571428,9.543146916257683e-06,1.7050308542820858e-06,4.140436885791132e-06,3.6976789488107897e-06,0.0,32,0.2857142857142857,8.403907486354001e-06,1.474809891988116e-06,3.256068566770409e-06,3.6730291412823135e-06,0.0,28,0.1428571428571428,1.47314349305816e-05,3.750663836399326e-06,6.53564302410814e-06,4.445127615326783e-06,0.0,35,0.0,9.534416676615363e-06,1.9328751932334853e-06,3.424978103794274e-06,4.1765638343349565e-06,0.0,30,0.1428571428571428,1.2490267181419767e-05,3.6648141303885495e-06,5.220631464908365e-06,3.6048213587491773e-06,0.0,29,0.0
78,3900,9.843681255006231e-06,1.943335291798576e-06,3.83318547392264e-06,4.06716026191134e-06,0.0,32,0.1428571428571428,1.775731288944371e-05,3.043551942027989e-06,8.63649165694369e-06,6.077269063098356e-06,0.0,35,0.0,7.492786153306952e-06,7.157556751735683e-07,1.3210186580181471e-06,5.456011876958655e-06,0.0,28,0.1428571428571428,2.461141048115678e-05,2.971796675410588e-06,1.799324127205182e-05,3.646371169452322e-06,0.0,34,0.1428571428571428,9.465921721130144e-06,1.7153217868326465e-06,4.09282529290067e-06,3.657774868770504e-06,0.0,32,0.2857142857142857,8.142150363710243e-06,1.267753532374627e-06,3.2133880267792847e-06,3.661009031930007e-06,0.0,28,0.1428571428571428,1.5256666301866062e-05,4.120230187254492e-06,6.70860299578635e-06,4.4278335735725705e-06,0.0,35,0.1428571428571428,1.0178475349675864e-05,2.5413389721506974e-06,3.485208935671835e-06,4.1519269871059805e-06,0.0,30,0.1428571428571428,1.3348804714041762e-05,4.5645710997632705e-06,5.200056875764858e-06,3.5841771932609845e-06,0.0,29,0.0
79,3950,1.0133971954928713e-05,2.2252222606766736e-06,3.86431383958552e-06,4.0444360820401926e-06,0.0,32,0.1428571428571428,1.751861782395281e-05,2.938159013865516e-06,8.539004738850053e-06,6.041454525984591e-06,0.0,35,0.0,7.484049547201721e-06,7.663920769118704e-07,1.2975611980436952e-06,5.420096385932993e-06,0.0,28,0.1428571428571428,2.5450126486248337e-05,3.713197656907141e-06,1.811478614399676e-05,3.6221431400917936e-06,0.0,34,0.1428571428571428,9.42648148338776e-06,1.684283802205755e-06,4.113251179660438e-06,3.6289463878347306e-06,0.0,31,0.2857142857142857,8.523537871951703e-06,1.6707771237634006e-06,3.203960432074382e-06,3.648800429800758e-06,0.0,28,0.1428571428571428,1.4812248991802336e-05,3.785907438214053e-06,6.622607088502264e-06,4.403733782964991e-06,0.0,35,0.1428571428571428,1.1741356502170676e-05,4.134013579459861e-06,3.479846100162831e-06,4.127497049921658e-06,0.0,30,0.1428571428571428,1.2130525647080503e-05,3.340092689541052e-06,5.227097062743269e-06,3.563336122169858e-06,0.0,29,0.0
80,4000,9.934298759617375e-06,2.086806489387527e-06,3.826056854450144e-06,4.021435415779706e-06,0.0,32,0.1428571428571428,1.7620983271626756e-05,3.1212789508572314e-06,8.493869245285168e-06,6.005834620737005e-06,0.0,35,0.0,7.28201302990783e-06,6.039778099875548e-07,1.29356362776889e-06,5.384471478464548e-06,0.0,28,0.1428571428571428,2.5905876100296155e-05,4.202062882541213e-06,1.810660796763841e-05,3.5972036585008027e-06,0.0,33,0.1428571428571428,9.36241394811077e-06,1.7942178374141804e-06,3.966790700360434e-06,3.6014055240229936e-06,0.0,31,0.2857142857142857,1.023165532387793e-05,3.292625251560821e-06,3.302674713268061e-06,3.636355813796399e-06,0.0,28,0.1428571428571428,1.4844234101474283e-05,3.773886419367045e-06,6.684496838715859e-06,4.38585038864403e-06,0.0,35,0.1428571428571428,9.460576620767824e-06,1.925830019899877e-06,3.431675168030779e-06,4.103071205463493e-06,0.0,30,0.1428571428571428,1.2607206372194923e-05,3.7826453080924693e-06,5.2820396376773715e-06,3.5425214264250826e-06,0.0,29,0.0
81,4050,9.918616342474706e-06,2.147982968381257e-06,3.7724241792602697e-06,3.998208740085829e-06,0.0,32,0.1428571428571428,2.1110274246893823e-05,5.60052876608097e-06,9.5392560979235e-06,5.970488018647302e-06,0.0,35,0.0,7.282301794475643e-06,6.371394078996673e-07,1.2904696404802962e-06,5.354692802939098e-06,0.0,27,0.1428571428571428,2.485886579961516e-05,3.2957811981759733e-06,1.7986450984608382e-05,3.576634071578156e-06,0.0,33,0.1428571428571428,9.50453795667272e-06,1.7958018361241557e-06,4.135192284593359e-06,3.573543608581531e-06,0.0,31,0.2857142857142857,9.146096999756992e-06,2.256686684631859e-06,3.265751047365484e-06,3.623659267759649e-06,0.0,28,0.1428571428571428,1.4986424503149465e-05,3.8269317883532494e-06,6.789044164179359e-06,4.370449005364208e-06,0.0,35,0.1428571428571428,9.584162398823535e-06,2.0715594928333303e-06,3.435167627685587e-06,4.077434823557269e-06,0.0,29,0.1428571428571428,1.2231188520672731e-05,3.5727350677916547e-06,5.136985237186309e-06,3.521467988321092e-06,0.0,29,0.0
82,4100,9.674631655798294e-06,1.91361732504447e-06,3.786189381571603e-06,3.974825176555896e-06,0.0,32,0.1428571428571428,1.95751890714746e-05,5.254298230283894e-06,8.385471119254362e-06,5.935420176683692e-06,0.0,35,0.0,1.1189335054950789e-05,2.259231678181095e-06,3.535993755576783e-06,5.394109393819235e-06,0.0,26,0.2857142857142857,2.479207432770636e-05,3.272463573011919e-06,1.7962644051294774e-05,3.556966930773342e-06,0.0,33,0.1428571428571428,9.141343980445528e-06,1.6703123719707946e-06,3.9254264265764505e-06,3.5456055229587946e-06,0.0,31,0.2857142857142857,8.861086826073006e-06,2.091872147502727e-06,3.1582164865540108e-06,3.6109979646425927e-06,0.0,28,0.1428571428571428,1.4979192201280966e-05,3.82548523703008e-06,6.799018137826352e-06,4.354688826424535e-06,0.0,35,0.1428571428571428,9.844288797467016e-06,2.376289330641157e-06,3.4164991120633204e-06,4.051500582136214e-06,0.0,29,0.1428571428571428,1.193405933008762e-05,3.2059258501249133e-06,5.228194368100958e-06,3.4999395666091004e-06,0.0,28,0.0
83,4150,1.0881599337153602e-05,3.0095170586719178e-06,3.920868948625866e-06,3.951213329855818e-06,0.0,32,0.1428571428571428,1.801183861971367e-05,3.0564970074919984e-06,9.054971997102255e-06,5.900369160372065e-06,0.0,35,0.0,1.2430875358404592e-05,2.386201231274754e-06,4.6042919166211504e-06,5.440382210508687e-06,0.0,25,0.2857142857142857,2.424966260150541e-05,2.8805518468288938e-06,1.7831915101851337e-05,3.537195198077825e-06,0.0,33,0.1428571428571428,9.01022031030152e-06,1.6274215113298851e-06,3.865310645778664e-06,3.5174884942534845e-06,0.0,31,0.2857142857142857,8.927080671128351e-06,2.171965888919658e-06,3.157007540721679e-06,3.598107696234365e-06,0.0,28,0.1428571428571428,1.4906485375831837e-05,3.709732254719711e-06,6.858218512206804e-06,4.338533926784294e-06,0.0,35,0.1428571428571428,9.551340554025955e-06,2.12200689020392e-06,3.4002418942691293e-06,4.02909108743188e-06,0.0,29,0.1428571428571428,1.3180345376895275e-05,4.487602836888982e-06,5.223059361014748e-06,3.4696834063652204e-06,0.0,28,0.14285714285714285
84,4200,9.831198440224398e-06,2.291700866408064e-06,3.6122200981481e-06,3.927277248294558e-06,0.0,32,0.1428571428571428,1.775236160028726e-05,3.429171329116798e-06,8.457511285087094e-06,5.865679668204393e-06,0.0,35,0.0,1.0566784112597816e-05,1.8332078752791856e-06,3.2758562156232074e-06,5.457719453261234e-06,0.0,24,0.2857142857142857,2.4275610485346988e-05,2.950725956907263e-06,1.780739148671273e-05,3.517492814353318e-06,0.0,33,0.1428571428571428,8.900426109903492e-06,1.577142825226474e-06,3.833862137980759e-06,3.48942057826207e-06,0.0,31,0.2857142857142857,7.95241430751048e-06,1.227824441230041e-06,3.139471573376796e-06,3.5851180655299686e-06,0.0,28,0.1428571428571428,1.5652423826395534e-05,4.297727627999848e-06,7.032471785350936e-06,4.322224867792102e-06,0.0,35,0.1428571428571428,9.40294012252707e-06,1.968660171769443e-06,3.4276536098332144e-06,4.006625658803387e-06,0.0,29,0.1428571428571428,1.182516643893905e-05,3.1987317470338894e-06,5.177535058464855e-06,3.448898951319279e-06,0.0,28,0.14285714285714285
85,4250,1.0289944839314558e-05,2.501042445146595e-06,3.8855573620821815e-06,3.903344349964755e-06,0.0,32,0.1428571428571428,1.7694139387458563e-05,2.8964470857317792e-06,8.966572750068735e-06,5.831118869537022e-06,0.0,35,0.0,1.4651031960966066e-05,3.6489816466200864e-06,5.663116098730825e-06,5.338933988241479e-06,0.0,22,0.2857142857142857,2.421662065899e-05,2.944891775769065e-06,1.777407123881858e-05,3.497658553897054e-06,0.0,33,0.1428571428571428,8.934719517128542e-06,1.6564816860409335e-06,3.81691324946587e-06,3.461324240561225e-06,0.0,31,0.2857142857142857,8.303471986437216e-06,1.5872228686930612e-06,3.143960611851071e-06,3.57228873326676e-06,0.0,28,0.1428571428571428,1.4994830962677952e-05,3.730423941306072e-06,6.958757694519591e-06,4.305648872104939e-06,0.0,35,0.1428571428571428,9.54974711930845e-06,2.129374934156658e-06,3.435955022723647e-06,3.9844167076807935e-06,0.0,29,0.1428571428571428,1.4510416804114357e-05,5.910972504352685e-06,5.1671959226951e-06,3.4322483770665713e-06,0.0,28,0.14285714285714285
86,4300,9.509321898804046e-06,1.955342440851382e-06,3.6747446756635327e-06,3.879234554915456e-06,0.0,32,0.1428571428571428,1.747003807395231e-05,2.879022076740512e-06,8.794118912192062e-06,5.796896857646061e-06,0.0,35,0.0,1.2092022188880946e-05,2.615969151520403e-06,4.187283593637403e-06,5.28876944372314e-06,0.0,22,0.2857142857142857,2.4859577024471943e-05,3.582523049772135e-06,1.779924969014246e-05,3.477803602436325e-06,0.0,33,0.1428571428571428,8.798277121968567e-06,1.532960936856398e-06,3.8321622923831455e-06,3.433153324294836e-06,0.0,31,0.2857142857142857,8.126811735564843e-06,1.458282667954336e-06,3.1092617973627057e-06,3.559267724995152e-06,0.0,28,0.1428571428571428,1.5328736481023952e-05,4.091351001989096e-06,6.948424925212748e-06,4.288960099074757e-06,0.0,35,0.1428571428571428,9.536779543850573e-06,2.163259523513261e-06,3.411085799598368e-06,3.962434220738942e-06,0.0,29,0.1428571428571428,1.2073609468643554e-05,3.5149421364621958e-06,5.143360340298386e-06,3.415307219256647e-06,0.0,28,0.14285714285714285
87,4350,9.366324775328394e-06,1.862258841356379e-06,3.649269274319522e-06,3.854796887026168e-06,0.0,32,0.1428571428571428,1.7807289623306133e-05,3.0289054393506376e-06,9.015550858748613e-06,5.762832643085858e-06,0.0,35,0.0,1.0982273124682251e-05,2.3672102997807087e-06,3.405326424399391e-06,5.209736627875827e-06,0.0,22,0.2857142857142857,2.5033130441443063e-05,3.810646148849628e-06,1.7764368749340065e-05,3.458115770627046e-06,0.0,33,0.1428571428571428,8.65762649482349e-06,1.5114291045392747e-06,3.7414224607346114e-06,3.40477458848909e-06,0.0,31,0.2857142857142857,1.0410225513624027e-05,3.437281748119858e-06,3.4267256978637306e-06,3.546217612893088e-06,0.0,28,0.1428571428571428,1.5363031707238406e-05,4.021503173134988e-06,7.069554158078972e-06,4.271973921277095e-06,0.0,35,0.1428571428571428,1.0383781045675278e-05,2.8508013656391995e-06,3.5922892038797727e-06,3.940690930903656e-06,0.0,29,0.1428571428571428,1.2367646377242636e-05,3.854986061924137e-06,5.11449616169557e-06,3.398164153622929e-06,0.0,28,0.14285714285714285
88,4400,9.361345291836187e-06,1.912053448904772e-06,3.618886921685771e-06,3.83040514861932e-06,0.0,32,0.1428571428571428,1.770596281858161e-05,3.083687943217228e-06,8.893343874660786e-06,5.728930773329921e-06,0.0,35,0.0,9.625191523809916e-06,1.5427164044012898e-06,2.971529283968266e-06,5.110945949127199e-06,0.0,22,0.2857142857142857,2.3959377358551137e-05,2.826314585036016e-06,1.7694726921035908e-05,3.4383360798528884e-06,0.0,33,0.1428571428571428,9.101057003135791e-06,1.902167809930688e-06,3.822245616902364e-06,3.376644144736929e-06,0.0,31,0.2857142857142857,7.818167432560585e-06,1.2020644817312132e-06,3.0830833566142246e-06,3.5330192531546345e-06,0.0,28,0.1428571428571428,1.5156332665355876e-05,3.880178610415896e-06,7.020541033853078e-06,4.255613475834252e-06,0.0,34,0.1428571428571428,1.2515704838733654e-05,4.983869985153433e-06,3.612685759435408e-06,3.919149094144814e-06,0.0,29,0.1428571428571428,1.183470794785535e-05,3.25119549415831e-06,5.2013724598509725e-06,3.3821397664723918e-06,0.0,28,0.14285714285714285
89,4450,9.166398740489967e-06,1.7229187960765555e-06,3.64269681085716e-06,3.800782678808901e-06,0.0,31,0.1428571428571428,1.811311267374549e-05,3.6947251373931054e-06,8.723035534785595e-06,5.695351774193114e-06,0.0,35,0.0,9.1201436589472e-06,1.434494834029465e-06,2.669801006049965e-06,5.01584827361512e-06,0.0,22,0.2857142857142857,2.3907765353214927e-05,2.837704414559994e-06,1.7651589587330818e-05,3.418472942939843e-06,0.0,33,0.1428571428571428,8.528930266038515e-06,1.478187527936825e-06,3.701884907059138e-06,3.348857717355713e-06,0.0,30,0.2857142857142857,8.431347851001192e-06,1.7499787645647302e-06,3.1613039936928544e-06,3.520064865369932e-06,0.0,28,0.1428571428571428,1.7568123439559713e-05,4.36129857916967e-06,8.993046321847942e-06,4.2137771743000485e-06,0.0,33,0.2857142857142857,9.53357812250033e-06,2.1845278297405457e-06,3.451346856309101e-06,3.897702754329657e-06,0.0,29,0.1428571428571428,1.1601785445236601e-05,3.0008227440703195e-06,5.230790065979818e-06,3.3701726351864636e-06,0.0,28,0.14285714285714285
90,4500,9.1681595222326e-06,1.940779156939243e-06,3.4613149182405323e-06,3.766065219679149e-06,0.0,31,0.2857142857142857,1.9154878827976063e-05,4.568067197396886e-06,8.915052603697404e-06,5.671758572134422e-06,0.0,35,0.0,8.813613021629862e-06,1.4122375660008402e-06,2.468330876581604e-06,4.9330442379869055e-06,0.0,22,0.2857142857142857,2.3876948034740053e-05,2.837412921508076e-06,1.76409103005426e-05,3.3986257221840788e-06,0.0,33,0.1428571428571428,9.24524192669196e-06,2.059465941783856e-06,3.868232397508109e-06,3.317543587399996e-06,0.0,30,0.2857142857142857,7.900700438767672e-06,1.328116240983945e-06,3.065646069444483e-06,3.5069383557129186e-06,0.0,28,0.1428571428571428,1.622540548851248e-05,3.947130153392209e-06,8.06714433565503e-06,4.211131908959942e-06,0.0,32,0.2857142857142857,9.43560189625714e-06,2.108779881382361e-06,3.4504503219068283e-06,3.876371920341626e-06,0.0,29,0.1428571428571428,1.167791742773261e-05,3.081912382185692e-06,5.23813196195988e-06,3.357872856213362e-06,0.0,28,0.14285714285714285
91,4550,9.05138222151436e-06,1.7703944195091026e-06,3.537288648658432e-06,3.7436993807205e-06,0.0,31,0.2857142857142857,1.750567571434658e-05,2.8740873858623672e-06,8.97967674973188e-06,5.651910669257632e-06,0.0,35,0.0,8.60820000525564e-06,1.3933318996350863e-06,2.356126742597553e-06,4.858741249336163e-06,0.0,22,0.2857142857142857,2.3762731871102005e-05,2.806380962283584e-06,1.7577485778019764e-05,3.378866267667036e-06,0.0,33,0.1428571428571428,8.602529305790085e-06,1.5521975456067594e-06,3.763755785257672e-06,3.286576202299329e-06,0.0,30,0.2857142857142857,7.708655175520107e-06,1.1589053201532806e-06,3.0560465802409453e-06,3.493702934065368e-06,0.0,28,0.1428571428571428,1.6216174117289484e-05,4.063113919983152e-06,7.943465789139736e-06,4.209593498671893e-06,0.0,32,0.2857142857142857,9.309978850069456e-06,1.997627805394586e-06,3.457038019405445e-06,3.855312570522074e-06,0.0,29,0.1428571428571428,1.1784874004661106e-05,3.2649008971930016e-06,5.174554189579794e-06,3.3454191452619852e-06,0.0,28,0.14285714285714285
92,4600,9.046798368217424e-06,1.7029711898430833e-06,3.622433496275335e-06,3.721393568412168e-06,0.0,31,0.2857142857142857,1.760948362061754e-05,2.831825668181409e-06,9.145476724370384e-06,5.632182364934124e-06,0.0,35,0.0,8.132577931974083e-06,1.1042601499866578e-06,2.228963239758741e-06,4.799354428541847e-06,0.0,22,0.2857142857142857,2.4091354134725407e-05,3.132685151285841e-06,1.759959923219867e-05,3.359068614372518e-06,0.0,33,0.1428571428571428,8.570263162255287e-06,1.4895655340296798e-06,3.819378889602376e-06,3.2613190796837443e-06,0.0,30,0.2857142857142857,9.014564056997187e-06,2.449937255732948e-06,3.084027412114665e-06,3.480599843896925e-06,0.0,28,0.1428571428571428,1.5839697880437598e-05,3.866937277052784e-06,7.773513061692938e-06,4.199248905933928e-06,0.0,32,0.2857142857142857,1.0007036507886369e-05,2.6416605578560848e-06,3.530944013618864e-06,3.83443193641142e-06,0.0,29,0.1428571428571428,1.2161490303697065e-05,3.6751575862581376e-06,5.153451184014557e-06,3.3328813060506945e-06,0.0,28,0.14285714285714285
93,4650,8.9493178165867e-06,1.704456167317403e-06,3.545720119291218e-06,3.699141643664916e-06,0.0,31,0.2857142857142857,1.8078626453643665e-05,3.230101810913766e-06,9.236097866960336e-06,5.612426775769563e-06,0.0,35,0.0,8.240129318437539e-06,1.3317179536898038e-06,2.158966708520893e-06,4.749444997287355e-06,0.0,21,0.2857142857142857,2.375397707510274e-05,2.891785698011517e-06,1.752287607814651e-05,3.3393146168236854e-06,0.0,33,0.1428571428571428,8.361678737855982e-06,1.3833652019457077e-06,3.7314357541617937e-06,3.246877668061643e-06,0.0,29,0.2857142857142857,7.703845767537132e-06,1.1913851949429954e-06,3.0450703434325987e-06,3.4673903428483754e-06,0.0,28,0.1428571428571428,1.57694703375455e-05,3.849952463497175e-06,7.73478859628085e-06,4.184728823020123e-06,0.0,32,0.2857142857142857,9.266004781238736e-06,2.012086952163372e-06,3.440119598963065e-06,3.8137982301122975e-06,0.0,29,0.1428571428571428,1.1362730219843797e-05,2.7705025331670186e-06,5.272241651255172e-06,3.319985580674256e-06,0.0,28,0.14285714285714285
94,4700,9.556556506140623e-06,2.2873816760693444e-06,3.5923260384151945e-06,3.67684901902976e-06,0.0,31,0.2857142857142857,1.883154072856996e-05,4.218697085889289e-06,9.02004376257537e-06,5.592799425357953e-06,0.0,35,0.0,8.02442809799686e-06,1.1865630540341954e-06,2.110791228915332e-06,4.727074156107847e-06,0.0,21,0.2857142857142857,2.358497295062989e-05,2.7664082153933123e-06,1.7498958186479285e-05,3.319606094009941e-06,0.0,33,0.1428571428571428,8.255542525148485e-06,1.385216251037491e-06,3.6429285046324367e-06,3.2273981105390703e-06,0.0,29,0.4285714285714285,7.66059929446783e-06,1.1626033256106894e-06,3.0438138765020994e-06,3.454182660789229e-06,0.0,28,0.1428571428571428,1.565514139656443e-05,3.858719992422266e-06,7.633809218532406e-06,4.162611730862409e-06,0.0,32,0.2857142857142857,9.162962669506667e-06,1.945520352819585e-06,3.423978569117025e-06,3.793464202317409e-06,0.0,29,0.1428571428571428,1.2020044778182637e-05,3.485788056423189e-06,5.2271707318141125e-06,3.30708576257166e-06,0.0,28,0.14285714285714285
95,4750,9.130165381066035e-06,1.9218198303860845e-06,3.5515947729436448e-06,3.656750550362631e-06,0.0,31,0.2857142857142857,1.745888584991917e-05,2.789738800856867e-06,9.095912901102564e-06,5.5732343753334135e-06,0.0,35,0.0,8.090166375041008e-06,1.2657836805374243e-06,2.1174666926526697e-06,4.706916570285102e-06,0.0,21,0.2857142857142857,2.392824353592005e-05,3.119374014204368e-06,1.7508915334474295e-05,3.299954187241383e-06,0.0,33,0.1428571428571428,8.308165888593066e-06,1.3893528603148295e-06,3.71076271221682e-06,3.208050429748255e-06,0.0,29,0.4285714285714285,8.799383067525923e-06,2.275481165270321e-06,3.082818466282333e-06,3.441082981225918e-06,0.0,28,0.1428571428571428,1.5671153960283846e-05,3.874623416777467e-06,7.656428351765499e-06,4.140102646488231e-06,0.0,32,0.2857142857142857,9.725311429065188e-06,2.4980374746519374e-06,3.4542188132036244e-06,3.773054913835949e-06,0.0,29,0.1428571428571428,1.1254267519689165e-05,2.7284299903840292e-06,5.231747763900785e-06,3.2940895380306756e-06,0.0,28,0.14285714285714285
96,4800,8.863615221343935e-06,1.703270640973642e-06,3.5103103073197417e-06,3.6500339319900377e-06,0.0,31,0.2857142857142857,1.769177288224455e-05,2.8353208563203225e-06,9.302548278355973e-06,5.5539044296892826e-06,0.0,35,0.0,7.736577572359238e-06,1.0235178251605248e-06,2.0269412743800785e-06,4.68611870019231e-06,0.0,21,0.2857142857142857,2.34947438002564e-05,2.752409272943624e-06,1.7462018149672076e-05,3.2803168323880527e-06,0.0,33,0.1428571428571428,8.118524419842288e-06,1.3411881809588522e-06,3.579598114811233e-06,3.1977381240722025e-06,0.0,29,0.4285714285714285,7.56866666051792e-06,1.1414107348173277e-06,2.9994330361660104e-06,3.42782300322142e-06,0.0,28,0.1428571428571428,1.5559315215796232e-05,3.819142875727266e-06,7.610848570038797e-06,4.129324679524871e-06,0.0,32,0.2857142857142857,9.0455550889601e-06,1.90904665942071e-06,3.383614739504992e-06,3.7528934626607216e-06,0.0,29,0.1428571428571428,1.1660248674161267e-05,3.1132415188039886e-06,5.265911568130832e-06,3.2810955872264458e-06,0.0,28,0.14285714285714285
97,4850,8.673612683196552e-06,1.6517013818884152e-06,3.3789078770496417e-06,3.643003083197982e-06,0.0,31,0.2857142857142857,1.8894766981247813e-05,3.6366259337228257e-06,9.72359430306824e-06,5.534546289709397e-06,0.0,35,0.0,7.682398063479923e-06,1.0330197710572977e-06,1.984028813240002e-06,4.665349479182623e-06,0.0,21,0.2857142857142857,2.420728196739219e-05,3.376189624759718e-06,1.7570362615515478e-05,3.260729044995969e-06,0.0,33,0.1428571428571428,8.275143954961095e-06,1.4242315273804709e-06,3.663554252852919e-06,3.1873582884145435e-06,0.0,29,0.4285714285714285,7.831797120161355e-06,1.405498096573865e-06,3.011545004483196e-06,3.414754246477969e-06,0.0,28,0.1428571428571428,1.6257999959634617e-05,4.45261093773297e-06,7.687148354307283e-06,4.1182420318364166e-06,0.0,32,0.2857142857142857,9.665393918112386e-06,2.3977888758963672e-06,3.5345401556696743e-06,3.733064659172669e-06,0.0,29,0.1428571428571428,1.1509530850162264e-05,2.9043924314464675e-06,5.337110451364424e-06,3.2680284220987232e-06,0.0,28,0.14285714285714285
98,4900,9.072695320355706e-06,2.0216534721839707e-06,3.4152458283642773e-06,3.635796474554809e-06,0.0,31,0.2857142857142857,1.7465214114054106e-05,2.825138835760299e-06,9.124674761551432e-06,5.515400061995024e-06,0.0,35,0.0,8.003751645446755e-06,1.4088441275816876e-06,1.950423211383168e-06,4.6444843064819e-06,0.0,21,0.2857142857142857,2.3313536075875163e-05,2.732186430876027e-06,1.7340244085062295e-05,3.2411053325631656e-06,0.0,33,0.1428571428571428,8.052823432080913e-06,1.3381403505263734e-06,3.5378716347622685e-06,3.176811560479109e-06,0.0,29,0.4285714285714285,8.475813956465572e-06,2.0249287899787305e-06,3.049468432436697e-06,3.401416506676469e-06,0.0,27,0.1428571428571428,1.573338158777915e-05,4.064440872753039e-06,7.562293831142597e-06,4.106646429136163e-06,0.0,32,0.2857142857142857,9.865258107311092e-06,2.638684918565559e-06,3.513411002131761e-06,3.713162186613772e-06,0.0,29,0.1428571428571428,1.324493314314168e-05,4.6912914513086434e-06,5.298763881000923e-06,3.254877356084762e-06,0.0,28,0.14285714285714285
99,4950,8.606450137449428e-06,1.5940112234602566e-06,3.384091314728721e-06,3.628347712947289e-06,0.0,31,0.2857142857142857,2.0602041331585497e-05,6.316081453405786e-06,8.78955233929446e-06,5.4964079936326016e-06,0.0,35,0.0,1.0257336725771893e-05,3.477003701846116e-06,2.1566477244050475e-06,4.6236855268944055e-06,0.0,21,0.2857142857142857,2.3748702005832456e-05,3.1730930913909106e-06,1.7354104784317315e-05,3.2215043574979063e-06,0.0,33,0.1428571428571428,7.934710083645768e-06,1.322507273471274e-06,3.446102027737652e-06,3.1661008961236803e-06,0.0,29,0.4285714285714285,7.510119758080691e-06,1.126703864429146e-06,2.99809630632808e-06,3.3853195873234654e-06,0.0,27,0.2857142857142857,1.547567080706358e-05,3.874594312947011e-06,7.50634353607893e-06,4.09473341278499e-06,0.0,32,0.2857142857142857,9.790957847144456e-06,2.5662302505224943e-06,3.5310933981236303e-06,3.69363419849833e-06,0.0,29,0.1428571428571428,1.1449445992184337e-05,2.9425279990391573e-06,5.265211711957818e-06,3.2417065085610375e-06,0.0,28,0.14285714285714285
100,5000,1.0520036084926687e-05,3.1370925626106327e-06,3.762112100957893e-06,3.6208307392371353e-06,0.0,31,0.2857142857142857,1.860580960055813e-05,3.463123675828683e-06,9.66548850556137e-06,5.477197646541754e-06,0.0,35,0.0,7.397366971417796e-06,9.084834573513944e-07,1.885944129753625e-06,4.602939497999614e-06,0.0,21,0.2857142857142857,2.33344853768358e-05,2.815098014252726e-06,1.731776137603447e-05,3.2016262139222817e-06,0.0,33,0.1428571428571428,8.968059773906134e-06,1.962079068107414e-06,3.850459506793413e-06,3.1555205168842804e-06,0.0,29,0.4285714285714285,9.58215241553262e-06,3.1590313938068e-06,3.055540673813084e-06,3.36758012053906e-06,0.0,27,0.2857142857142857,1.566865284985397e-05,4.025001544505358e-06,7.561217898910399e-06,4.082433406438213e-06,0.0,32,0.2857142857142857,9.8885011539096e-06,2.772552079477464e-06,3.4417080314597115e-06,3.674241497719777e-06,0.0,28,0.1428571428571428,1.1701455150614493e-05,3.232264134567231e-06,5.240719019639073e-06,3.228471541660838e-06,0.0,28,0.14285714285714285
