,epoch,decoder_0,sindy_x_0,reg_0,sindy_z_0,active_coeffs_0,epoch_1,decoder_1,sindy_x_1,reg_1,sindy_z_1,active_coeffs_1,epoch_2,decoder_2,sindy_x_2,reg_2,sindy_z_2,active_coeffs_2,epoch_3,decoder_3,sindy_x_3,reg_3,sindy_z_3,active_coeffs_3,epoch_4,decoder_4,sindy_x_4,reg_4,sindy_z_4,active_coeffs_4,decoder_avg,sindy_x_avg,reg_avg,sindy_z_avg,active_coeffs_avg
0,1.0,0.3259662687778473,0.0010455285664647818,4.995058770873584e-05,0.0,60.0,1.0,0.29317501187324524,0.0012456024996936321,4.995059498469345e-05,0.0,60.0,1.0,0.2978828549385071,0.001571470987983048,4.995059862267226e-05,0.0,60.0,1.0,0.3187210261821747,0.0010103590320795774,4.9950591346714646e-05,0.0,60.0,1.0,0.355477899312973,0.0012651259312406182,4.995058770873584e-05,0.0,60.0,0.3182446122169495,0.0012276174034923316,4.995059207431041e-05,0.0,60.0
1,51.0,0.0866575762629509,0.0010459350887686014,4.754881592816673e-05,0.0,60,51.0,0.0969298705458641,0.0012455644318833947,4.749715299112722e-05,0.0,60,51.0,0.09616214036941528,0.001573835383169353,4.7477875341428444e-05,0.0,60,51.0,0.09110241383314133,0.0010366708738729358,4.793419793713838e-05,0.0,60,51.0,0.09254202991724014,0.0012651272118091583,4.748154242406599e-05,0.0,60,0.09267880618572236,0.0012334265979006887,4.7587916924385354e-05,0.0,60.0
2,101.0,0.08007944375276566,0.0010509098647162318,4.512375016929582e-05,0.0,60,101.0,0.07812565565109253,0.0013516227481886744,4.5173037506174296e-05,0.0,60,101.0,0.06746687740087509,0.0025713532231748104,4.4331794924801216e-05,0.0,60,101.0,0.0758867934346199,0.0010587594006210566,4.634980723494664e-05,0.0,60,101.0,0.07323034852743149,0.0012898081913590431,4.500229988479987e-05,0.0,60,0.07495782375335694,0.0014644906856119634,4.519613794400357e-05,0.0,60.0
3,151.0,0.04620608314871788,0.0012006732868030667,4.297907435102388e-05,0.0,60,151.0,0.050779204815626144,0.001357289613224566,4.3621057557174936e-05,0.0,60,151.0,0.04679781571030617,0.0021523681934922934,4.069144051754847e-05,0.0,60,151.0,0.04433189705014229,0.0010383346816524863,4.5539403799921274e-05,0.0,60,151.0,0.045880481600761414,0.0012955060228705406,4.3112017010571435e-05,0.0,60,0.04679909646511078,0.0014088343596085906,4.3188598647248005e-05,0.0,60.0
4,201.0,0.03486669063568115,0.001069784862920642,4.136697680223733e-05,0.0,60,201.0,0.0408376082777977,0.0013053391594439745,4.2598545405780897e-05,0.0,60,201.0,0.04092805087566376,0.0019335197284817696,3.880626172758639e-05,0.0,60,201.0,0.03596852347254753,0.0010146992281079292,4.470359272090718e-05,0.0,60,201.0,0.03652190417051315,0.0012706418056041002,4.148886364419013e-05,0.0,60,0.03782455548644066,0.0013187969569116833,4.179284806014039e-05,0.0,60.0
5,251.0,0.031233634799718857,0.00105572328902781,3.987600939581171e-05,0.0,60,251.0,0.03748274967074394,0.0012630639830604196,4.156705836066976e-05,0.0,60,251.0,0.03901190683245659,0.0018453807570040226,3.745956200873479e-05,0.0,60,251.0,0.03333573043346405,0.0010116274934262037,4.384181011118926e-05,0.0,60,251.0,0.03345949947834015,0.0012671166332438588,3.982730777352117e-05,0.0,60,0.03490470424294472,0.001288582431152463,4.0514349529985344e-05,0.0,60.0
6,301.0,0.029094822704792023,0.0010621966794133186,3.8619880797341466e-05,0.0,60,301.0,0.03480483964085579,0.0012759839883074164,4.058807826368138e-05,0.0,60,301.0,0.037869665771722794,0.0017809028504416347,3.63371436833404e-05,0.0,60,301.0,0.03114922344684601,0.0009854144882410765,4.3135121813975275e-05,0.0,60,301.0,0.03213853761553764,0.0012608830584213138,3.829833076451905e-05,0.0,60,0.03301141783595085,0.001273076212964952,3.939571106457152e-05,0.0,60.0
7,351.0,0.025839388370513916,0.0010409598471596837,3.752010525204241e-05,0.0,60,351.0,0.027190545573830605,0.0012380547123029828,3.961568290833384e-05,0.0,60,351.0,0.03600706905126572,0.0017291809199377894,3.5349276004126295e-05,0.0,60,351.0,0.02366926334798336,0.0009329283493570983,4.274954699212685e-05,0.0,60,351.0,0.03118235059082508,0.001245444524101913,3.712776015163399e-05,0.0,60,0.02877772338688374,0.0012373136705718935,3.847247426165268e-05,0.0,60.0
8,401.0,0.017375627532601357,0.0010913122678175569,3.691178062581457e-05,0.0,60,401.0,0.01789548061788082,0.0011670279782265425,3.899857256328687e-05,0.0,60,401.0,0.027535729110240936,0.0018854760564863682,3.420950088184327e-05,0.0,60,401.0,0.017581097781658173,0.0008696264121681452,4.235976666677743e-05,0.0,60,401.0,0.028293270617723465,0.001216198201291263,3.631784056778997e-05,0.0,60,0.021736241132020953,0.0012459281831979753,3.775949226110243e-05,0.0,60.0
9,451.0,0.013777962885797024,0.0009979242458939552,3.656746048363857e-05,0.0,60,451.0,0.013867611065506935,0.001041789073497057,3.8576763472519815e-05,0.0,60,451.0,0.019585980102419853,0.0017533255741000175,3.2659278076607734e-05,0.0,60,451.0,0.014126562513411045,0.0008331490098498762,4.203939170110971e-05,0.0,60,451.0,0.02095760777592659,0.0012315058847889304,3.548895620042458e-05,0.0,60,0.01646314486861229,0.0011715387576259674,3.7066369986860086e-05,0.0,60.0
10,501.0,0.011959291994571686,0.0009495582198724151,3.6178222217131406e-05,0.0,60,501.0,0.011941447854042053,0.0009657146292738616,3.827975524473004e-05,0.0,60,501.0,0.015754587948322296,0.001676832209341228,3.163526707794517e-05,0.0,60,501.0,0.012114749290049076,0.0008018190274015069,4.1767136281123385e-05,0.0,60,501.0,0.016541946679353714,0.0011769371340051293,3.485878187348135e-05,0.0,60,0.013662404753267765,0.0011141722439788283,3.6543832538882275e-05,0.0,60.0
11,551.0,0.010892026126384735,0.000917677185498178,3.575055598048493e-05,0.0,60,551.0,0.010802671313285828,0.0008962610154412687,3.8048732676543295e-05,0.0,59,551.0,0.013592065311968327,0.00162128999363631,3.085001662839204e-05,0.0,60,551.0,0.010867752134799957,0.000769723323173821,4.144882768741809e-05,0.0,60,551.0,0.01407559122890234,0.0011653619585558772,3.4299671824555844e-05,0.0,59,0.012046021223068238,0.001074062695261091,3.6079560959478844e-05,0.0,59.6
12,601.0,0.010196906514465809,0.0008914324571378529,3.5338107409188524e-05,0.0,60,601.0,0.010016581043601036,0.0008430563611909747,3.790186019614339e-05,0.0,58,601.0,0.012313627637922764,0.0015712858876213431,3.0220355256460607e-05,0.0,60,601.0,0.009986243210732937,0.0007396136643365026,4.105733387405053e-05,0.0,60,601.0,0.012584779411554337,0.0011513555655255914,3.382876093382947e-05,0.0,58,0.011019627563655376,0.001039348787162453,3.5669283533934504e-05,0.0,59.2
13,651.0,0.009687289595603943,0.0008686667424626648,3.4972254070453346e-05,0.0,59,651.0,0.00944636482745409,0.0008077412494458258,3.7762903957627714e-05,0.0,54,651.0,0.011450075544416904,0.0015257925260812044,2.967768523376435e-05,0.0,58,651.0,0.009313604794442654,0.0007116113556548953,4.066071051056497e-05,0.0,59,651.0,0.011664008721709251,0.0011325484374538064,3.332817504997365e-05,0.0,55,0.01031226869672537,0.0010092720622196794,3.5280345764476805e-05,0.0,57.0
14,701.0,0.00928858295083046,0.0008481844561174512,3.4719374525593594e-05,0.0,54,701.0,0.009028038010001183,0.0007812632247805595,3.763911809073761e-05,0.0,53,701.0,0.010830613784492016,0.0014878885122016072,2.9232713131932542e-05,0.0,58,701.0,0.00877336598932743,0.0006866566836833954,4.029723640996963e-05,0.0,58,701.0,0.011024256236851215,0.001112218014895916,3.2913336326600984e-05,0.0,52,0.00978897139430046,0.0009832421783357859,3.496035569696687e-05,0.0,55.0
15,751.0,0.008949531242251396,0.0008332302677445114,3.456774720689282e-05,0.0,54,751.0,0.008703028783202171,0.000759369635488838,3.75245617760811e-05,0.0,52,751.0,0.010323804803192616,0.0014547038590535522,2.8782191293430515e-05,0.0,58,751.0,0.00832633301615715,0.0006637992919422686,3.997105159214698e-05,0.0,56,751.0,0.010527697391808033,0.0010921905050054193,3.2590691262157634e-05,0.0,49,0.009366079047322274,0.0009606587118469179,3.468724862614181e-05,0.0,53.800000000000004
16,801.0,0.008664710447192192,0.000820145127363503,3.4361000871285796e-05,0.0,53,801.0,0.008445145562291145,0.0007412490085698664,3.744912100955844e-05,0.0,51,801.0,0.009917818009853363,0.0014225958148017526,2.832185782608576e-05,0.0,58,801.0,0.00794675387442112,0.0006408863118849695,3.9704074879409745e-05,0.0,55,801.0,0.010100281797349453,0.0010666082380339503,3.231213486287743e-05,0.0,48,0.009014941938221456,0.0009382969001308084,3.442963788984344e-05,0.0,53.0
17,851.0,0.00839703157544136,0.0008072875789366663,3.4089080145349726e-05,0.0,52,851.0,0.008229943923652172,0.0007238871185109019,3.7391986552393064e-05,0.0,51,851.0,0.009575680829584599,0.0013877773890271783,2.7891226636711508e-05,0.0,54,851.0,0.007617152761667967,0.0006159783806651831,3.9450293115805835e-05,0.0,54,851.0,0.009731373749673367,0.0010346438502892852,3.2032399758463725e-05,0.0,45,0.008710236568003894,0.000913914863485843,3.4170997241744776e-05,0.0,51.2
18,901.0,0.008146215230226517,0.0007959394715726376,3.38380596076604e-05,0.0,51,901.0,0.008042506873607635,0.0007060689968056977,3.7335717934183776e-05,0.0,50,901.0,0.009277758188545704,0.0013562922831624746,2.752380351012107e-05,0.0,53,901.0,0.007322634570300579,0.0005901165422983468,3.923365511582233e-05,0.0,52,901.0,0.009417347609996796,0.0009950073435902596,3.182799991918728e-05,0.0,45,0.008441292494535447,0.0008886849274858833,3.3951847217394974e-05,0.0,50.2
19,951.0,0.007880262099206448,0.0007855871226638556,3.3613090636208653e-05,0.0,49,951.0,0.007875318638980389,0.0006892035016790032,3.730132448254153e-05,0.0,50,951.0,0.009013207629323006,0.0013202730333432555,2.7125250198878348e-05,0.0,50,951.0,0.007054205052554607,0.0005648735095746815,3.9006008591968566e-05,0.0,51,951.0,0.009113297797739506,0.0009474511025473475,3.164869485772215e-05,0.0,42,0.00818725824356079,0.0008614776539616287,3.373887375346385e-05,0.0,48.400000000000006
20,1001.0,0.007544592022895813,0.0007829347741790116,3.3526299375807866e-05,0.0,48,1001.0,0.0077195921912789345,0.0006721622194163501,3.726242721313611e-05,0.0,50,1001.0,0.008774281479418278,0.0012825345620512962,2.6825084205484018e-05,0.0,49,1001.0,0.006804890464991331,0.0005423947004601359,3.872030720231123e-05,0.0,51,1001.0,0.00880845170468092,0.0008963723666965961,3.165539965266362e-05,0.0,40,0.007930361572653056,0.000835279724560678,3.359790352988057e-05,0.0,47.6
21,1051.0,0.00698385015130043,0.0007897152681834996,3.3358068321831524e-05,0.0,45,1051.0,0.007585975341498852,0.0006545421783812344,3.721142638823949e-05,0.0,49,1051.0,0.00855350587517023,0.0012403563596308231,2.654071977303829e-05,0.0,46,1051.0,0.006572060286998749,0.0005256708827801049,3.833989831036888e-05,0.0,51,1051.0,0.008459579199552536,0.000848465773742646,3.163682413287461e-05,0.0,39,0.00763099417090416,0.0008117500925436616,3.341738738527056e-05,0.0,46.0
22,1101.0,0.006190055515617132,0.0008013322367332876,3.3193999115610495e-05,0.0,43,1101.0,0.00743062561377883,0.0006365666631609201,3.716410355991684e-05,0.0,49,1101.0,0.00835211481899023,0.0011989242630079389,2.6220026484224945e-05,0.0,42,1101.0,0.006353182718157768,0.0005153691163286567,3.787464083870873e-05,0.0,51,1101.0,0.008003379218280315,0.0008147133630700409,3.1502706406172365e-05,0.0,37,0.007265871576964855,0.0007933811284601688,3.319109528092668e-05,0.0,44.400000000000006
23,1151.0,0.005349016282707453,0.0007965341792441905,3.3078777050832286e-05,0.0,41,1151.0,0.007289133500307798,0.0006170761771500111,3.711016324814409e-05,0.0,48,1151.0,0.00816505216062069,0.0011546486057341099,2.5921159249264747e-05,0.0,40,1151.0,0.006151621229946613,0.0005070720799267292,3.732724871952087e-05,0.0,50,1151.0,0.007354318164288998,0.0007984679541550577,3.136178565910086e-05,0.0,37,0.00686182826757431,0.0007747597992420197,3.2959826785372574e-05,0.0,43.2
24,1201.0,0.004648012574762106,0.0007762226741760969,3.303215999039821e-05,0.0,40,1201.0,0.007148623466491699,0.0005972047802060843,3.7054229323985055e-05,0.0,48,1201.0,0.007992243394255638,0.0011036499636247754,2.5622972316341475e-05,0.0,39,1201.0,0.005952580366283655,0.0005039915558882058,3.673523315228522e-05,0.0,50,1201.0,0.00655263289809227,0.0007875851006247103,3.120467226835899e-05,0.0,37,0.006458818539977074,0.0007537308149039746,3.272985341027379e-05,0.0,42.800000000000004
25,1251.0,0.0041341581381857395,0.0007486194954253733,3.288753214292228e-05,0.0,38,1251.0,0.00699318153783679,0.0005771692376583815,3.6977486161049455e-05,0.0,46,1251.0,0.007820550352334976,0.0010658949613571167,2.5261017071898095e-05,0.0,37,1251.0,0.00576298963278532,0.0005008127773180604,3.6099292628932744e-05,0.0,50,1251.0,0.0058076269924640656,0.0007757521234452724,3.101292531937361e-05,0.0,36,0.006103701330721379,0.0007336497190408409,3.244765066483524e-05,0.0,41.400000000000006
26,1301.0,0.0037333511281758547,0.0007230483461171389,3.2760937756393105e-05,0.0,38,1301.0,0.006821282673627138,0.0005551733775064349,3.690690573421307e-05,0.0,46,1301.0,0.007655753754079342,0.001032432192005217,2.500522714399267e-05,0.0,36,1301.0,0.005569394677877426,0.0004981779493391514,3.542905687936582e-05,0.0,50,1301.0,0.00525426771491766,0.0007599905948154628,3.07665322907269e-05,0.0,36,0.005806809989735484,0.0007137644919566811,3.217373196093831e-05,0.0,41.2
27,1351.0,0.0034194320905953646,0.0006992113776504993,3.252086025895551e-05,0.0,36,1351.0,0.006597277708351612,0.0005346054676920176,3.6811190511798486e-05,0.0,45,1351.0,0.00748910428956151,0.0010081292130053043,2.476784538885113e-05,0.0,35,1351.0,0.005341906566172838,0.0004978014621883631,3.47382556356024e-05,0.0,50,1351.0,0.004827065858989954,0.0007490642601624131,3.0440369300777093e-05,0.0,35,0.005534957302734256,0.0006977623561397195,3.1855704219196926e-05,0.0,40.2
28,1401.0,0.003218540456146002,0.0006811315543018281,3.225812179152854e-05,0.0,36,1401.0,0.006269532721489668,0.0005172407254576683,3.676114647532813e-05,0.0,45,1401.0,0.007310857996344566,0.0009861304424703121,2.4615126676508226e-05,0.0,35,1401.0,0.004981125704944134,0.0005039278184995055,3.40618280461058e-05,0.0,47,1401.0,0.004502760246396065,0.0007360040326602757,3.0120629162411205e-05,0.0,32,0.005256563425064087,0.000684886914677918,3.1563370430376385e-05,0.0,39.0
29,1451.0,0.0029132517520338297,0.0006622543442063034,3.1996736652217805e-05,0.0,35,1451.0,0.0057012541219592094,0.0005079496768303216,3.674485196825117e-05,0.0,44,1451.0,0.007109872065484524,0.0009705895208753645,2.450547253829427e-05,0.0,35,1451.0,0.004325315356254578,0.0005306191160343587,3.349045437062159e-05,0.0,46,1451.0,0.004243650007992983,0.0007281070575118065,2.9822709620930254e-05,0.0,30,0.004858668660745025,0.000679903943091631,3.131204503006302e-05,0.0,38.0
30,1501.0,0.0026987078599631786,0.0006464944453909993,3.1770898203831166e-05,0.0,35,1501.0,0.0048337155021727085,0.000511555525008589,3.676736741908826e-05,0.0,44,1501.0,0.006829896476119757,0.0009567569359205663,2.444865822326392e-05,0.0,32,1501.0,0.003634148044511676,0.0005617667338810861,3.2745494536357e-05,0.0,43,1501.0,0.004026658367365599,0.0007250739145092666,2.9624392482219264e-05,0.0,30,0.004404625250026584,0.0006803295109421015,3.107136217295192e-05,0.0,36.800000000000004
31,1551.0,0.002505929907783866,0.0006326540024019778,3.151703276671469e-05,0.0,34,1551.0,0.00399163831025362,0.000505569449160248,3.664903124445118e-05,0.0,44,1551.0,0.006403957027941942,0.0009568033856339753,2.4496841433574446e-05,0.0,32,1551.0,0.0031821634620428085,0.0005591367371380329,3.1913165003061295e-05,0.0,42,1551.0,0.0038165592122823,0.0007228055037558079,2.941837919934187e-05,0.0,30,0.0039800495840609075,0.0006753938156180084,3.07988899294287e-05,0.0,36.4
32,1601.0,0.002347593894228339,0.0006205954123288393,3.127203672192991e-05,0.0,34,1601.0,0.0033957045525312424,0.0004848659737035632,3.6305864341557026e-05,0.0,42,1601.0,0.005762649234384298,0.0009580589830875397,2.4538217985536903e-05,0.0,32,1601.0,0.002856423147022724,0.0005563769955188036,3.114924766123295e-05,0.0,40,1601.0,0.0036408985033631325,0.0007211415213532746,2.919121652666945e-05,0.0,29,0.0036006538663059477,0.0006682077771984041,3.049131664738525e-05,0.0,35.4
33,1651.0,0.002195807173848152,0.0006117660668678582,3.105138603132218e-05,0.0,34,1651.0,0.00297963316552341,0.00045808995491825044,3.5877983464160934e-05,0.0,42,1651.0,0.004981971345841885,0.0009610146516934037,2.4538707293686457e-05,0.0,32,1651.0,0.0025921191554516554,0.0005571251967921853,3.053716500289738e-05,0.0,38,1651.0,0.003444966860115528,0.0007200308027677238,2.894953649956733e-05,0.0,29,0.0032388995401561264,0.0006616053346078844,3.0190955658326857e-05,0.0,35.0
34,1701.0,0.0020672359969466925,0.0005959341069683433,3.084954005316831e-05,0.0,32,1701.0,0.0026466555427759886,0.000438722490798682,3.544818900991231e-05,0.0,41,1701.0,0.004287744406610727,0.0009574298746883869,2.44988186750561e-05,0.0,31,1701.0,0.0023751920089125633,0.0005593069363385439,2.9987400921527296e-05,0.0,37,1701.0,0.0032802047207951546,0.000718464667443186,2.871710603358224e-05,0.0,29,0.0029314065352082255,0.0006539716152474285,2.9900210938649253e-05,0.0,34.0
35,1751.0,0.0019760089926421642,0.0005939098773524165,3.069711965508759e-05,0.0,31,1751.0,0.0023756863083690405,0.00042525166645646095,3.506524080876261e-05,0.0,40,1751.0,0.003821959951892495,0.000950241053942591,2.445581412757747e-05,0.0,31,1751.0,0.002255908912047744,0.0005630108062177896,2.9504790290957317e-05,0.0,36,1751.0,0.0031299940310418606,0.0007176785729825497,2.8485466827987693e-05,0.0,28,0.002711911639198661,0.0006500183953903615,2.9641686342074536e-05,0.0,33.2
36,1801.0,0.001857119146734476,0.0005915013607591391,3.0616203730460256e-05,0.0,30,1801.0,0.002149153035134077,0.0004186356964055449,3.46599226759281e-05,0.0,40,1801.0,0.0035027689300477505,0.000941207748837769,2.4413711798842996e-05,0.0,31,1801.0,0.0020535329822450876,0.0005621002055704594,2.90321131615201e-05,0.0,36,1801.0,0.0029971073381602764,0.0007121064700186253,2.8289141482673585e-05,0.0,28,0.002511936286464334,0.0006451102963183075,2.940221856988501e-05,0.0,33.0
37,1851.0,0.0017684218473732471,0.0005880258977413177,3.056220157304779e-05,0.0,30,1851.0,0.0019670717883855104,0.00041742358007468283,3.427065530559048e-05,0.0,40,1851.0,0.003214507596567273,0.000932034570723772,2.436521026538685e-05,0.0,31,1851.0,0.0019314450910314918,0.000558273633942008,2.856240826076828e-05,0.0,34,1851.0,0.0028769169002771378,0.0007051185239106417,2.8077916795155033e-05,0.0,27,0.0023516726447269324,0.0006401752412784845,2.9167678439989687e-05,0.0,32.4
38,1901.0,0.0016892255516722798,0.0005829113069921732,3.051472594961524e-05,0.0,29,1901.0,0.0018230495043098927,0.00041902950033545494,3.392131475266069e-05,0.0,40,1901.0,0.002967888955026865,0.0009221824584528804,2.4308665160788223e-05,0.0,31,1901.0,0.0018279132200405002,0.0005580323049798608,2.8182768801343627e-05,0.0,33,1901.0,0.0027697160840034485,0.0006998120225034654,2.7878399123437703e-05,0.0,27,0.0022155586630105972,0.000636393518652767,2.89611747575691e-05,0.0,32.0
39,1951.0,0.0016312652733176947,0.00057840661611408,3.0510787837556563e-05,0.0,28,1951.0,0.0017131541389971972,0.0004193821223452687,3.3601743780309334e-05,0.0,39,1951.0,0.002756973262876272,0.0009111427934840322,2.4243912776000798e-05,0.0,31,1951.0,0.0017404811223968863,0.0005548823974095285,2.783101808745414e-05,0.0,33,1951.0,0.0027153221890330315,0.0006999372271820903,2.7674790544551797e-05,0.0,25,0.0021114391973242165,0.000632750231307,2.8772450605174527e-05,0.0,31.200000000000003
40,2001.0,0.001556826289743185,0.0005738604231737554,3.049009137612302e-05,0.0,26,2001.0,0.0016074872110038996,0.0004171542532276362,3.332562846480869e-05,0.0,38,2001.0,0.0025738331023603678,0.0009011326474137604,2.4173319616238587e-05,0.0,31,2001.0,0.0016637491062283516,0.0005512954667210579,2.7481048164190724e-05,0.0,33,2001.0,0.0025900457985699177,0.0006899859290570021,2.746409700193908e-05,0.0,25,0.0019983883015811444,0.0006266857439186425,2.858683692466002e-05,0.0,30.6
41,2051.0,0.0014984282897785306,0.0005698957247659564,3.05171161016915e-05,0.0,26,2051.0,0.0015251508448272943,0.0004133639740757644,3.309651219751686e-05,0.0,37,2051.0,0.0024137517903000116,0.0008916578954085708,2.4102786483126692e-05,0.0,31,2051.0,0.0015959104057401419,0.0005468585295602679,2.7135698474012315e-05,0.0,32,2051.0,0.002510195365175605,0.0006821337155997753,2.7277197659714147e-05,0.0,25,0.0019086873391643167,0.000620781967882067,2.8425862183212303e-05,0.0,30.200000000000003
42,2101.0,0.0014449122827500105,0.0005658519803546369,3.055146589758806e-05,0.0,26,2101.0,0.0014562314609065652,0.00040981938946060836,3.29163194692228e-05,0.0,36,2101.0,0.002281793626025319,0.0008810966392047703,2.4026479877647944e-05,0.0,31,2101.0,0.0015377859817817807,0.0005404322873800993,2.6825222448678687e-05,0.0,32,2101.0,0.0024402944836765528,0.000674269802402705,2.710897933866363e-05,0.0,25,0.0018322035670280457,0.000614294019760564,2.8285693406360225e-05,0.0,30.0
43,2151.0,0.001404195325449109,0.0005614815163426101,3.058413858525455e-05,0.0,26,2151.0,0.0013961640652269125,0.0004059931088704616,3.277043651905842e-05,0.0,35,2151.0,0.0021559756714850664,0.0008718201424926519,2.394777038716711e-05,0.0,30,2151.0,0.0014826379483565688,0.0005349313723854721,2.6532801712164655e-05,0.0,32,2151.0,0.0023747789673507214,0.0006675494951196015,2.6978437745128758e-05,0.0,24,0.0017627503955736758,0.0006083551270421594,2.81627169897547e-05,0.0,29.400000000000002
44,2201.0,0.0013537356862798333,0.0005574504029937088,3.0616982257924974e-05,0.0,26,2201.0,0.0013375978451222181,0.0004030396230518818,3.2601084967609495e-05,0.0,34,2201.0,0.002053980017080903,0.0008664150955155492,2.392443457210902e-05,0.0,29,2201.0,0.0014330085832625628,0.0005281571066007018,2.625566594360862e-05,0.0,31,2201.0,0.00231962651014328,0.0006582108326256275,2.6878720746026374e-05,0.0,24,0.0016995897283777596,0.0006026546121574939,2.8055377697455697e-05,0.0,28.8
45,2251.0,0.0013124555116519332,0.0005534888477995992,3.064532938878983e-05,0.0,26,2251.0,0.0012985063949599862,0.000397116324165836,3.2492607715539634e-05,0.0,33,2251.0,0.0020765739027410746,0.0008551259525120258,2.396106719970703e-05,0.0,28,2251.0,0.0014195289695635438,0.000519900000654161,2.5970050046453252e-05,0.0,30,2251.0,0.002256167819723487,0.0006482158787548542,2.678345663298387e-05,0.0,24,0.001672646519728005,0.0005947694007772952,2.7970502196694726e-05,0.0,28.200000000000003
46,2301.0,0.0012749520828947425,0.0005496622179634869,3.066643330384977e-05,0.0,26,2301.0,0.001240414334461093,0.00039475044468417764,3.243837636546232e-05,0.0,32,2301.0,0.0019088377011939883,0.000841913279145956,2.4034725356614217e-05,0.0,27,2301.0,0.0013452403945848346,0.0005118121625855565,2.568479067122098e-05,0.0,30,2301.0,0.0022195838391780853,0.0006401760620065033,2.668971319508273e-05,0.0,24,0.0015978056704625489,0.0005876628332771362,2.7902807778446005e-05,0.0,27.8
47,2351.0,0.001241709920577705,0.0005453707999549806,3.067936995648779e-05,0.0,26,2351.0,0.0012010677019134164,0.00039041254785843194,3.241913509555161e-05,0.0,32,2351.0,0.0018463128944858909,0.0008343587396666408,2.4142487745848484e-05,0.0,27,2351.0,0.00130827771499753,0.0005050972104072571,2.5463878046139143e-05,0.0,29,2351.0,0.0021549700759351254,0.0006294494378380477,2.6590891138766892e-05,0.0,23,0.0015504676615819336,0.0005809377471450716,2.7859152396558784e-05,0.0,27.400000000000002
48,2401.0,0.0012082948815077543,0.0005419482477009296,3.069338345085271e-05,0.0,26,2401.0,0.0011885379208251834,0.00038868412957526743,3.2413398002972826e-05,0.0,32,2401.0,0.0017907979199662805,0.0008188208448700607,2.4243276129709557e-05,0.0,26,2401.0,0.0012755523202940822,0.0004953689640387893,2.5283126888098195e-05,0.0,29,2401.0,0.0021061168517917395,0.0006220808136276901,2.652367220434826e-05,0.0,23,0.001513859978877008,0.0005733805999625475,2.783137133519631e-05,0.0,27.200000000000003
49,2451.0,0.0011779231717810035,0.0005383204552344978,3.070554157602601e-05,0.0,26,2451.0,0.0011272472329437733,0.0003863006131723523,3.2408595870947465e-05,0.0,32,2451.0,0.0017379071796312928,0.000811944657471031,2.4379765818594024e-05,0.0,26,2451.0,0.0012410272611305118,0.0004813784034922719,2.5110550268436782e-05,0.0,27,2451.0,0.0020609251223504543,0.000614627031609416,2.6460433218744583e-05,0.0,23,0.0014690059935674072,0.0005665142321959138,2.7812977350549772e-05,0.0,26.8
50,2501.0,0.0011532347416505218,0.0005345391109585762,3.0715087632415816e-05,0.0,26,2501.0,0.0011105152079835534,0.0003850579378195107,3.241352169425227e-05,0.0,31,2501.0,0.0016878219321370125,0.0008059130632318556,2.4524568289052695e-05,0.0,26,2501.0,0.0012499503791332245,0.00047496394836343825,2.494898762961384e-05,0.0,27,2501.0,0.002019885228946805,0.0006072017713449895,2.6393854568595998e-05,0.0,23,0.0014442814979702236,0.0005615351663436741,2.7799203962786123e-05,0.0,26.6
51,2551.0,0.0011244844645261765,0.0005307335522957146,3.071987157454714e-05,0.0,26,2551.0,0.0010658851824700832,0.00038294520345516503,3.245646075811237e-05,0.0,29,2551.0,0.001645247801207006,0.0007995544583536685,2.466971636749804e-05,0.0,26,2551.0,0.001181126106530428,0.00046718859812244773,2.48162050411338e-05,0.0,26,2551.0,0.002001590095460415,0.0005992026417516172,2.6329451429774053e-05,0.0,23,0.0014036667300388217,0.0005559248907957226,2.7798341034213084e-05,0.0,26.0
52,2601.0,0.001104913535527885,0.0005269665853120387,3.0725135729881003e-05,0.0,26,2601.0,0.0010406632209196687,0.00038175826193764806,3.252149690524675e-05,0.0,29,2601.0,0.0016007929807528853,0.0007940354407764971,2.4818587917252444e-05,0.0,26,2601.0,0.0011526000453159213,0.0004617866361513734,2.4720520741539076e-05,0.0,25,2601.0,0.0019455710425972939,0.0005932005005888641,2.6253652322338894e-05,0.0,23,0.001368908165022731,0.0005515494849532843,2.7807878723251633e-05,0.0,25.8
53,2651.0,0.0010759715223684907,0.0005226627690717578,3.0722931114723906e-05,0.0,26,2651.0,0.001015846966765821,0.00038022358785383403,3.2590389309916645e-05,0.0,29,2651.0,0.0015623715007677674,0.0007885003578849137,2.4965382181107998e-05,0.0,26,2651.0,0.0011301537742838264,0.0004554445040412247,2.4664661395945586e-05,0.0,25,2651.0,0.0019127367995679379,0.0005864170379936695,2.6178526240983047e-05,0.0,23,0.0013394161127507687,0.00054664965136908,2.782437804853544e-05,0.0,25.8
54,2701.0,0.0010917572071775794,0.0005190391675569117,3.071440369240008e-05,0.0,26,2701.0,0.0009908064967021346,0.0003796367673203349,3.265888153691776e-05,0.0,29,2701.0,0.0015286043053492904,0.0007827508961781859,2.510680496925488e-05,0.0,26,2701.0,0.001105019124224782,0.00045090849744156003,2.4606599254184403e-05,0.0,24,2701.0,0.0018862648867070675,0.0005798112251795828,2.610571937111672e-05,0.0,23,0.001320490404032171,0.0005424293107353151,2.783848176477477e-05,0.0,25.6
55,2751.0,0.00103394640609622,0.0005139297572895885,3.069743615924381e-05,0.0,26,2751.0,0.0009717369102872908,0.00037863373290747404,3.272240428486839e-05,0.0,29,2751.0,0.0014955628430470824,0.0007768544019199908,2.5242819901905023e-05,0.0,26,2751.0,0.001099867164157331,0.0004453051369637251,2.4541841412428766e-05,0.0,24,2751.0,0.0018581824842840433,0.0005730862612836063,2.602789390948601e-05,0.0,23,0.0012918591615743936,0.000537561858072877,2.78464791335864e-05,0.0,25.6
56,2801.0,0.0010137268109247088,0.0005094621446914971,3.068076694034971e-05,0.0,26,2801.0,0.0009493453544564545,0.0003778541286010295,3.278769872849807e-05,0.0,29,2801.0,0.0014663474867120385,0.0007707439363002777,2.5369903596583754e-05,0.0,26,2801.0,0.0010618147207424045,0.0004415959119796753,2.4474511519656517e-05,0.0,24,2801.0,0.0018346623983234167,0.0005669973907060921,2.5954164811992086e-05,0.0,23,0.0012651793542318047,0.0005333307024557144,2.785340911941603e-05,0.0,25.6
57,2851.0,0.0009946605423465371,0.0005047534359619021,3.0654446163680404e-05,0.0,26,2851.0,0.0009305657004006207,0.00037702720146626234,3.285042475908995e-05,0.0,29,2851.0,0.0014460538513958454,0.0007645069854333997,2.5490799089311622e-05,0.0,26,2851.0,0.0010431224945932627,0.000437091919593513,2.4411679987679236e-05,0.0,24,2851.0,0.0018142976332455873,0.000561341003049165,2.5882814952638e-05,0.0,23,0.0012457400443963706,0.0005289441091008484,2.7858032990479845e-05,0.0,25.6
58,2901.0,0.0009840138955041766,0.0004998425138182938,3.062879841309041e-05,0.0,24,2901.0,0.0009222389780916274,0.00037483981577679515,3.290610766271129e-05,0.0,29,2901.0,0.001415854785591364,0.0007574406336061656,2.560786197136622e-05,0.0,26,2901.0,0.0010216996306553483,0.0004335878766141832,2.4345541532966308e-05,0.0,24,2901.0,0.0017976680537685752,0.0005558901466429234,2.5806837584241293e-05,0.0,23,0.0012282950687222184,0.0005243201972916723,2.7859029432875105e-05,0.0,25.200000000000003
59,2951.0,0.0009614482405595481,0.0004945258842781186,3.064715565415099e-05,0.0,23,2951.0,0.0008966437308117747,0.0003748224989976734,3.29607973981183e-05,0.0,28,2951.0,0.0013929089764133096,0.0007504655513912439,2.5716295567690395e-05,0.0,26,2951.0,0.0010021982016041875,0.00043027085484936833,2.4283248421852477e-05,0.0,24,2951.0,0.0017825437244027853,0.0005531870410777628,2.573027268226724e-05,0.0,22,0.0012071485747583211,0.0005206543661188334,2.7867553944815883e-05,0.0,24.6
60,3001.0,0.0009453180246055126,0.0004903181688860059,3.0676048481836915e-05,0.0,22,3001.0,0.0008807323174551129,0.00037372868973761797,3.3023789001163095e-05,0.0,28,3001.0,0.0014202718157321215,0.0007442100322805345,2.5814395485213026e-05,0.0,26,3001.0,0.0009875629330053926,0.0004262567963451147,2.4221923013101332e-05,0.0,24,3001.0,0.0017681845929473639,0.0005460141692310572,2.566459988884162e-05,0.0,22,0.0012004139367491008,0.0005161055712960661,2.78801511740312e-05,0.0,24.400000000000002
61,3051.0,0.000941821257583797,0.0004863306530751288,3.070169987040572e-05,0.0,22,3051.0,0.0008700643084011972,0.00037196569610387087,3.308146187919192e-05,0.0,28,3051.0,0.0013536622282117605,0.0007346619968302548,2.59150820056675e-05,0.0,25,3051.0,0.0009663911769166589,0.00042321605724282563,2.4158269297913648e-05,0.0,24,3051.0,0.001759726437740028,0.0005410381127148867,2.5598114007152617e-05,0.0,22,0.0011783330817706885,0.0005114425031933934,2.789092541206628e-05,0.0,24.200000000000003
62,3101.0,0.0009158285683952272,0.0004820976173505187,3.0716739274794236e-05,0.0,22,3101.0,0.0008500556577928364,0.0003713876358233392,3.314163041068241e-05,0.0,28,3101.0,0.0013363623293116689,0.0007270968053489923,2.601738742669113e-05,0.0,25,3101.0,0.0009491844102740288,0.0004200890543870628,2.4094662876450457e-05,0.0,24,3101.0,0.001747557776980102,0.000536704552359879,2.552090518292971e-05,0.0,22,0.0011597977485507728,0.0005074751330539584,2.789826503430959e-05,0.0,24.200000000000003
63,3151.0,0.0009014562238007784,0.00047801065375097096,3.0739658541278914e-05,0.0,21,3151.0,0.0008416975615546107,0.000370251975255087,3.3206921216333285e-05,0.0,28,3151.0,0.0013196143554523587,0.0007178519736044109,2.6111909392056987e-05,0.0,24,3151.0,0.0009329125168733299,0.0004168936575297266,2.4030416170717217e-05,0.0,24,3151.0,0.0017392495647072792,0.0005333987646736205,2.545306233514566e-05,0.0,22,0.0011469860444776713,0.0005032814049627633,2.7908393531106415e-05,0.0,23.8
64,3201.0,0.0008878068765625358,0.0004741312877740711,3.0781036912230775e-05,0.0,21,3201.0,0.0008212489192374051,0.00036880216794088483,3.3283151424257085e-05,0.0,28,3201.0,0.0013176767388358712,0.0007099414942786098,2.6213263481622562e-05,0.0,24,3201.0,0.0009187340619973838,0.00041188154136762023,2.3962296836543828e-05,0.0,23,3201.0,0.0017425843980163336,0.0005318097537383437,2.53869584412314e-05,0.0,22,0.001137610198929906,0.000499313249019906,2.792534141917713e-05,0.0,23.6
65,3251.0,0.0008760013151913881,0.0004704877210315317,3.0840703402645886e-05,0.0,21,3251.0,0.0008074569632299244,0.0003677264612633735,3.336343070259318e-05,0.0,28,3251.0,0.001291076187044382,0.0007009501568973064,2.631472671055235e-05,0.0,24,3251.0,0.000901873572729528,0.0004094667674507946,2.3874312319094315e-05,0.0,23,3251.0,0.0017251895042136312,0.0005274768336676061,2.531158497731667e-05,0.0,22,0.0011203195084817708,0.0004952215880621224,2.7940951622440482e-05,0.0,23.6
66,3301.0,0.0008619348518550396,0.00046718138037249446,3.094099520239979e-05,0.0,21,3301.0,0.0008042813860811293,0.0003654072934295982,3.344079595990479e-05,0.0,28,3301.0,0.0012772651389241219,0.0006920684245415032,2.640895763761364e-05,0.0,24,3301.0,0.0008868647273629904,0.00040621808147989213,2.379986472078599e-05,0.0,22,3301.0,0.0017325798980891705,0.0005243470659479499,2.5247894882340916e-05,0.0,22,0.0011125852004624903,0.0004910444491542876,2.7967701680609028e-05,0.0,23.400000000000002
67,3351.0,0.0008488727617077529,0.0004639162798412144,3.1038485758472234e-05,0.0,21,3351.0,0.0007805579225532711,0.00036483543226495385,3.351725172251463e-05,0.0,28,3351.0,0.0012648426927626133,0.0006825670134276152,2.6510491807130165e-05,0.0,24,3351.0,0.0008728249231353402,0.0004024815571028739,2.376239535806235e-05,0.0,22,3351.0,0.0017120196716859937,0.0005222984473221004,2.517259054002352e-05,0.0,22,0.0010958235943689942,0.00048721974599175155,2.800024303724058e-05,0.0,23.400000000000002
68,3401.0,0.0008427274296991527,0.0004605389549396932,3.1129649869399145e-05,0.0,21,3401.0,0.000767438905313611,0.0003636846086010337,3.358960384503007e-05,0.0,28,3401.0,0.0012889225035905838,0.0006715244962833822,2.6609006454236805e-05,0.0,24,3401.0,0.0009170681587420404,0.00039851045585237443,2.373365350649692e-05,0.0,22,3401.0,0.0017069041496142745,0.0005204836488701403,2.510918966436293e-05,0.0,22,0.0011046122293919326,0.0004829484329093248,2.8034220667905176e-05,0.0,23.400000000000002
69,3451.0,0.0008250252576544881,0.00045818337821401656,3.1214374757837504e-05,0.0,21,3451.0,0.0007586904685012996,0.00036164428456686437,3.365539669175632e-05,0.0,28,3451.0,0.0012443528976291418,0.0006617291364818811,2.6695290216594003e-05,0.0,23,3451.0,0.0008470727480016649,0.0003936556458938867,2.371238406340126e-05,0.0,22,3451.0,0.0017087815795093775,0.0005196620477363467,2.5048828319995664e-05,0.0,22,0.0010767845902591945,0.00047897489857859913,2.806525480991695e-05,0.0,23.200000000000003
70,3501.0,0.0008130714995786548,0.00045575288822874427,3.129589822492562e-05,0.0,21,3501.0,0.0007417032029479742,0.00035992226912640035,3.372037463122979e-05,0.0,27,3501.0,0.0012335646897554398,0.000652486749459058,2.6774625439429656e-05,0.0,22,3501.0,0.0008347415714524686,0.0003898196737281978,2.3721409888821654e-05,0.0,22,3501.0,0.001695373677648604,0.0005167084746062756,2.498078356438782e-05,0.0,22,0.0010636909282766283,0.00047493801102973523,2.809861834975891e-05,0.0,22.8
71,3551.0,0.0008011581376194954,0.00045356457121670246,3.137101884931326e-05,0.0,20,3551.0,0.0007335901609621942,0.00035810100962407887,3.375340020284057e-05,0.0,26,3551.0,0.0012235565809533,0.0006409817142412066,2.6856492695515044e-05,0.0,22,3551.0,0.0008231403189711273,0.0003857430419884622,2.3735250579193234e-05,0.0,22,3551.0,0.0016882381169125438,0.0005155080580152571,2.4924012905103154e-05,0.0,22,0.0010539366630837321,0.0004707796790171415,2.8128035046393053e-05,0.0,22.400000000000002
72,3601.0,0.0008197812712751329,0.0004524459654930979,3.1444065825780854e-05,0.0,20,3601.0,0.0007164552225731313,0.0003563121135812253,3.38044083036948e-05,0.0,25,3601.0,0.0012471572263166308,0.0006301377434283495,2.6939305826090276e-05,0.0,22,3601.0,0.0008249968523159623,0.00038105619023554027,2.37505719269393e-05,0.0,22,3601.0,0.001705261180177331,0.0005142334848642349,2.486489393049851e-05,0.0,22,0.0010627303505316378,0.0004668370995204896,2.816064916260075e-05,0.0,22.200000000000003
73,3651.0,0.0007772727985866368,0.000449730345280841,3.151753844576888e-05,0.0,20,3651.0,0.0007036246242932975,0.00035563125857152045,3.3794905903050676e-05,0.0,25,3651.0,0.0012051707599312067,0.000618189515080303,2.7021846108254977e-05,0.0,22,3651.0,0.0008022165857255459,0.00037770476774312556,2.3764223442412913e-05,0.0,22,3651.0,0.001666616415604949,0.000512131315190345,2.4786040739854798e-05,0.0,22,0.0010309802368283273,0.000462677440373227,2.817691092786845e-05,0.0,22.200000000000003
74,3701.0,0.0007713603554293513,0.0004474406596273184,3.158313120366074e-05,0.0,20,3701.0,0.0006966894143261015,0.0003543064813129604,3.3881806302815676e-05,0.0,25,3701.0,0.0012038962449878454,0.0006076479912735522,2.7107262212666683e-05,0.0,22,3701.0,0.0007911957800388336,0.00037452843389473855,2.3785314624547027e-05,0.0,22,3701.0,0.0016436123987659812,0.0005110652418807149,2.4727127311052755e-05,0.0,22,0.0010213508387096227,0.0004589977615978569,2.8216928330948577e-05,0.0,22.200000000000003
75,3751.0,0.0007539306534454226,0.0004456277238205075,3.163970177411102e-05,0.0,20,3751.0,0.0006807264871895313,0.0003527614171616733,3.3993539545917884e-05,0.0,25,3751.0,0.0011866124114021659,0.0005980751011520624,2.719823896768503e-05,0.0,22,3751.0,0.0007805402274243534,0.0003711466852109879,2.3810711354599334e-05,0.0,22,3751.0,0.0016454190481454134,0.000512007565703243,2.4666580429766327e-05,0.0,22,0.0010094457655213773,0.00045592369860969484,2.826175441441592e-05,0.0,22.200000000000003
76,3801.0,0.0007416767184622586,0.00044378190068528056,3.16883233608678e-05,0.0,20,3801.0,0.0006695524789392948,0.000351352384313941,3.411405850783922e-05,0.0,25,3801.0,0.0011763435322791338,0.0005888754967600107,2.7282090741209686e-05,0.0,22,3801.0,0.000812963058706373,0.00036797436769120395,2.3837679691496305e-05,0.0,22,3801.0,0.001615529996342957,0.00050645467126742,2.4598262825747952e-05,0.0,21,0.0010032131569460035,0.00045168776414357127,2.8304083025432194e-05,0.0,22.0
77,3851.0,0.0007302662706933916,0.0004419431497808546,3.1733095966046676e-05,0.0,20,3851.0,0.0006689532310701907,0.00034898435114882886,3.423261659918353e-05,0.0,25,3851.0,0.0011684661731123924,0.0005799139617010951,2.736699207162019e-05,0.0,22,3851.0,0.000761346542276442,0.0003636513138189912,2.3859918655944057e-05,0.0,22,3851.0,0.0016044671647250652,0.0005069086328148842,2.4559858502470888e-05,0.0,21,0.0009866998763754964,0.0004482802818529308,2.835049635905307e-05,0.0,22.0
78,3901.0,0.00073187833186239,0.00044050210271961987,3.1776628020452335e-05,0.0,20,3901.0,0.0006477768183685839,0.0003481243329588324,3.435186590650119e-05,0.0,25,3901.0,0.0011551128700375557,0.0005723712965846062,2.7422471248428337e-05,0.0,21,3901.0,0.0007514572935178876,0.0003604740195441991,2.3887952920631506e-05,0.0,22,3901.0,0.0015956044662743807,0.0005071636405773461,2.4517818019376136e-05,0.0,21,0.0009763659560121596,0.00044572707847692075,2.8391347223077903e-05,0.0,21.8
79,3951.0,0.0007090377621352673,0.0004386321525089443,3.18183665513061e-05,0.0,20,3951.0,0.0006379310507327318,0.00034607850830070674,3.447531344136223e-05,0.0,25,3951.0,0.0011422306997701526,0.0005653306725434959,2.7475714887259528e-05,0.0,21,3951.0,0.0007422284106723964,0.00035971743636764586,2.3917895305203274e-05,0.0,21,3951.0,0.001589784398674965,0.000506902055349201,2.4454971935483627e-05,0.0,21,0.0009642424643971026,0.0004433321650139988,2.8428452424122952e-05,0.0,21.6
80,4001.0,0.0006984512438066304,0.0004369167145341635,3.1855521228862926e-05,0.0,20,4001.0,0.0006275054765865207,0.0003449929063208401,3.460491279838607e-05,0.0,25,4001.0,0.0011353333247825503,0.0005585729377344251,2.754590786935296e-05,0.0,21,4001.0,0.0007381896721199155,0.00035247878986410797,2.3933229385875165e-05,0.0,21,4001.0,0.0015785334398970008,0.000506525335367769,2.439343552396167e-05,0.0,21,0.0009556026314385236,0.00043989733676426114,2.846660136128776e-05,0.0,21.6
81,4051.0,0.0006895950064063072,0.00043516428559087217,3.189025301253423e-05,0.0,20,4051.0,0.0006182141369208694,0.0003435694379732013,3.473543984000571e-05,0.0,25,4051.0,0.0011163800954818726,0.0005550825735554099,2.7613728889264166e-05,0.0,21,4051.0,0.0007258711848407984,0.0003496107819955796,2.3950065951794386e-05,0.0,21,4051.0,0.001568540115840733,0.0005071543855592608,2.4344868506886996e-05,0.0,21,0.0009437201078981161,0.0004381162929348648,2.85068712400971e-05,0.0,21.6
82,4101.0,0.0006791031919419765,0.00043337707757018507,3.1914565624902025e-05,0.0,20,4101.0,0.0007135633495636284,0.00034474392305128276,3.486121568130329e-05,0.0,25,4101.0,0.0011017724173143506,0.0005533394869416952,2.7676831450662576e-05,0.0,21,4101.0,0.0007170510361902416,0.0003463700704742223,2.3967537345015444e-05,0.0,21,4101.0,0.0015605117660015821,0.0005084036965854466,2.4346842110389844e-05,0.0,20,0.0009544003522023559,0.0004372468509245664,2.8553398442454637e-05,0.0,21.400000000000002
83,4151.0,0.0006695933407172561,0.0004318277642596513,3.1931482226355e-05,0.0,20,4151.0,0.000599574064835906,0.00033993771648965776,3.499193917377852e-05,0.0,25,4151.0,0.0010882269125431776,0.0005527462926693261,2.7737574782804586e-05,0.0,21,4151.0,0.0007089257123880088,0.0003431856748647988,2.3987375243450515e-05,0.0,21,4151.0,0.0015522869070991874,0.0005081964191049337,2.4301241865032353e-05,0.0,19,0.0009237213875167073,0.00043517877347767355,2.8589922658284197e-05,0.0,21.200000000000003
84,4201.0,0.0006866290350444615,0.00043008336797356606,3.194082455593161e-05,0.0,20,4201.0,0.0005914483335800469,0.0003387620090506971,3.512018156470731e-05,0.0,25,4201.0,0.0010695228120312095,0.0005521783605217934,2.7790560125140473e-05,0.0,21,4201.0,0.000703176308888942,0.0003393229271750897,2.400477387709543e-05,0.0,21,4201.0,0.0015405189478769898,0.0005085105076432228,2.4242242943728343e-05,0.0,19,0.0009182590874843299,0.0004337714344728738,2.8619716613320636e-05,0.0,21.200000000000003
85,4251.0,0.0006522501935251057,0.00042878201929852366,3.194756209268235e-05,0.0,20,4251.0,0.0005838331999257207,0.0003373708459548652,3.524045314406976e-05,0.0,25,4251.0,0.0010663477005437016,0.0005502996500581503,2.783096715575084e-05,0.0,21,4251.0,0.0006938953301869333,0.00033675559097900987,2.4021874196478166e-05,0.0,21,4251.0,0.0015287696151062846,0.0005076776724308729,2.4191689590224996e-05,0.0,19,0.0009050192078575493,0.0004321771557442844,2.8646509235841222e-05,0.0,21.200000000000003
86,4301.0,0.0006441777804866433,0.00042760992073453963,3.1934992875903845e-05,0.0,20,4301.0,0.0005757086328230798,0.00033510159119032323,3.536083750077523e-05,0.0,25,4301.0,0.0010398327140137553,0.0005467302980832756,2.7859905458171852e-05,0.0,21,4301.0,0.0007053796434774995,0.00033386232098564506,2.4041193682933226e-05,0.0,21,4301.0,0.0015187581302598119,0.0005078852991573513,2.4141958419932052e-05,0.0,19,0.000896771380212158,0.000430237886030227,2.8667777587543242e-05,0.0,21.200000000000003
87,4351.0,0.0006359375547617674,0.0004265578172635287,3.192008807673119e-05,0.0,20,4351.0,0.0005678513552993536,0.0003337183443363756,3.548891982063651e-05,0.0,25,4351.0,0.001026586745865643,0.0005440908716991544,2.7885578674613498e-05,0.0,21,4351.0,0.0006809774204157293,0.00033097295090556145,2.4058459530351683e-05,0.0,20,4351.0,0.0015085650375112891,0.0005090144695714116,2.412308458588086e-05,0.0,17,0.0008839836227707565,0.0004288708907552064,2.869522613764275e-05,0.0,20.6
88,4401.0,0.0006414559902623296,0.0004262714646756649,3.190119605278596e-05,0.0,20,4401.0,0.000558623403776437,0.0003319934185128659,3.561010817065835e-05,0.0,25,4401.0,0.0010142470709979534,0.0005423538968898356,2.791159386106301e-05,0.0,21,4401.0,0.0006741050165146589,0.0003284284903202206,2.407274951110594e-05,0.0,20,4401.0,0.0014989416813477874,0.0005078838439658284,2.4149854652932845e-05,0.0,17,0.0008774746325798333,0.0004273862228728831,2.8729100449709222e-05,0.0,20.6
89,4451.0,0.0006212100852280855,0.00042485646554268897,3.188481423421763e-05,0.0,20,4451.0,0.0005517259705811739,0.000330567650962621,3.572964487830177e-05,0.0,25,4451.0,0.0010280907154083252,0.000539375760126859,2.7925902031711303e-05,0.0,21,4451.0,0.0006720343953929842,0.00032584022847004235,2.4081851734081283e-05,0.0,20,4451.0,0.0014873913023620844,0.0005069104372523725,2.4144754206645302e-05,0.0,17,0.0008720904937945307,0.00042551010847091675,2.875339341699146e-05,0.0,20.6
90,4501.0,0.0006139914621599019,0.0004239120753481984,3.18722304655239e-05,0.0,19,4501.0,0.0006154424627311528,0.0003270077286288142,3.584455043892376e-05,0.0,25,4501.0,0.0009970866376534104,0.0005378854693844914,2.7930160285905004e-05,0.0,21,4501.0,0.0006635044701397419,0.0003234852629248053,2.407761348877102e-05,0.0,20,4501.0,0.0014824590180069208,0.0005068298778496683,2.4176139049814083e-05,0.0,17,0.0008744968101382256,0.00042382408282719557,2.8780138745787556e-05,0.0,20.400000000000002
91,4551.0,0.0006092389230616391,0.0004230861959513277,3.185143941664137e-05,0.0,19,4551.0,0.0005373407038860023,0.0003270346496719867,3.5961867979494855e-05,0.0,25,4551.0,0.0009810428600758314,0.0005363274249248207,2.7938383936998434e-05,0.0,21,4551.0,0.0006568994140252471,0.00032194334198720753,2.4077724447124638e-05,0.0,20,4551.0,0.0014654293190687895,0.0005066104349680245,2.419968404865358e-05,0.0,17,0.0008499902440235019,0.0004230004095006734,2.8805819965782575e-05,0.0,20.400000000000002
92,4601.0,0.0006047002389095724,0.0004220637783873826,3.181914144079201e-05,0.0,19,4601.0,0.000529989309143275,0.0003253129543736577,3.607672260841355e-05,0.0,25,4601.0,0.0009689120925031602,0.0005347321857698262,2.793930980260484e-05,0.0,21,4601.0,0.0006557416636496782,0.00031999772181734443,2.410222077742219e-05,0.0,20,4601.0,0.0014585520839318633,0.0005050115287303925,2.4216311430791393e-05,0.0,17,0.0008435790776275099,0.0004214236338157207,2.88307412120048e-05,0.0,20.400000000000002
93,4651.0,0.0005943266442045569,0.00042165120248682797,3.177108010277152e-05,0.0,19,4651.0,0.0005345002864487469,0.00032311701215803623,3.6187451769365e-05,0.0,25,4651.0,0.0009586921660229564,0.0005325133097358048,2.7932994271395728e-05,0.0,21,4651.0,0.0006464829202741385,0.00031847693026065826,2.4125994968926534e-05,0.0,20,4651.0,0.0014450974995270371,0.0005048951716162264,2.423415753582958e-05,0.0,17,0.0008358199032954873,0.00042013072525151076,2.8850335729657674e-05,0.0,20.400000000000002
94,4701.0,0.000588208728004247,0.00042110742651857436,3.172468495904468e-05,0.0,19,4701.0,0.0005175388068892062,0.00032188513432629406,3.6307341360952705e-05,0.0,25,4701.0,0.000948742963373661,0.0005300117190927267,2.7918891646550037e-05,0.0,21,4701.0,0.0006443810998462141,0.00031730494811199605,2.4148665033862926e-05,0.0,20,4701.0,0.00144217349588871,0.0005033541820012033,2.42481200984912e-05,0.0,17,0.0008282090188004077,0.0004187326820101589,2.886954061978031e-05,0.0,20.400000000000002
95,4751.0,0.0005851839086972177,0.00042092325747944415,3.16871446557343e-05,0.0,19,4751.0,0.0005119816632941365,0.0003196615434717387,3.642272713477723e-05,0.0,25,4751.0,0.0009519535815343261,0.0005294998409226537,2.790499638649635e-05,0.0,20,4751.0,0.0006370433839038014,0.0003150949196424335,2.416308780084364e-05,0.0,20,4751.0,0.0014227908104658127,0.0005033641937188804,2.424416561552789e-05,0.0,16,0.000821790669579059,0.0004177087510470301,2.8884424318675885e-05,0.0,20.0
96,4801.0,0.0005777194746769965,0.000420107739046216,3.1646548450225964e-05,0.0,19,4801.0,0.0005055321962572634,0.0003185504174325615,3.6538258427754045e-05,0.0,25,4801.0,0.0009279762743972242,0.000526669027749449,2.7931961085414514e-05,0.0,20,4801.0,0.0006318105733953416,0.000314344564685598,2.418043732177466e-05,0.0,20,4801.0,0.0014128212351351976,0.0005011528846807778,2.4269013010780327e-05,0.0,16,0.0008111719507724047,0.00041616492671892047,2.8913243659189904e-05,0.0,20.0
97,4851.0,0.0005808831774629653,0.0004196941154077649,3.159845437039621e-05,0.0,19,4851.0,0.0005011982866562903,0.0003171091084368527,3.6649198591476306e-05,0.0,25,4851.0,0.0009175196173600852,0.0005243009654805064,2.7926858820137568e-05,0.0,20,4851.0,0.0006282611284404993,0.00031309359474107623,2.4196091544581577e-05,0.0,20,4851.0,0.0014101909473538399,0.0005014576599933207,2.4313174435519613e-05,0.0,16,0.000807610631454736,0.00041513108881190424,2.8936755552422258e-05,0.0,20.0
98,4901.0,0.0005685742944478989,0.0004183781857136637,3.1536681490251794e-05,0.0,18,4901.0,0.0004960728110745549,0.00031431412207894027,3.676818232634105e-05,0.0,25,4901.0,0.0009215432219207287,0.0005218267906457186,2.7913405574508943e-05,0.0,20,4901.0,0.0006254564505070448,0.0003117026062682271,2.4209875846281648e-05,0.0,20,4901.0,0.0013927342370152473,0.0005000005476176739,2.4330318410648033e-05,0.0,16,0.0008008762029930949,0.00041324445046484474,2.8951692729606294e-05,0.0,19.8
99,4951.0,0.000563829904422164,0.0004181409312877804,3.145002483506687e-05,0.0,18,4951.0,0.0004905349924229085,0.00031360844150185585,3.689041841425933e-05,0.0,25,4951.0,0.0008995571988634765,0.0005197037244215608,2.7908816264243796e-05,0.0,20,4951.0,0.0006195575697347522,0.00031096095335669816,2.4216933525167406e-05,0.0,20,4951.0,0.001384376548230648,0.0004998083459213376,2.43620561377611e-05,0.0,16,0.0007915712427347899,0.00041244447929784657,2.89656498352997e-05,0.0,19.8
100,5001.0,0.00055979861645028,0.0004175569338258356,3.1373463571071625e-05,0.0,18,5001.0,0.0004920806968584657,0.00031179588404484093,3.700215893331915e-05,0.0,25,5001.0,0.0008904008427634835,0.0005159461288712919,2.7884947485290468e-05,0.0,19,5001.0,0.0006184144876897335,0.00031003670301288366,2.422671786916908e-05,0.0,20,5001.0,0.0013742586597800255,0.0004983335384167731,2.4389750251430087e-05,0.0,16,0.0007869906607083977,0.00041073383763432506,2.8975407622056083e-05,0.0,19.6
101,5051.0,0.0005581616424024105,0.0004171422333456576,3.130626282654703e-05,0.0,18,5051.0,0.00048242550110444427,0.00031065268558450043,3.7115562008693814e-05,0.0,25,5051.0,0.0008792983717285097,0.0005138162523508072,2.7862419301527552e-05,0.0,19,5051.0,0.0006133863353170455,0.0003089967358391732,2.422886791464407e-05,0.0,20,5051.0,0.0013654202921316028,0.0004979106015525758,2.4425724404864013e-05,0.0,16,0.0007797384285368026,0.00040970370173454285,2.8987767291255298e-05,0.0,19.6
102,5101.0,0.0005535078817047179,0.00041635692468844354,3.1253690394805744e-05,0.0,18,5101.0,0.0005217748694121838,0.0003109558601863682,3.723183908732608e-05,0.0,25,5101.0,0.0008689105743542314,0.0005113125662319362,2.784437674563378e-05,0.0,19,5101.0,0.0006178733892738819,0.00030775199411436915,2.4235032469732687e-05,0.0,20,5101.0,0.0013552759774029255,0.0004976665368303657,2.4466240574838594e-05,0.0,16,0.0007834685384295881,0.0004088087764102966,2.900623585446738e-05,0.0,19.6
103,5151.0,0.0005506347515620291,0.00041529472218826413,3.1189818400889635e-05,0.0,18,5151.0,0.0004744426696561277,0.00030753033934161067,3.735866994247772e-05,0.0,25,5151.0,0.0008633828838355839,0.000507703167386353,2.7820300601888448e-05,0.0,19,5151.0,0.000605848035775125,0.0003078307490795851,2.4242115614470094e-05,0.0,20,5151.0,0.0013498154003173113,0.0004970569279976189,2.449393468850758e-05,0.0,16,0.0007688247482292355,0.0004070831811986864,2.9020967849646696e-05,0.0,19.6
104,5201.0,0.0005463373963721097,0.00041475342004559934,3.111455589532852e-05,0.0,17,5201.0,0.00047186517622321844,0.0003062452597077936,3.7479672755580395e-05,0.0,25,5201.0,0.0008500257972627878,0.0005061115371063352,2.7792086257250048e-05,0.0,19,5201.0,0.0006066684145480394,0.0003063767799176276,2.4242573999799788e-05,0.0,20,5201.0,0.001337161404080689,0.0004953786847181618,2.4502356609445997e-05,0.0,16,0.0007624116376973689,0.0004057731362991035,2.9026249103480952e-05,0.0,19.400000000000002
105,5251.0,0.0005432680482044816,0.00041355524444952607,3.10458563035354e-05,0.0,17,5251.0,0.0004695164680015296,0.00030497313127852976,3.759516039281152e-05,0.0,25,5251.0,0.0008409454021602869,0.0005037556402385235,2.777609734039288e-05,0.0,19,5251.0,0.0005999614368192852,0.00030678007169626653,2.4244645828730427e-05,0.0,20,5251.0,0.0013291934737935662,0.0004951671580784023,2.453122942824848e-05,0.0,16,0.0007565769657958299,0.00040484624914824966,2.9038597858743742e-05,0.0,19.400000000000002
106,5301.0,0.000546252413187176,0.000411763321608305,3.098597881034948e-05,0.0,17,5301.0,0.0004708599008154124,0.0003033496323041618,3.770821786019951e-05,0.0,25,5301.0,0.0008288444369100034,0.0005011674365960062,2.775668508547824e-05,0.0,19,5301.0,0.0006110239191912115,0.0003072369145229459,2.42472997342702e-05,0.0,20,5301.0,0.0013205644208937883,0.0004948352579958737,2.4560031306464225e-05,0.0,16,0.0007555090181995184,0.00040367051260545853,2.905164255935233e-05,0.0,19.400000000000002
107,5351.0,0.0005381489172577858,0.00041078575304709375,3.0922852602088824e-05,0.0,17,5351.0,0.00046435868716798723,0.00030159676680341363,3.783458669204265e-05,0.0,24,5351.0,0.000832367513794452,0.0004987054271623492,2.7724032406695187e-05,0.0,18,5351.0,0.0006141268531791866,0.00030548221548087895,2.4250435672001913e-05,0.0,20,5351.0,0.0013272177893668413,0.000493358529638499,2.4573011614847928e-05,0.0,16,0.0007552439521532506,0.00040198573842644694,2.90609837975353e-05,0.0,19.0
108,5401.0,0.0005522263236343861,0.0004105732950847596,3.085151547566056e-05,0.0,16,5401.0,0.00047304906183853745,0.00030017932294867933,3.8007292459951714e-05,0.0,24,5401.0,0.0008088534232228994,0.0004954456235282123,2.768978083622642e-05,0.0,18,5401.0,0.0005917170201428235,0.00030577144934795797,2.4249535272247158e-05,0.0,20,5401.0,0.0013072435976937413,0.0004933783784508705,2.4582714104326442e-05,0.0,16,0.0007466178853064776,0.00040106961387209594,2.907616762968246e-05,0.0,18.8
109,5451.0,0.0005344882956705987,0.000408154766773805,3.079680391238071e-05,0.0,15,5451.0,0.000459079397842288,0.00029977961094118655,3.812853174167685e-05,0.0,24,5451.0,0.0007983889081515372,0.0004912682343274355,2.7681797291734256e-05,0.0,18,5451.0,0.0005903016426600516,0.00030543882166966796,2.4245369786513038e-05,0.0,20,5451.0,0.0012991094263270497,0.0004931517178192735,2.460743417032063e-05,0.0,16,0.000736273534130305,0.0003995586303062737,2.90919873805251e-05,0.0,18.6
110,5501.0,0.000559234875254333,0.0004070459690410644,3.0768114811507985e-05,0.0,15,5501.0,0.00045778468484058976,0.0002984430466312915,3.824280793196522e-05,0.0,24,5501.0,0.0007884463993832469,0.0004888168186880648,2.7684505766956136e-05,0.0,18,5501.0,0.0005866001010872424,0.00030546056223101914,2.424388912913855e-05,0.0,20,5501.0,0.0012952631805092096,0.0004916240577585995,2.4608576495666057e-05,0.0,16,0.0007374658482149244,0.00039827809087000787,2.910957882704679e-05,0.0,18.6
111,5551.0,0.0005308159161359072,0.00040424030157737434,3.0786166462348774e-05,0.0,15,5551.0,0.00045644567580893636,0.00029715211712755263,3.835697498288937e-05,0.0,24,5551.0,0.0007827163208276033,0.00048589709331281483,2.7697529731085524e-05,0.0,18,5551.0,0.0005831150338053703,0.000305346300592646,2.423907062620856e-05,0.0,20,5551.0,0.0012836483074352145,0.0004911276046186686,2.4609811589471065e-05,0.0,16,0.0007273482508026064,0.0003967526834458113,2.913791067840066e-05,0.0,18.6
112,5601.0,0.000526885618455708,0.0004030468699056655,3.08314265566878e-05,0.0,15,5601.0,0.0004745825717691332,0.00029613092192448676,3.8482870877487585e-05,0.0,24,5601.0,0.000769421982113272,0.0004829478566534817,2.7711697839549743e-05,0.0,18,5601.0,0.000581268104724586,0.0003052001411560923,2.423386467853561e-05,0.0,20,5601.0,0.0012764167040586472,0.0004909676499664783,2.4625249352538958e-05,0.0,16,0.0007257149962242693,0.0003956586879212409,2.917702186095994e-05,0.0,18.6
113,5651.0,0.0005400012596510351,0.00040229919250123203,3.088533048867248e-05,0.0,15,5651.0,0.00045371384476311505,0.00029420130886137486,3.861894583678804e-05,0.0,24,5651.0,0.0007733214879408479,0.00047929666470736265,2.771546132862568e-05,0.0,18,5651.0,0.0005772397271357477,0.00030517939012497663,2.422891884634737e-05,0.0,20,5651.0,0.0012690979056060314,0.0004906991962343454,2.4640779884066433e-05,0.0,16,0.0007226748450193555,0.00039433515048585836,2.92178872769e-05,0.0,18.6
114,5701.0,0.0005208729417063296,0.00040032542892731726,3.094957719440572e-05,0.0,13,5701.0,0.00045267390669323504,0.00029319501481950283,3.875971742672846e-05,0.0,24,5701.0,0.0007512546144425869,0.00047632097266614437,2.7709975256584585e-05,0.0,18,5701.0,0.0005745247472077608,0.00030487237381748855,2.422120815026574e-05,0.0,20,5701.0,0.0012849429622292519,0.0004880258347839117,2.463326745782979e-05,0.0,16,0.0007168538344558329,0.00039254792500287294,2.925474909716286e-05,0.0,18.2
115,5751.0,0.0005179010331630707,0.0003994674189016223,3.0991850508144125e-05,0.0,13,5751.0,0.00045148131903260946,0.0002919146791100502,3.8890801079105586e-05,0.0,24,5751.0,0.0007482442888431251,0.0004740932199638337,2.7679889171849936e-05,0.0,17,5751.0,0.0005706202355213463,0.00030512799276039004,2.421445788058918e-05,0.0,20,5751.0,0.001255853334441781,0.0004884570371359587,2.462349038978573e-05,0.0,16,0.0007088200422003866,0.000391812069574371,2.928009780589491e-05,0.0,18.0
116,5801.0,0.0005237831501290202,0.0003978381573688239,3.103967901552096e-05,0.0,13,5801.0,0.0004523276584222913,0.00029077607905492187,3.9025810110615566e-05,0.0,24,5801.0,0.0007355753914453089,0.0004715135437436402,2.763689735729713e-05,0.0,17,5801.0,0.000570781878195703,0.00030500959837809205,2.420309101580642e-05,0.0,20,5801.0,0.0012498166179284453,0.0004883160581812263,2.4635846784804016e-05,0.0,16,0.0007064569392241538,0.00039069068734534087,2.930826485680882e-05,0.0,18.0
117,5851.0,0.0005121335852891207,0.0003976464504376054,3.1101193599170074e-05,0.0,13,5851.0,0.00044982731924392283,0.00028949123225174844,3.915757770300843e-05,0.0,24,5851.0,0.0007271463400684297,0.0004682166036218405,2.7625941584119573e-05,0.0,17,5851.0,0.0005642946343868971,0.00030398572562262416,2.417231553408783e-05,0.0,19,5851.0,0.0013146301498636603,0.0004878143663518131,2.4649662009323947e-05,0.0,16,0.0007136064057704062,0.0003894308756571263,2.9341338085941972e-05,0.0,17.8
118,5901.0,0.0005091851344332099,0.0003969721728935838,3.1176910852082074e-05,0.0,13,5901.0,0.0004498218768276274,0.0002882967528421432,3.928626392735168e-05,0.0,24,5901.0,0.0007224180153571069,0.0004642832209356129,2.763644624792505e-05,0.0,17,5901.0,0.000560042797587812,0.00030551664531230927,2.4121716705849394e-05,0.0,19,5901.0,0.0012394844088703394,0.00048770607099868357,2.465848774590995e-05,0.0,16,0.0006961904466152192,0.0003885549725964666,2.9375965095823633e-05,0.0,17.8
119,5951.0,0.0005154547397978604,0.00039623232441954315,3.12712109007407e-05,0.0,13,5951.0,0.0004489090933930129,0.000287175877019763,3.941469549317844e-05,0.0,24,5951.0,0.000741456460673362,0.00046053604455664754,2.7637981474981643e-05,0.0,17,5951.0,0.0005583594320341945,0.00030457915272563696,2.4098155336105265e-05,0.0,19,5951.0,0.001236914424225688,0.00048780677025206387,2.4677337933098897e-05,0.0,16,0.0007002188300248236,0.00038726603379473095,2.941987622762099e-05,0.0,17.8
120,6001.0,0.0005043590790592134,0.0003958728048019111,3.1369134376291186e-05,0.0,13,6001.0,0.00045959820272400975,0.0002855400671251118,3.9538244891446084e-05,0.0,24,6001.0,0.0007052706787362695,0.00045899939141236246,2.76492446573684e-05,0.0,17,6001.0,0.0005543733714148402,0.0003055140550713986,2.4094635591609403e-05,0.0,19,6001.0,0.0012300696689635515,0.00048514464288018644,2.46576400968479e-05,0.0,16,0.0006907342001795769,0.00038621419225819413,2.9461779922712596e-05,0.0,17.8
121,6051.0,0.0005025023710913956,0.0003945202333852649,3.1468320230487734e-05,0.0,13,6051.0,0.00044913339661434293,0.0002848959411494434,3.9672777347732335e-05,0.0,24,6051.0,0.0006972106057219207,0.0004557018692139536,2.7653199140331708e-05,0.0,17,6051.0,0.0005517130484804511,0.0003057681897189468,2.409415719739627e-05,0.0,19,6051.0,0.0012221798533573747,0.00048529772902838886,2.466166733938735e-05,0.0,16,0.0006845478550530971,0.0003852367924991995,2.951002425106708e-05,0.0,17.8
122,6101.0,0.0004984253901056945,0.0003943897318094969,3.1557221518596634e-05,0.0,13,6101.0,0.00045099423732608557,0.0002839104854501784,3.979805842391215e-05,0.0,24,6101.0,0.0006929314695298672,0.0004524502146523446,2.7657866667141207e-05,0.0,17,6101.0,0.0005505445296876132,0.000305454945191741,2.4083747121039778e-05,0.0,19,6101.0,0.0012157823657616973,0.0004851400153711438,2.46761082962621e-05,0.0,16,0.0006817355984821916,0.00038426907849498093,2.9554600405390375e-05,0.0,17.8
123,6151.0,0.0004960143705829978,0.00039404426934197545,3.1649888114770874e-05,0.0,13,6151.0,0.0004477958136703819,0.0002824153343681246,3.992282290710136e-05,0.0,24,6151.0,0.0006851705256849527,0.0004495615721680224,2.7667987524182536e-05,0.0,17,6151.0,0.0005469233146868646,0.0003061669413000345,2.4072522137430497e-05,0.0,19,6151.0,0.0012096145655959845,0.0004848770913667977,2.4690196369192563e-05,0.0,16,0.0006771037180442363,0.00038341304170899095,2.9600683410535568e-05,0.0,17.8
124,6201.0,0.0004932403680868447,0.0003932972904294729,3.175174424541183e-05,0.0,13,6201.0,0.0004644758009817451,0.00028118325280956924,4.004178481409326e-05,0.0,24,6201.0,0.0006768780876882374,0.0004459066840354353,2.7667294489219785e-05,0.0,17,6201.0,0.0005443048430606723,0.00030662858625873923,2.4065569959930144e-05,0.0,19,6201.0,0.0012203168589621782,0.00048417982179671526,2.4698878405615687e-05,0.0,16,0.0006798431917559356,0.0003822391270659864,2.964505438285414e-05,0.0,17.8
125,6251.0,0.0004911593277938664,0.000393087015254423,3.1842901080381125e-05,0.0,13,6251.0,0.00044967784197069705,0.0002803064417093992,4.0169961721403524e-05,0.0,24,6251.0,0.0006838666158728302,0.0004405276267789304,2.7663394575938582e-05,0.0,17,6251.0,0.0005475750658661127,0.00030584423802793026,2.405615487077739e-05,0.0,19,6251.0,0.0012011104263365269,0.0004825083597097546,2.4666820536367595e-05,0.0,16,0.0006746778555680067,0.00038045473629608754,2.9679846556973646e-05,0.0,17.8
126,6301.0,0.0004964115214534104,0.0003929937374778092,3.1933868740452453e-05,0.0,13,6301.0,0.00045843038242310286,0.0002794977044686675,4.0290498873218894e-05,0.0,24,6301.0,0.0006633487646467984,0.0004382211482152343,2.7648960895021446e-05,0.0,17,6301.0,0.0005411186721175909,0.00030731697916053236,2.4048913473961875e-05,0.0,19,6301.0,0.0011943052522838116,0.00048263950156979263,2.4677143301232718e-05,0.0,16,0.0006707229185849428,0.0003801338141784072,2.971987705677748e-05,0.0,17.8
127,6351.0,0.0004870113334618509,0.00039266442763619125,3.2021180231822655e-05,0.0,13,6351.0,0.0004500826180446893,0.0002780854993034154,4.0403952880296856e-05,0.0,24,6351.0,0.0006700715166516602,0.00043486058712005615,2.7639758627628908e-05,0.0,17,6351.0,0.0005495014484040439,0.0003082461189478636,2.4038776246015914e-05,0.0,19,6351.0,0.0011885393178090453,0.000482457282487303,2.469176979502663e-05,0.0,16,0.000669041246874258,0.0003792627830989659,2.9759087556158193e-05,0.0,17.8
128,6401.0,0.00048464801511727273,0.000392524350900203,3.210666181985289e-05,0.0,13,6401.0,0.00047826554509811103,0.00027737810160033405,4.051861833431758e-05,0.0,24,6401.0,0.0006526434444822371,0.0004323525936342776,2.7639371182885952e-05,0.0,17,6401.0,0.000537693384103477,0.00030787126161158085,2.4021817807806656e-05,0.0,19,6401.0,0.0011917639058083296,0.0004812473780475557,2.4695988031453453e-05,0.0,16,0.0006690028589218856,0.00037827473715879023,2.9796491435263307e-05,0.0,17.8
129,6451.0,0.0004915054887533188,0.00039205822395160794,3.220339567633346e-05,0.0,13,6451.0,0.00045219954336062074,0.00027593213599175215,4.063801679876633e-05,0.0,24,6451.0,0.0006458541029132903,0.0004289443022571504,2.7625110305962153e-05,0.0,17,6451.0,0.0005351746222004294,0.0003085282223764807,2.4008351829252206e-05,0.0,19,6451.0,0.0011791528668254614,0.00048139612772502005,2.4701903384993784e-05,0.0,16,0.0006607773248106241,0.00037737180246040226,2.9835355599061588e-05,0.0,17.8
130,6501.0,0.0004801848263014108,0.000392071990063414,3.229070352972485e-05,0.0,13,6501.0,0.000489500816911459,0.00027565410709939897,4.0752755012363195e-05,0.0,24,6501.0,0.0006398024270310998,0.00042523950105533004,2.761238101811614e-05,0.0,17,6501.0,0.0005370319122448564,0.00030890287598595023,2.399644290562719e-05,0.0,19,6501.0,0.0011730572441592813,0.0004812064580619335,2.471320840413682e-05,0.0,16,0.0006639154453296214,0.00037661498645320536,2.987309817399364e-05,0.0,17.8
131,6551.0,0.00047767494106665254,0.0003921768511645496,3.237330020056106e-05,0.0,13,6551.0,0.000452515174401924,0.0002736392489168793,4.0857030398910865e-05,0.0,24,6551.0,0.0006441531586460769,0.00041947292629629374,2.7596768632065505e-05,0.0,17,6551.0,0.0005331120919436216,0.0003088840458076447,2.3973399947863072e-05,0.0,19,6551.0,0.0012134357821196318,0.00047980507952161133,2.4717492124182172e-05,0.0,16,0.0006641782296355815,0.00037479563034139576,2.9903598260716535e-05,0.0,17.8
132,6601.0,0.0004903967492282391,0.0003925939672626555,3.2452804589411244e-05,0.0,13,6601.0,0.00045406940625980496,0.0002726516977418214,4.096299744560383e-05,0.0,24,6601.0,0.0006648293929174542,0.00041711435187608004,2.7570436941459775e-05,0.0,17,6601.0,0.0005306596285663545,0.0003096514265052974,2.395762930973433e-05,0.0,19,6601.0,0.0011646946659311652,0.0004789383674506098,2.469388346071355e-05,0.0,16,0.0006609299685806036,0.00037418996216729287,2.9927550349384548e-05,0.0,17.8
133,6651.0,0.0004725464095827192,0.0003925181517843157,3.2526557333767414e-05,0.0,13,6651.0,0.0005688939709216356,0.0002724233199842274,4.106646520085633e-05,0.0,24,6651.0,0.000624441250693053,0.0004151925095357001,2.755466994130984e-05,0.0,17,6651.0,0.0005339878262020648,0.00031073394347913563,2.3947042791405693e-05,0.0,19,6651.0,0.0011579177808016539,0.00047905129031278193,2.469874198141042e-05,0.0,16,0.0006715574476402254,0.00037398384301923215,2.995869544974994e-05,0.0,17.8
134,6701.0,0.0004700984281953424,0.00039239547913894057,3.2599269616184756e-05,0.0,13,6701.0,0.00045524296001531184,0.00027040447457693517,4.117107891943306e-05,0.0,24,6701.0,0.0006190034910105169,0.000411798944696784,2.7532118110684678e-05,0.0,17,6701.0,0.0005288066458888352,0.0003106502699665725,2.3936983780004084e-05,0.0,19,6701.0,0.001207133405841887,0.0004794358101207763,2.470943763910327e-05,0.0,16,0.0006560569861903787,0.00037293699570000176,2.9989777613081972e-05,0.0,17.8
135,6751.0,0.00047086019185371697,0.0003918458241969347,3.268430373282172e-05,0.0,13,6751.0,0.00048402807442471385,0.00027004824369214475,4.1273193346569315e-05,0.0,24,6751.0,0.0006460935110226274,0.00040744690340943635,2.7511017833603546e-05,0.0,17,6751.0,0.0005298599135130644,0.0003095858555752784,2.3923790649860166e-05,0.0,19,6751.0,0.0011495158541947603,0.0004786800709553063,2.4714307073736563e-05,0.0,16,0.0006560715090017766,0.0003715213795658201,3.0021322527318264e-05,0.0,17.8
136,6801.0,0.0004649869806598872,0.0003920993476640433,3.2754345738794655e-05,0.0,13,6801.0,0.000457699759863317,0.00026835958124138415,4.1368875827174634e-05,0.0,24,6801.0,0.0006101145991124213,0.000405447615776211,2.749228042375762e-05,0.0,17,6801.0,0.0005267020897008479,0.0003111681726295501,2.3907216018415056e-05,0.0,19,6801.0,0.0012082982575520873,0.0004776873392984271,2.4727711206651293e-05,0.0,16,0.0006535603373777122,0.00037095241132192316,3.0050085842958652e-05,0.0,17.8
137,6851.0,0.00046271647443063557,0.00039213974378071725,3.28211608575657e-05,0.0,13,6851.0,0.0004584828857332468,0.00026729097589850426,4.1464492824161425e-05,0.0,24,6851.0,0.0006055486737750471,0.00040199601789936423,2.7464782760944217e-05,0.0,17,6851.0,0.0005256503936834633,0.0003118281892966479,2.3895299818832427e-05,0.0,19,6851.0,0.0011412699241191149,0.0004770678060594946,2.4716930056456476e-05,0.0,16,0.0006387336703483016,0.00037006454658694565,3.007253326359205e-05,0.0,17.8
138,6901.0,0.00046556556480936706,0.0003917914582416415,3.288449443061836e-05,0.0,13,6901.0,0.0004581572429742664,0.0002660398022271693,4.1561612306395546e-05,0.0,24,6901.0,0.0006009775679558516,0.0003969188255723566,2.7433161449152976e-05,0.0,17,6901.0,0.0005350232822820544,0.0003120178880635649,2.3873097234172747e-05,0.0,19,6901.0,0.0011357070179656148,0.00047706387704238296,2.4725084585952573e-05,0.0,16,0.0006390861351974309,0.00036876637022942305,3.0095490001258443e-05,0.0,17.8
139,6951.0,0.0004580844833981246,0.00039138179272413254,3.2952964829746634e-05,0.0,13,6951.0,0.0004602053086273372,0.00026524876011535525,4.16449511249084e-05,0.0,24,6951.0,0.0005974157247692347,0.00039508272311650217,2.7392517949920148e-05,0.0,17,6951.0,0.0005252260016277432,0.0003121450135949999,2.384520303166937e-05,0.0,19,6951.0,0.0011570800561457872,0.00047708218335174024,2.4730768927838653e-05,0.0,16,0.0006396023149136455,0.00036818809458054606,3.0113281172816642e-05,0.0,17.8
140,7001.0,0.010639660060405731,0.0004238444089423865,3.303901030449197e-05,0.0,13,7001.0,0.0065971724689006805,0.00029807642567902803,4.175363210379146e-05,0.0,24,7001.0,0.00855257734656334,0.0004025953239761293,2.7395763027016073e-05,0.0,17,7001.0,0.005271405912935734,0.00034248834708705544,2.3854250684962608e-05,0.0,19,7001.0,0.01015588641166687,0.0005055907531641424,2.4742957975831814e-05,0.0,16,0.008243340440094471,0.00039451905176974834,3.0157122819218787e-05,0.0,17.8
141,7051.0,0.0004695250536315143,0.0003920132585335523,3.304674100945704e-05,0.0,13,7051.0,0.0004738809366244823,0.00026213214732706547,4.1796920413617045e-05,0.0,24,7051.0,0.0006012893281877041,0.0003911978274118155,2.7354961275705136e-05,0.0,17,7051.0,0.0005369348218664527,0.0003090212703682482,2.3821643480914645e-05,0.0,19,7051.0,0.0011423855321481824,0.0004715257091447711,2.4643650249345228e-05,0.0,16,0.0006448031344916672,0.0003651780425570905,3.013278328580782e-05,0.0,17.8
142,7101.0,0.00045429461169987917,0.0003909075749106705,3.314354034955613e-05,0.0,13,7101.0,0.0004577405343297869,0.00026256495038978755,4.186150181340054e-05,0.0,24,7101.0,0.0005960288108326495,0.0003908564685843885,2.7316373234498315e-05,0.0,17,7101.0,0.000522509275469929,0.0003092587285209447,2.3831011276342906e-05,0.0,19,7101.0,0.0011358768679201603,0.0004708100750576705,2.4641292839078233e-05,0.0,16,0.000633290020050481,0.0003648795594926924,3.0158743902575226e-05,0.0,17.8
143,7151.0,0.000452536391094327,0.0003897249698638916,3.3227872336283326e-05,0.0,13,7151.0,0.00045906484592705965,0.0002625871275085956,4.19362258980982e-05,0.0,24,7151.0,0.0005932894418947399,0.00038994677015580237,2.725639205891639e-05,0.0,17,7151.0,0.0005201782332733274,0.0003101390611846,2.381646481808275e-05,0.0,19,7151.0,0.0011319102486595511,0.0004706679319497198,2.463303826516494e-05,0.0,16,0.000631395832169801,0.0003646131721325219,3.0173998675309124e-05,0.0,17.8
144,7201.0,0.0004514888278208673,0.00038868471165187657,3.3303454983979464e-05,0.0,13,7201.0,0.0004603531851898879,0.00026231055380776525,4.201972478767857e-05,0.0,24,7201.0,0.0005902881384827197,0.00038743161712773144,2.720983320614323e-05,0.0,16,7201.0,0.0005181085434742272,0.0003112318809144199,2.3802194846211933e-05,0.0,19,7201.0,0.001130182994529605,0.0004706088802777231,2.4629238396300934e-05,0.0,16,0.0006300843378994614,0.00036405352875590324,3.0192889244062827e-05,0.0,17.6
145,7251.0,0.00045056676026433706,0.00038779209717176855,3.336889130878262e-05,0.0,13,7251.0,0.0004611914628185332,0.0002618941944092512,4.210614861221984e-05,0.0,24,7251.0,0.0005870212335139513,0.0003852040972560644,2.7161215257365257e-05,0.0,16,7251.0,0.0005161825683899224,0.0003120618057437241,2.379164652666077e-05,0.0,19,7251.0,0.0011285131331533194,0.00047063035890460014,2.4632772692712024e-05,0.0,16,0.0006286950316280127,0.0003635165106970817,3.0212134879548104e-05,0.0,17.6
146,7301.0,0.00044978666119277477,0.00038698461139574647,3.343375647091307e-05,0.0,13,7301.0,0.0004618472885340452,0.00026136363158002496,4.2195806599920616e-05,0.0,24,7301.0,0.0005833501345477998,0.0003831855719909072,2.7106061679660343e-05,0.0,16,7301.0,0.0005143738817423582,0.00031274225329980254,2.378384306211956e-05,0.0,19,7301.0,0.0011268100934103131,0.00047070402069948614,2.4642740754643455e-05,0.0,16,0.0006272336118854583,0.0003629960177931935,3.023244171345141e-05,0.0,17.6
147,7351.0,0.00044910592259839177,0.00038622593274340034,3.349570033606142e-05,0.0,13,7351.0,0.0004624584107659757,0.00026074066408909857,4.2284769733669236e-05,0.0,24,7351.0,0.0005795969627797604,0.0003810918133240193,2.7075755497207865e-05,0.0,16,7351.0,0.0005126827163621783,0.00031335296807810664,2.3777889509801753e-05,0.0,19,7351.0,0.0011251361574977636,0.00047082052333280444,2.4656816094648093e-05,0.0,16,0.000625796034000814,0.0003624463803134859,3.0258186234277674e-05,0.0,17.6
148,7401.0,0.00044846348464488983,0.0003854924289043993,3.355878288857639e-05,0.0,13,7401.0,0.0004630483454093337,0.0002600423467811197,4.2373161704745144e-05,0.0,24,7401.0,0.000575850426685065,0.00037896339199505746,2.706080886127893e-05,0.0,16,7401.0,0.0005111029604449868,0.0003144645888824016,2.37733474932611e-05,0.0,18,7401.0,0.0011235341662541032,0.0004709776258096099,2.467584636178799e-05,0.0,16,0.0006243998766876758,0.00036198807647451763,3.0288389461929912e-05,0.0,17.400000000000002
149,7451.0,0.0004478067858144641,0.00038476454210467637,3.361973722348921e-05,0.0,13,7451.0,0.00046397437108680606,0.000258020096225664,4.245820673531853e-05,0.0,23,7451.0,0.0005722654168494046,0.00037683785194531083,2.7047391995438375e-05,0.0,16,7451.0,0.0005098030087538064,0.0003141291090287268,2.3806680474081077e-05,0.0,18,7451.0,0.0011219978332519531,0.0004711691872216761,2.469645914970897e-05,0.0,16,0.0006231694831512869,0.00036098415730521086,3.0325695115607234e-05,0.0,17.2
150,7501.0,0.0004470995918381959,0.00038402629434131086,3.3679149055387825e-05,0.0,13,7501.0,0.00046796887181699276,0.00025847431970760226,4.250609708833508e-05,0.0,23,7501.0,0.0005690035759471357,0.0003747586742974818,2.7032439902541228e-05,0.0,16,7501.0,0.0005079021211713552,0.0003150558623019606,2.3769636754877865e-05,0.0,18,7501.0,0.0011204940965399146,0.000471380801172927,2.4719032808206975e-05,0.0,16,0.0006224936514627188,0.00036073919036425653,3.0341271121869797e-05,0.0,17.2
151,7551.0,0.00044632062781602144,0.00038326639332808554,3.3735639590304345e-05,0.0,13,7551.0,0.00046643370296806097,0.0002570247452240437,4.2521540308371186e-05,0.0,23,7551.0,0.0005658242735080421,0.00037259579403325915,2.7018080800189637e-05,0.0,16,7551.0,0.0005063595599494874,0.0003156725724693388,2.3730850443826057e-05,0.0,18,7551.0,0.0011189775541424751,0.00047159221139736474,2.4741162633290514e-05,0.0,16,0.0006207831436768175,0.0003600303432904184,3.034945475519635e-05,0.0,17.2
152,7601.0,0.00044545967830345035,0.00038247735938057303,3.379419649718329e-05,0.0,13,7601.0,0.0004656893142964691,0.0002559260174166411,4.255163366906345e-05,0.0,23,7601.0,0.0005636525456793606,0.0003705495037138462,2.7002563001587987e-05,0.0,16,7601.0,0.0005051111802458763,0.00031614257022738457,2.3693592083873227e-05,0.0,18,7601.0,0.0011173946550115943,0.0004717799019999802,2.4764904082985595e-05,0.0,16,0.0006194614747073502,0.00035937507054768504,3.036137786693871e-05,0.0,17.2
153,7651.0,0.0004445140657480806,0.0003816563985310495,3.385377931408584e-05,0.0,13,7651.0,0.00046509469393640757,0.0002549337805248797,4.261123467586003e-05,0.0,23,7651.0,0.0005606276681646705,0.000368207402061671,2.699036485864781e-05,0.0,16,7651.0,0.0005040399846620858,0.0003166351525578648,2.3669250367674977e-05,0.0,18,7651.0,0.00111569301225245,0.0004719193384516984,2.4790790121187456e-05,0.0,16,0.000617993884952739,0.0003586704144254327,3.0383083867491223e-05,0.0,17.2
154,7701.0,0.00044349240488372743,0.0003807885805144906,3.391247446415946e-05,0.0,13,7701.0,0.0004646137240342796,0.00025396671844646335,4.267861368134618e-05,0.0,23,7701.0,0.0005596887785941362,0.0003662116650957614,2.697663876460865e-05,0.0,16,7701.0,0.0005031523760408163,0.0003170026757288724,2.3653994503547437e-05,0.0,18,7701.0,0.0011138268746435642,0.0004719898570328951,2.4815519282128662e-05,0.0,16,0.0006169548316393048,0.0003579918993636966,3.0407448139158078e-05,0.0,17.2
155,7751.0,0.00044258340494707227,0.0003796867385972291,3.39704638463445e-05,0.0,13,7751.0,0.0004633857752196491,0.00025310931960120797,4.273984086466953e-05,0.0,23,7751.0,0.0005566078471019864,0.0003638710477389395,2.6960220566252246e-05,0.0,16,7751.0,0.0005024350830353796,0.0003173065488226712,2.3640033759875223e-05,0.0,18,7751.0,0.0011117694666609168,0.00047196639934554696,2.483847492840141e-05,0.0,16,0.0006153563153930008,0.000357188010821119,3.0429806793108585e-05,0.0,17.2
156,7801.0,0.0004411053960211575,0.00037893906119279563,3.402734728297219e-05,0.0,13,7801.0,0.0004607969312928617,0.0002525122545193881,4.2866013245657086e-05,0.0,22,7801.0,0.0005565958563238382,0.00036122926394455135,2.694572503969539e-05,0.0,16,7801.0,0.0005016859504394233,0.00031746606691740453,2.362543818890117e-05,0.0,18,7801.0,0.0011094743385910988,0.0004718653217423707,2.4862840291461907e-05,0.0,16,0.000613931694533676,0.00035640239366330206,3.046547280973755e-05,0.0,17.0
157,7851.0,0.0004399829194881022,0.00037811827496625483,3.408556221984327e-05,0.0,13,7851.0,0.00046012792154215276,0.0002517525281291455,4.291522054700181e-05,0.0,22,7851.0,0.0005537727847695351,0.00035992631455883384,2.6928984880214557e-05,0.0,16,7851.0,0.0005011268076486886,0.0003176056779921055,2.3615302779944614e-05,0.0,18,7851.0,0.001106950337998569,0.0004716591793112457,2.4888637199182995e-05,0.0,16,0.0006123921542894096,0.0003558123949915171,3.048674152523745e-05,0.0,17.0
158,7901.0,0.0004382318293210119,0.00037695691571570933,3.414686943870038e-05,0.0,13,7901.0,0.00045824909466318786,0.0002498689864296466,4.2967949411831796e-05,0.0,22,7901.0,0.0005618432769551873,0.0003590365522541106,2.691351983230561e-05,0.0,16,7901.0,0.0005016024806536734,0.00031794336973689497,2.3602699002367444e-05,0.0,18,7901.0,0.0011041881516575813,0.00047135475324466825,2.491232407919597e-05,0.0,16,0.0006128229666501284,0.000355032115476206,3.050867235288024e-05,0.0,17.0
159,7951.0,0.00043724774150177836,0.0003761157568078488,3.420174107304774e-05,0.0,13,7951.0,0.00045690202387049794,0.00024914200184866786,4.301790977478959e-05,0.0,22,7951.0,0.0005526963504962623,0.00035679881693795323,2.6890176741289906e-05,0.0,16,7951.0,0.0005003457190468907,0.00031778536504134536,2.3590524506289512e-05,0.0,18,7951.0,0.0011012962786480784,0.00047093036118894815,2.493487590982113e-05,0.0,16,0.0006096976227127016,0.0003541544603649527,3.052704560104758e-05,0.0,17.0
