,epoch,total_0,decoder_0,sindy_x_0,reg_0,sindy_z_0,active_coeffs_0,total_1,decoder_1,sindy_x_1,reg_1,sindy_z_1,active_coeffs_1,total_2,decoder_2,sindy_x_2,reg_2,sindy_z_2,active_coeffs_2,total_3,decoder_3,sindy_x_3,reg_3,sindy_z_3,active_coeffs_3,total_4,decoder_4,sindy_x_4,reg_4,sindy_z_4,active_coeffs_4,total_5,decoder_5,sindy_x_5,reg_5,sindy_z_5,active_coeffs_5,total_6,decoder_6,sindy_x_6,reg_6,sindy_z_6,active_coeffs_6,total_7,decoder_7,sindy_x_7,reg_7,sindy_z_7,active_coeffs_7,total_8,decoder_8,sindy_x_8,reg_8,sindy_z_8,active_coeffs_8,total_9,decoder_9,sindy_x_9,reg_9,sindy_z_9,active_coeffs_9
0,0,0.28438785672187805,0.2833441197872162,0.0010337188141420484,9.999999747378752e-06,0.0,60,0.3928386867046356,0.39148208498954773,0.001346598961390555,9.999999747378752e-06,0.0,60,0.3637734651565552,0.36230918765068054,0.0014542691642418504,9.999999747378752e-06,0.0,60,0.35269859433174133,0.35157501697540283,0.001113574719056487,9.999999747378752e-06,0.0,60,0.3871072828769684,0.3855561912059784,0.0015410690102726221,9.999999747378752e-06,0.0,60,0.38156646490097046,0.38056644797325134,0.0009900180157274008,9.999999747378752e-06,0.0,60,0.31701937317848206,0.3157655596733093,0.0012438144767656922,9.999999747378752e-06,0.0,60,0.3371681571006775,0.3358939290046692,0.0012642169604077935,9.999999747378752e-06,0.0,60,0.37029093503952026,0.36895957589149475,0.0013213470811024308,9.999999747378752e-06,0.0,60,0.35990914702415466,0.35865628719329834,0.0012428519548848271,9.999999747378752e-06,0.0,60
1,50,0.009556186385452747,0.008585575968027115,0.0009619430056773126,8.667618203617167e-06,0.0,60,0.013881071470677853,0.012631779536604881,0.0012413617223501205,7.929903404146899e-06,0.0,60,0.01709733158349991,0.0156951155513525,0.001395303988829255,6.911674518050859e-06,0.0,60,0.012227675877511501,0.010813599452376366,0.0014060947578400373,7.98109067545738e-06,0.0,60,0.014426355250179768,0.012898373417556286,0.0015200492925941944,7.931897016533185e-06,0.0,60,0.011059943586587906,0.009987561032176018,0.0010640209075063467,8.36136950965738e-06,0.0,60,0.014927004463970661,0.013502087444067001,0.0014168830821290612,8.033436643017922e-06,0.0,60,0.013687493279576302,0.012507962062954903,0.0011724889045581222,7.042771358101163e-06,0.0,60,0.01421335618942976,0.012862573377788067,0.0013428025413304567,7.980877853697166e-06,0.0,60,0.011142137460410595,0.010052518919110298,0.0010823504999279976,7.268336048582569e-06,0.0,60
2,100,0.004288505297154188,0.003471704665571451,0.0008085825829766691,8.217826689360663e-06,0.0,60,0.008517419919371605,0.007516084238886833,0.0009938947623595595,7.441036359523423e-06,0.0,60,0.009488272480666637,0.008327685296535492,0.0011543104192242026,6.276790827541845e-06,0.0,60,0.007569791749119759,0.006486137397587299,0.0010764272883534431,7.226891739264829e-06,0.0,60,0.008797679096460342,0.007579636760056019,0.0012109637027606368,7.079117040120764e-06,0.0,60,0.00504936370998621,0.0042749554850161076,0.0007662835414521396,8.125000022118911e-06,0.0,60,0.0076962620951235294,0.006475606933236122,0.0012132233241572976,7.432071924995398e-06,0.0,60,0.00852949544787407,0.007539727725088596,0.0009833602234721184,6.40789312456036e-06,0.0,60,0.009894857183098793,0.00877032708376646,0.0011171300429850817,7.4001522989419755e-06,0.0,60,0.007669208571314812,0.006971299648284912,0.0006913444958627224,6.564258910657372e-06,0.0,60
3,150,0.0017248571384698153,0.0009242689120583236,0.0007930872961878777,7.5008820203947835e-06,0.0,60,0.006349289324134588,0.005605771671980619,0.000736694666557014,6.822800969530363e-06,0.0,60,0.007420897018164396,0.00671424763277173,0.0007007637759670615,5.885406608285848e-06,0.0,53,0.005810713395476341,0.004803600255399942,0.0010004080832004547,6.7049090830550995e-06,0.0,60,0.0073849912732839584,0.0062783258035779,0.0011000685626640916,6.597048468393041e-06,0.0,55,0.002178359078243375,0.0014586143661290407,0.0007119622896425426,7.78237335907761e-06,0.0,60,0.002828481374308467,0.0017577315447852015,0.0010637737577781081,6.97605537425261e-06,0.0,60,0.003146525239571929,0.002151906257495284,0.0009888643398880959,5.754752237407956e-06,0.0,58,0.008420459926128387,0.007408245000988245,0.0010053162695840001,6.898745141370455e-06,0.0,60,0.006383154541254044,0.005792864598333836,0.0005845616688020527,5.72809403820429e-06,0.0,58
4,200,0.0013174379710108042,0.0006054574623703957,0.0007051509455777705,6.829564881627448e-06,0.0,59,0.001949102384969592,0.0013192889746278524,0.000623656960669905,6.156550625746604e-06,0.0,55,0.0029595578089356422,0.0021350744646042585,0.0008191453525796533,5.337763923307648e-06,0.0,50,0.0022370372898876667,0.001324359094724059,0.0009063482284545898,6.3298748500528745e-06,0.0,59,0.002893244381994009,0.00186538218986243,0.0010217706440016627,6.0914944697287865e-06,0.0,49,0.0015838349936529994,0.0009522047475911677,0.0006242033559828997,7.4269678407290485e-06,0.0,59,0.002091572852805257,0.001083029550500214,0.0010019890032708645,6.554530500579858e-06,0.0,58,0.002031833166256547,0.0012289773439988494,0.0007976896595209837,5.1661777433764655e-06,0.0,47,0.007233976386487484,0.006347356364130974,0.0008801468648016453,6.472977929661283e-06,0.0,57,0.0052931481041014194,0.004790725652128458,0.0004977022763341665,4.720248853118392e-06,0.0,51
5,250,0.0010868617100641131,0.0004930451977998018,0.0005874506896361709,6.365809440467274e-06,0.0,51,0.0013797273859381676,0.0008519408875145018,0.0005220979801379144,5.6885392041294836e-06,0.0,45,0.002086327411234379,0.0013550851726904511,0.0007264352170750499,4.807106051885057e-06,0.0,42,0.0017466229619458318,0.0009362418786622584,0.0008044796995818615,5.901426902710227e-06,0.0,54,0.001968268072232604,0.001172074698843062,0.0007904846570454538,5.708845492335968e-06,0.0,46,0.0013283643638715148,0.0007988093420863152,0.0005223770276643336,7.178036412369693e-06,0.0,55,0.001796161406673491,0.0008815685869194567,0.0009085192577913404,6.073447366361506e-06,0.0,54,0.0015926342457532883,0.0009336227085441351,0.0006542220944538713,4.789405011251802e-06,0.0,38,0.002784792333841324,0.0017766074743121862,0.001002222765237093,5.962046998320147e-06,0.0,52,0.002671173308044672,0.001911235973238945,0.0007559379446320236,3.999278305855114e-06,0.0,40
6,300,0.0009038062999024987,0.0003943484043702483,0.0005034687928855419,5.989096734992927e-06,0.0,43,0.0011550732888281345,0.0006650895811617374,0.00048463797429576516,5.34584978595376e-06,0.0,40,0.0016937591135501862,0.001047211466357112,0.0006422291626222432,4.318594619689975e-06,0.0,34,0.0015151203842833638,0.0008473937632516026,0.0006621857755817473,5.540793608815875e-06,0.0,49,0.0015757647342979908,0.0009348321473225951,0.0006355848163366318,5.347815658751642e-06,0.0,44,0.0010784943588078022,0.000626340857706964,0.00044525304110720754,6.900349490024382e-06,0.0,53,0.00154951645527035,0.0007724423194304109,0.0007713687955401838,5.705401235900354e-06,0.0,43,0.001326351542957127,0.0007419072790071368,0.0005798889324069023,4.555333362077363e-06,0.0,33,0.001962218200787902,0.0010545990662649274,0.000902084051631391,5.5351720220642164e-06,0.0,49,0.0017212023958563805,0.0009878665441647172,0.000729789724573493,3.546140760590788e-06,0.0,32
7,350,0.0007119474466890097,0.00024557183496654034,0.00046069471864029765,5.680883987224661e-06,0.0,39,0.0009833804797381163,0.0005265133804641664,0.00045175632112659514,5.110774509375915e-06,0.0,35,0.0014602249721065164,0.0008779290947131813,0.0005782829830422997,4.012944373243954e-06,0.0,32,0.0013638926902785897,0.0007797825965099037,0.0005790115101262927,5.0986764108529314e-06,0.0,46,0.0012726383283734322,0.0007667461177334189,0.0005008166190236807,5.075568878964987e-06,0.0,39,0.0008693921263329685,0.00047216558596119285,0.00039062759606167674,6.59893566989922e-06,0.0,48,0.0013789531076326966,0.0007035396411083639,0.0006698796642012894,5.533766398002626e-06,0.0,40,0.001110497978515923,0.0005673989071510732,0.000538708467502147,4.390568847156828e-06,0.0,31,0.0015551653923466802,0.0008042679401114583,0.0007456569001078606,5.240606697043404e-06,0.0,42,0.0015198918990790844,0.0008305844967253506,0.0006861655274406075,3.141823071928229e-06,0.0,28
8,400,0.0005980600253678858,0.0001713041274342686,0.0004213957581669092,5.360157956602052e-06,0.0,35,0.0008166294428519905,0.00039344592369161546,0.00041825961670838296,4.92392064188607e-06,0.0,34,0.0012862879084423184,0.0007497613551095128,0.0005327343242242932,3.792200686802971e-06,0.0,27,0.0012192782014608383,0.0006747609004378319,0.000539860688149929,4.656561941374093e-06,0.0,39,0.0010065761161968112,0.0005773036973550916,0.00042438277159817517,4.8896304178924765e-06,0.0,35,0.0007169791497290134,0.0003588530817069113,0.0003518479352351278,6.278180535446154e-06,0.0,43,0.0012123944470658898,0.0006293573533184826,0.0005776998586952686,5.337282345863059e-06,0.0,37,0.0009250224102288485,0.00041614501969888806,0.0005046106525696814,4.266732048563426e-06,0.0,28,0.0012717220233753324,0.0006415839889086783,0.0006251961458474398,4.9419359129387885e-06,0.0,36,0.001354425330646336,0.0007301977020688355,0.0006213607266545296,2.8669601306319237e-06,0.0,23
9,450,0.0005240650498308241,0.00013036942982580513,0.0003885968471877277,5.09876781507046e-06,0.0,29,0.0006732118781656027,0.0002805964322760701,0.0003878222778439522,4.79314894619165e-06,0.0,32,0.0011156660038977861,0.0006061901221983135,0.0005058145616203547,3.661207074401318e-06,0.0,24,0.0010692974319681525,0.0005520214326679707,0.0005130243371240795,4.251617610862013e-06,0.0,33,0.0008041764376685023,0.0004221115377731621,0.0003773773496504873,4.687607088271761e-06,0.0,32,0.0005475131911225617,0.0002261822810396552,0.00031531311105936766,6.01777946940274e-06,0.0,35,0.001012976747006178,0.0005272954585961998,0.00048044603317976,5.2351656449900474e-06,0.0,32,0.0007890023407526314,0.00030629191314801574,0.0004784771881531924,4.233241725160042e-06,0.0,26,0.0010789018124341965,0.00048749393317848444,0.0005867536528967321,4.654300482798135e-06,0.0,32,0.001207505352795124,0.0006337601225823164,0.0005710726836696267,2.67254517893889e-06,0.0,16
10,500,0.0004680538841057569,0.00010318553540855646,0.0003599734336603433,4.8949136726150755e-06,0.0,27,0.000588746159337461,0.00021829344041179866,0.0003657534543890506,4.699270903074648e-06,0.0,30,0.0009750851313583553,0.0004873473080806434,0.0004841511545237154,3.586670572985895e-06,0.0,23,0.0009092460968531668,0.0004207940073683858,0.00048457138473168015,3.8807152122899424e-06,0.0,29,0.0006418356788344681,0.00029247571364976466,0.00034483239869587123,4.527580131252762e-06,0.0,29,0.00046118799946270883,0.0001742577733239159,0.0002811436716001481,5.786576821265044e-06,0.0,33,0.0008499280083924532,0.0004162015684414655,0.0004285190370865166,5.207382400840288e-06,0.0,27,0.0006906319176778197,0.0002285524969920516,0.0004578422522172332,4.237166649545543e-06,0.0,25,0.0009276890777982771,0.00036331696901470423,0.0005599195137619972,4.4525745579448994e-06,0.0,27,0.001064739772118628,0.0005345909739844501,0.0005276508163660765,2.4979615318443393e-06,0.0,15
11,550,0.0004268210323061794,8.773061563260853e-05,0.0003343098214827478,4.780598374054534e-06,0.0,26,0.0005378816276788712,0.00018412090139463544,0.00034907140070572495,4.689347406383604e-06,0.0,26,0.0008562723523937166,0.0003922133764717728,0.0004604332207236439,3.6257654301152797e-06,0.0,21,0.0008122909930534661,0.00034821603912860155,0.0004604373243637383,3.6376568459672853e-06,0.0,24,0.0005688046221621335,0.00023972816416062415,0.000324649503454566,4.426960913406219e-06,0.0,24,0.0003957466105930507,0.00014061533147469163,0.00024954290711320937,5.5883624554553535e-06,0.0,31,0.0007047834224067628,0.00030481244903057814,0.0003947493969462812,5.221568244451191e-06,0.0,26,0.0006333652418106794,0.0001889748964458704,0.0004401379555929452,4.252442977303872e-06,0.0,25,0.0008081948035396636,0.00026547160814516246,0.0005383951356634498,4.328056093072519e-06,0.0,24,0.0009104178752750158,0.00041298611904494464,0.0004950726288370788,2.3591856006532907e-06,0.0,15
12,600,0.00040104426443576813,8.241200703196228e-05,0.0003138725587632507,4.759693183586933e-06,0.0,25,0.0004813150444533676,0.00014004396507516503,0.0003365710726939142,4.70000532004633e-06,0.0,25,0.0007458625477738678,0.00030373383197002113,0.00043847045162692666,3.658280320451013e-06,0.0,21,0.0007131882011890411,0.00026348524261265993,0.0004461490025278181,3.5539394502848154e-06,0.0,22,0.0005133619997650385,0.00019910883565898985,0.00030991548555903137,4.337675818533171e-06,0.0,22,0.0003568594402167946,0.00012203902588225901,0.00022941312636248767,5.407276148616802e-06,0.0,31,0.0006073597469367087,0.000245254545006901,0.00035692245000973344,5.182726908969926e-06,0.0,26,0.0005848996224813163,0.00015525206981692463,0.00042538484558463097,4.26271208198159e-06,0.0,25,0.000744151882827282,0.00021731686138082296,0.0005225965869612992,4.238459951011464e-06,0.0,24,0.000820728309918195,0.00034543871879577637,0.00047302033635787666,2.269217930006562e-06,0.0,14
13,650,0.00036945956526324153,6.803640280850232e-05,0.0002966364554595202,4.786708359461045e-06,0.0,23,0.000445230194600299,0.00012057495041517541,0.0003199378552380949,4.71737530460814e-06,0.0,25,0.0006515527493320405,0.00023380154743790627,0.00041409028926864266,3.6609169455914525e-06,0.0,20,0.0006587371462956071,0.00022286042803898454,0.000432331784395501,3.5449861570668872e-06,0.0,22,0.0004707568441517651,0.00017246922652702779,0.00029400939820334315,4.278207143215695e-06,0.0,22,0.0003228601417504251,0.00010347661736886948,0.00021410893532447517,5.2745899665751494e-06,0.0,29,0.0005219444283284247,0.0001891457795863971,0.00032763363560661674,5.1649999477376696e-06,0.0,24,0.0005357489571906626,0.00011873854964505881,0.0004127629508730024,4.247457582096104e-06,0.0,25,0.0006818783585913479,0.00016881160263437778,0.0005089145270176232,4.15224485550425e-06,0.0,24,0.0007791739189997315,0.00032060255762189627,0.0004563953261822462,2.176014959331951e-06,0.0,13
14,700,0.00034820300061255693,6.176215538289398e-05,0.0002816085470840335,4.8322785914933775e-06,0.0,22,0.0004027845279779285,0.00010020234185503796,0.00029777068994008005,4.811516191693954e-06,0.0,25,0.0005796698969788849,0.0001841441699070856,0.00039189818198792636,3.6275878301239572e-06,0.0,20,0.0006181949866004288,0.00019956895266659558,0.0004151267930865288,3.4992726796190254e-06,0.0,20,0.00045292332652024925,0.00016926378884818405,0.00027942174347117543,4.237777375237783e-06,0.0,21,0.00029135699151083827,8.726522355573252e-05,0.0001989502925425768,5.141479050507769e-06,0.0,27,0.00047917227493599057,0.00016771306400187314,0.0003062494215555489,5.209793926042039e-06,0.0,24,0.0005105689633637667,0.00010437188029754907,0.00040199069189839065,4.206381163385231e-06,0.0,25,0.0006477307761088014,0.00014534394722431898,0.0004983518738299608,4.034957783005666e-06,0.0,20,0.0007059280760586262,0.00026525670546106994,0.0004385958600323647,2.0755105651915073e-06,0.0,12
15,750,0.0003596300375647843,8.527246245648712e-05,0.0002694881986826658,4.869376425631344e-06,0.0,22,0.0003754521021619439,9.746907016960904e-05,0.0002730493724811822,4.933638138027163e-06,0.0,25,0.0005129462224431336,0.0001411966950399801,0.0003681259404402226,3.6236026517144637e-06,0.0,20,0.0005728782271035016,0.00016520227654837072,0.000404118443839252,3.557476929927361e-06,0.0,20,0.00041162880370393395,0.0001422747882315889,0.00026515996432863176,4.194025223114295e-06,0.0,21,0.0002667114604264498,7.604664278915152e-05,0.00018564809579402208,5.016717295802664e-06,0.0,26,0.0004411566478665918,0.00014725286746397614,0.0002886260044761002,5.277787295199232e-06,0.0,24,0.0004772511892952025,8.080020052148029e-05,0.00039230677066370845,4.144198101130314e-06,0.0,24,0.0006177733885124326,0.00012767179578077048,0.000486090691993013,4.010937573184492e-06,0.0,20,0.0006760942051187158,0.00025142740923911333,0.0004226780729368329,1.9887436337739928e-06,0.0,11
16,800,0.0003145922382827848,5.101097849546932e-05,0.0002586955379229039,4.885719135927502e-06,0.0,22,0.0003345731529407203,7.69939724705182e-05,0.00025257273227907717,5.006443643651437e-06,0.0,24,0.0004632473865058273,0.00011677846487145871,0.00034283119020983577,3.6377230117068393e-06,0.0,19,0.0005616362323053181,0.0001717709528747946,0.0003862228768412024,3.642375759227434e-06,0.0,20,0.00038218896952457726,0.0001269975327886641,0.00025100851780734956,4.1829121073533315e-06,0.0,20,0.0002629956870805472,8.438514487352222e-05,0.00017365168605465442,4.958842964697396e-06,0.0,26,0.0003937085857614875,0.00011816367623396218,0.0002702120109461248,5.33290676685283e-06,0.0,23,0.00046076628495939076,7.468079274985939e-05,0.00038199967821128666,4.08581263400265e-06,0.0,23,0.0006035092519596219,0.00012400145351421088,0.0004755384288728237,3.969374574808171e-06,0.0,19,0.0006484988844022155,0.00023697290453128517,0.00040961927152238786,1.9066859522354207e-06,0.0,11
17,850,0.0003018354473169893,4.823073322768323e-05,0.0002487351302988827,4.8695837904233485e-06,0.0,22,0.0003034090041182935,6.217477493919432e-05,0.00023620280262548476,5.031410182709806e-06,0.0,23,0.0004214697692077607,0.00010176366049563512,0.00031599117210134864,3.714932063303422e-06,0.0,19,0.0005156825645826757,0.00015199166955426335,0.0003599983174353838,3.6925514450558694e-06,0.0,20,0.0003586397797334939,0.0001163070191978477,0.0002380915539106354,4.241219812683994e-06,0.0,19,0.00023116286320146173,6.199569907039404e-05,0.00016422189946752042,4.945259661326418e-06,0.0,25,0.00037074866122566164,0.00010798337461892515,0.000257380394032225,5.3848639254283626e-06,0.0,23,0.0004377996956463903,5.979924026178196e-05,0.00037395957042463124,4.040882686240366e-06,0.0,23,0.000571961048990488,0.00010263040167046711,0.00046535691944882274,3.973702860093908e-06,0.0,18,0.0006210545543581247,0.00022319381241686642,0.0003960393078159541,1.8214162764706998e-06,0.0,11
18,900,0.00028954222216270864,4.58596259704791e-05,0.00023886455164756626,4.818062734557316e-06,0.0,22,0.00028924632351845503,6.116837175795808e-05,0.00022301725402940065,5.060700004833052e-06,0.0,23,0.00038299744483083487,9.466543269809335e-05,0.00028455432038754225,3.7776728731842013e-06,0.0,19,0.0004655641096178442,0.00012906233314424753,0.00033278611954301596,3.715666480275104e-06,0.0,20,0.0003562065539881587,0.00012341556430328637,0.00022853739210404456,4.253585302649299e-06,0.0,19,0.00021727458806708455,5.6084958487190306e-05,0.0001562525430927053,4.937080120726023e-06,0.0,25,0.00036676257150247693,0.00011480764078442007,0.0002465241414029151,5.4307893151417375e-06,0.0,23,0.00042382944957353175,4.937375706504099e-05,0.0003704828559421003,3.972857939515961e-06,0.0,22,0.0005589062348008156,9.780088294064626e-05,0.00045712239807471633,3.982951056968886e-06,0.0,17,0.0005952521460130811,0.0002125583414454013,0.00038096707430668175,1.726737082208274e-06,0.0,9
19,950,0.0002877704973798245,5.4245010687736794e-05,0.0002287979586981237,4.727526629721979e-06,0.0,22,0.00026964847347699106,5.087434692541137e-05,0.00021369195019360632,5.082174993731314e-06,0.0,22,0.0003436034603510052,8.857161446940154e-05,0.0002512484206818044,3.7834122394997394e-06,0.0,19,0.00042613595724105835,0.00011229598021600395,0.000310111470753327,3.7284978589013917e-06,0.0,19,0.0003304342390038073,0.00010668697359506041,0.0002194435801357031,4.3037007344537415e-06,0.0,18,0.0002102045837091282,5.461090768221766e-05,0.00015068391803652048,4.909758899884764e-06,0.0,24,0.0003408764023333788,9.84281359706074e-05,0.0002369682042626664,5.480063919094391e-06,0.0,23,0.0004309809592086822,5.466691800393164e-05,0.00037238909862935543,3.924941211153055e-06,0.0,20,0.0005449719610624015,9.176443563774228e-05,0.0004491949512157589,4.012565113953315e-06,0.0,16,0.0005674827261827886,0.0001923232921399176,0.0003734402998816222,1.7191892993650981e-06,0.0,8
20,1000,0.00026397290639579296,4.080209328094497e-05,0.00021857341926079243,4.597375209414167e-06,0.0,22,0.0002594151010271162,4.966475171386264e-05,0.00020464560657273978,5.104743195261108e-06,0.0,22,0.0003190759161952883,8.718988829059526e-05,0.00022817615536041558,3.7098650409461698e-06,0.0,19,0.00042806981946341693,0.0001316693378612399,0.0002926672750618309,3.7331999465095578e-06,0.0,19,0.0003387184115126729,0.00012297608191147447,0.00021141921752132475,4.323112989368383e-06,0.0,17,0.00019493715080898255,4.4849530240753666e-05,0.00014520376862492412,4.883853307546815e-06,0.0,24,0.0003254811163060367,9.105016943067312e-05,0.00022887341037858278,5.557536951528164e-06,0.0,23,0.0004139837110415101,4.678600816987455e-05,0.00036330457078292966,3.893136636179406e-06,0.0,20,0.0005308654508553445,8.505189180141315e-05,0.0004417648306116462,4.048724349559052e-06,0.0,16,0.0005462007829919457,0.00017791709979064763,0.0003665938857011497,1.6897579371288884e-06,0.0,7
21,1050,0.0002568712516222149,4.509802602115087e-05,0.00020734118879772723,4.432057721714955e-06,0.0,21,0.00027921758010052145,7.695015665376559e-05,0.00019714799418579787,5.119429260957986e-06,0.0,21,0.00031636282801628113,9.953666449291632e-05,0.00021324002591427416,3.5861389733327087e-06,0.0,18,0.0003746351576410234,0.00010053543519461527,0.0002703871577978134,3.7125714698049705e-06,0.0,17,0.00029755037394352257,9.194246376864612e-05,0.00020124709408264607,4.360822458693292e-06,0.0,17,0.00018901846488006413,4.4028303818777204e-05,0.00014012036263011396,4.869802523899125e-06,0.0,24,0.00033251778222620487,0.00010529732389841229,0.00022158883803058416,5.631628937408095e-06,0.0,23,0.0003972673730459064,3.993825885117985e-05,0.00035347207449376583,3.857031970255775e-06,0.0,20,0.0005438587395474315,0.00010498637857381254,0.00043478835141286254,4.084008196514333e-06,0.0,16,0.0005412437603808939,0.00018108365475200117,0.0003584755468182266,1.6846090602484765e-06,0.0,6
22,1100,0.00023451553715858608,3.34543947246857e-05,0.00019679084653034806,4.27030454375199e-06,0.0,20,0.0002522151335142553,5.6706947361817583e-05,0.00019037467427551746,5.133520971867256e-06,0.0,21,0.0002831159217748791,7.768262003082782e-05,0.0002019671374000609,3.466165026111412e-06,0.0,17,0.0003514215932227671,9.453294478589669e-05,0.00025320088025182486,3.6877684124192456e-06,0.0,16,0.00029145885491743684,9.62959456956014e-05,0.00019076916214544326,4.3937402551819105e-06,0.0,17,0.00018130643002223223,4.051504947710782e-05,0.00013595217023976147,4.839209395868238e-06,0.0,21,0.00029669987270608544,7.606832514284179e-05,0.00021492964879143983,5.701917871192563e-06,0.0,23,0.00038654476520605385,3.94776689063292e-05,0.0003432435041759163,3.8235953070397954e-06,0.0,20,0.0005092454957775772,7.648396422155201e-05,0.00042865952127613127,4.1020230128197e-06,0.0,15,0.0005130591453053057,0.00016262073768302798,0.0003487556241452694,1.6827916624606587e-06,0.0,6
23,1150,0.0002231702528661117,3.1692154152551666e-05,0.00018731730233412236,4.16080138165853e-06,0.0,18,0.0002565733448136598,6.630272400798276e-05,0.00018509852816350758,5.172090368432691e-06,0.0,21,0.00027102939202450216,7.394563726847991e-05,0.00019371698726899922,3.366772716617561e-06,0.0,17,0.00041653585503809154,0.00016032278654165566,0.00025249813916161656,3.7149259242141852e-06,0.0,15,0.00027622689958661795,9.002324077300727e-05,0.00018179084872826934,4.412800990394317e-06,0.0,17,0.00017232849495485425,3.6214376450516284e-05,0.00013127287093084306,4.841248482989613e-06,0.0,21,0.00029756169533357024,8.322666690219194e-05,0.0002085672749672085,5.767749826190993e-06,0.0,23,0.0003998310421593487,6.38053534203209e-05,0.0003321950207464397,3.8306884562189225e-06,0.0,20,0.0005049660103395581,7.950856524985284e-05,0.00042131991358473897,4.137528321734862e-06,0.0,15,0.0004977245698682964,0.00015594088472425938,0.00034009673981927335,1.6869207684067078e-06,0.0,6
24,1200,0.00021513501997105777,2.9993234420544468e-05,0.00018102458852808923,4.11719747717143e-06,0.0,16,0.00023117935052141547,4.701023499364965e-05,0.00017896089411806315,5.2082136789977085e-06,0.0,21,0.0002642828621901572,7.377396832453087e-05,0.00018723138782661408,3.2774848932604073e-06,0.0,17,0.00033723210799507797,9.189066622639075e-05,0.00024161285546142608,3.728590854734648e-06,0.0,15,0.0002750965068116784,9.740768291521817e-05,0.00017326702072750777,4.421799985721009e-06,0.0,17,0.00016716666868887842,3.549569009919651e-05,0.0001268352789338678,4.835700565308798e-06,0.0,21,0.000321990461088717,0.00011413025640649721,0.00020203297026455402,5.827237600897206e-06,0.0,23,0.000360254809493199,3.478329017525539e-05,0.0003216015174984932,3.8700009099557064e-06,0.0,19,0.0004906747490167618,7.220121187856421e-05,0.00041430300916545093,4.170494776190026e-06,0.0,15,0.00048806765698827803,0.00015296465426217765,0.00033340739901177585,1.6956104218479595e-06,0.0,6
25,1250,0.00021317735081538558,3.40947626682464e-05,0.00017498464148957282,4.097943019587547e-06,0.0,16,0.0002197334833908826,4.0460145100951195e-05,0.0001740304142003879,5.242922725301469e-06,0.0,21,0.0002546117175370455,6.979616591706872e-05,0.00018161612388212234,3.1994413802749477e-06,0.0,17,0.0003233071474824101,8.637468999950215e-05,0.00023320455511566252,3.7279155549185816e-06,0.0,15,0.0002568693889770657,8.698336023371667e-05,0.00016546365804970264,4.422345227794722e-06,0.0,17,0.0001710297801764682,4.326244015828706e-05,0.00012294210318941623,4.825235009775497e-06,0.0,21,0.0002758713671937585,7.331826054723933e-05,0.00019667166634462774,5.881450761080487e-06,0.0,23,0.00034957280149683356,3.531702532200143e-05,0.00031035373103804886,3.902041953551816e-06,0.0,19,0.0004882964421994984,7.688505138503388e-05,0.0004072090960107744,4.202280251774937e-06,0.0,15,0.0004633962525986135,0.00013405717618297786,0.00032763733179308474,1.7017504205796286e-06,0.0,6
26,1300,0.00020071776816621423,2.6665578843676485e-05,0.00016998747014440596,4.064717359142378e-06,0.0,16,0.00021359469974413514,3.879270298057236e-05,0.0001695272803772241,5.274716386338696e-06,0.0,21,0.0002554058446548879,7.571560854557902e-05,0.00017655613191891462,3.1341005524154752e-06,0.0,17,0.0003116181760560721,8.239709859481081e-05,0.00022549988352693617,3.7211871131148655e-06,0.0,15,0.00024298587231896818,7.92410210124217e-05,0.0001593277556821704,4.4170833461976144e-06,0.0,17,0.0001772771356627345,5.331746069714427e-05,0.0001191482151625678,4.811459803022444e-06,0.0,21,0.0002695655857678503,7.365042984019965e-05,0.00018998657469637692,5.928600785409799e-06,0.0,23,0.00033692835131660104,3.3213225833605975e-05,0.0002997824631165713,3.9326600926870015e-06,0.0,18,0.000489438883960247,8.467202133033425e-05,0.0004005337250418961,4.2331266740802675e-06,0.0,15,0.00044834602158516645,0.0001229393237736076,0.00032369751716032624,1.709179514364223e-06,0.0,6
27,1350,0.00019936265016440302,3.0345898267114535e-05,0.00016497175965923816,4.044995421281783e-06,0.0,16,0.00020923746342305094,3.8808830140624195e-05,0.00016512436559423804,5.304281785356579e-06,0.0,21,0.00024871263303793967,7.421495683956891e-05,0.0001714216632535681,3.076009988944861e-06,0.0,17,0.00030346825951710343,7.93829676695168e-05,0.00022037413145881146,3.7111551591806347e-06,0.0,15,0.00023807196703273803,7.901384378783405e-05,0.00015465340402442962,4.404723767947871e-06,0.0,17,0.00016218182281590998,4.296061160857789e-05,0.00011442628601798788,4.794934739038581e-06,0.0,21,0.0002560769789852202,6.667576963081956e-05,0.00018343213014304638,5.969089670543326e-06,0.0,23,0.0003280974051449448,3.587457467801869e-05,0.0002882653789129108,3.957459739467595e-06,0.0,18,0.00046104041393846273,6.31768925813958e-05,0.0003935994172934443,4.2641281652322505e-06,0.0,15,0.0004483515222091228,0.00012652567238546908,0.0003201066283509135,1.7192351151607e-06,0.0,6
28,1400,0.00019518764747772366,3.084754280280322e-05,0.0001603046985110268,4.0354120756092016e-06,0.0,16,0.00019909720867872238,3.2681291486369446e-05,0.00016108514682855457,5.330779458745383e-06,0.0,21,0.00024319069052580744,7.369490776909515e-05,0.00016647206211928278,3.0237349619710585e-06,0.0,17,0.00029737805016338825,7.980117516126484e-05,0.0002138781565008685,3.6987134990340564e-06,0.0,15,0.00023155257804319263,7.695476961089298e-05,0.0001502121886005625,4.3856216507265344e-06,0.0,17,0.00015420137788169086,3.852837471640669e-05,0.00011089751205872744,4.775494289788185e-06,0.0,21,0.00023931640316732228,5.5931548558874056e-05,0.00017738236056175083,6.002495865686797e-06,0.0,23,0.00031845111516304314,3.6626170185627416e-05,0.0002778578782454133,3.9670453588769305e-06,0.0,17,0.0004524571995716542,6.040301013854332e-05,0.00038775926805101335,4.2949127418978605e-06,0.0,15,0.00043247686699032784,0.00011538757098605856,0.0003153636062052101,1.7256704722967697e-06,0.0,6
29,1450,0.00019284618610981852,3.313912748126313e-05,0.00015569092647638172,4.016137154394528e-06,0.0,15,0.0001998662919504568,3.706332790898159e-05,0.00015744827396702021,5.354689164960291e-06,0.0,21,0.00024026751634664834,7.557128265034407e-05,0.00016171945026144385,2.976780251628952e-06,0.0,17,0.000283223285805434,7.160923269111663e-05,0.00020792779105249792,3.6862738852505572e-06,0.0,15,0.00022823164181318134,7.722256850684062e-05,0.00014664755144622177,4.36150867244578e-06,0.0,17,0.0001522985112387687,4.043941225972958e-05,0.00010710661445045844,4.752482254843926e-06,0.0,21,0.0002294995792908594,5.17559856234584e-05,0.0001717171398922801,6.026463779562619e-06,0.0,22,0.00030553576652891934,3.579005351639353e-05,0.0002657561853993684,3.989537617599126e-06,0.0,17,0.00044784590136259794,6.127286178525537e-05,0.00038224857416935265,4.3244922380836215e-06,0.0,15,0.00045522136497311294,0.00014251233369577676,0.0003109817916993052,1.727229573589284e-06,0.0,6
30,1500,0.00019154103938490152,3.61253296432551e-05,0.00015140420873649418,4.011497367173433e-06,0.0,15,0.00018958281725645065,3.1145325920078903e-05,0.00015306231216527522,5.375179625843884e-06,0.0,21,0.00023243877512868494,7.234711665660143e-05,0.00015715787594672292,2.933787527581444e-06,0.0,17,0.00027475872775539756,6.891958037158474e-05,0.00020217504061292857,3.6641179121943424e-06,0.0,14,0.00022341564181260765,7.517320045735687e-05,0.0001439127663616091,4.329673629399622e-06,0.0,17,0.00014673557598143816,3.8469261198770255e-05,0.00010354150435887277,4.7247958718799055e-06,0.0,21,0.0002192757820012048,4.746014383272268e-05,0.00016575836343690753,6.057284281268949e-06,0.0,22,0.0002964545274153352,3.832062429864891e-05,0.000254108221270144,4.025660928164143e-06,0.0,17,0.00043457408901304007,5.350469655240886e-05,0.00037671541213057935,4.3540039769141e-06,0.0,15,0.0004155827919021249,0.00010796311835292727,0.00030589461675845087,1.7250519022127264e-06,0.0,6
31,1550,0.00017459476657677442,2.334603777853772e-05,0.0001472466829000041,4.0020481719693635e-06,0.0,15,0.0001879063347587362,3.301487959106453e-05,0.00014949881006032228,5.392649200075539e-06,0.0,21,0.00023147165484260768,7.526902481913567e-05,0.0001533074100734666,2.8952174488949822e-06,0.0,17,0.0002712465065997094,6.96670904289931e-05,0.00019791701924987137,3.66239305549243e-06,0.0,13,0.0002267200907226652,7.93315630289726e-05,0.00014309327525552362,4.2952574403898325e-06,0.0,16,0.00014497060328722,4.0180057112593204e-05,0.00010009950347011909,4.691035428550094e-06,0.0,21,0.00023002986563369632,6.30411013844423e-05,0.00016093000886030495,6.058750386728207e-06,0.0,21,0.00027827950543724,3.2082560210255906e-05,0.00024213783035520464,4.059120328747667e-06,0.0,17,0.00043033884139731526,5.483981658471748e-05,0.00037120780325494707,4.291213372198399e-06,0.0,14,0.00040973181603476405,0.0001066345430444926,0.0003013769455719739,1.720313662190165e-06,0.0,6
32,1600,0.00016905386291909963,2.198467518610414e-05,0.00014307964011095464,3.989552169514354e-06,0.0,15,0.00019610635354183614,4.394239658722654e-05,0.0001467563706682995,5.40757264388958e-06,0.0,21,0.0002257978485431522,7.290615030797198e-05,0.00015003193402662873,2.8597751224879175e-06,0.0,17,0.00025973524316214025,6.458179268520325e-05,0.00019149729632772505,3.6561687011271715e-06,0.0,13,0.00022182146494742483,7.710846693953499e-05,0.00014047227159608155,4.240726866555633e-06,0.0,16,0.00014586126781068742,4.467064718483016e-05,9.654213499743491e-05,4.648486992664402e-06,0.0,21,0.0002089879708364606,4.644911314244382e-05,0.00015647058899048716,6.068260972824646e-06,0.0,20,0.00027620341279543936,4.1760380554478616e-05,0.0002303539658896625,4.089062258572085e-06,0.0,17,0.00042258482426404953,5.2267609135014936e-05,0.00036603808985091746,4.279144832253223e-06,0.0,13,0.0004016603634227067,0.0001030659259413369,0.0002968809276353568,1.713509163892013e-06,0.0,6
33,1650,0.0001678342086961493,2.4831391783664003e-05,0.0001390273537253961,3.975460003857734e-06,0.0,15,0.0001777458528522402,2.9553892090916634e-05,0.0001427721872460097,5.419778062787373e-06,0.0,21,0.00022331472428049892,7.322264718823135e-05,0.00014726554218214005,2.826540367095731e-06,0.0,17,0.00025320006534457207,6.252028106246144e-05,0.00018702370289247483,3.656079115899047e-06,0.0,13,0.00022287294268608093,7.995791384018958e-05,0.00013871672854293138,4.19830121245468e-06,0.0,16,0.00013749775825999677,3.9476686652051285e-05,9.342474368168041e-05,4.596317467076005e-06,0.0,21,0.00019987148698419333,4.229863770888187e-05,0.0001514950126875192,6.0778443184972275e-06,0.0,20,0.00026253415853716433,4.042727960040793e-05,0.0002179921284550801,4.1147577576339245e-06,0.0,17,0.0004197446978650987,5.389184661908075e-05,0.00036154521512798965,4.307616563892225e-06,0.0,13,0.0003962116898037493,0.00010189149179495871,0.00029261515010148287,1.705036879684485e-06,0.0,6
34,1700,0.00016286414756905288,2.3794593289494514e-05,0.00013511073484551162,3.958823526772903e-06,0.0,15,0.00020527008746284992,6.097275036154315e-05,0.00013886677334085107,5.430553301266627e-06,0.0,21,0.0002574178797658533,0.000109523294668179,0.00014509953325614333,2.795040018099826e-06,0.0,17,0.00024777662474662066,6.104037311160937e-05,0.00018310225277673453,3.633992491813842e-06,0.0,12,0.00025337148690596223,0.0001083775277948007,0.0001408689859090373,4.124983661313308e-06,0.0,15,0.00013135587505530566,3.663218012661673e-05,9.019181743497029e-05,4.53186794402427e-06,0.0,21,0.0001951634621946141,4.194609937258065e-05,0.00014714534336235374,6.0720167311956175e-06,0.0,19,0.00025206146528944373,4.211488339933567e-05,0.0002058112877421081,4.135317794862203e-06,0.0,17,0.0004145347629673779,5.3014849981991574e-05,0.00035718412254936993,4.335815901868045e-06,0.0,13,0.00040646668639965355,0.00011596699914662167,0.0002888041199184954,1.6955700630205683e-06,0.0,6
35,1750,0.00015697524941060692,2.183146534662228e-05,0.00013120447692926973,3.939299858757295e-06,0.0,15,0.00017263357585761696,3.0648403480881825e-05,0.00013654548092745245,5.4397009989770595e-06,0.0,21,0.00021751534950453788,7.189811003627256e-05,0.00014285252836998552,2.764710643532453e-06,0.0,17,0.0002457864466123283,6.396092067006975e-05,0.0001781954342732206,3.6300812098488677e-06,0.0,12,0.0002134471433237195,7.170295430114493e-05,0.0001376633153995499,4.080886810697848e-06,0.0,15,0.00012801814591512084,3.65502892236691e-05,8.701517072040588e-05,4.452679149835603e-06,0.0,21,0.00024003375438041985,9.145554940914735e-05,0.0001425046066287905,6.073586064303527e-06,0.0,19,0.000235342129599303,3.8538684748345986e-05,0.0001926523691508919,4.151077064307174e-06,0.0,17,0.00040919872117228806,5.19623608852271e-05,0.00035287259379401803,4.363757398095913e-06,0.0,13,0.00043046686914749444,0.00014412985183298588,0.00028465164359658957,1.6853730357979657e-06,0.0,6
36,1800,0.00015405146405100822,2.242791924800258e-05,0.00012770543980877846,3.918110451195389e-06,0.0,15,0.00017398459021933377,3.537788143148646e-05,0.00013315907563082874,5.447625426313607e-06,0.0,21,0.00021573572303168476,7.179386011557654e-05,0.00014120578998699784,2.7360808871890185e-06,0.0,17,0.00023501020041294396,5.706951560568996e-05,0.00017429603030905128,3.6446547255764017e-06,0.0,12,0.0002248321397928521,8.689875539857894e-05,0.00013390459935180843,4.028784587717382e-06,0.0,14,0.00012674712343141437,3.8340993341989815e-05,8.404890104429796e-05,4.35722540714778e-06,0.0,21,0.0001889533450594172,4.3285803258186206e-05,0.00013960173237137496,6.065802608645754e-06,0.0,19,0.00021916946570854634,3.486836430965923e-05,0.0001801393664209172,4.1617322494857945e-06,0.0,17,0.00040413415990769863,5.1194951083743945e-05,0.0003485471534077078,4.392048595036613e-06,0.0,13,0.0003748892922885716,9.305198182119057e-05,0.0002801629598252475,1.6743493915782892e-06,0.0,6
37,1850,0.00016378119471482933,3.591139102354646e-05,0.0001239723787875846,3.897418991982704e-06,0.0,15,0.00016627290460746735,3.0207749659894034e-05,0.0001306103658862412,5.454780421132455e-06,0.0,21,0.00022219841775950044,7.971310697030276e-05,0.00013977680646348745,2.708505917325965e-06,0.0,17,0.0002270218392368406,5.340695133781992e-05,0.00016995421901810914,3.6606629691959824e-06,0.0,12,0.00023617765691597015,0.00010111186566064134,0.00013108475832268596,3.98104475607397e-06,0.0,14,0.00012643412628676742,4.054834789712913e-05,8.164001337718219e-05,4.245770014676964e-06,0.0,21,0.00021293196186888963,6.958648737054318e-05,0.00013732523075304925,6.020241016813088e-06,0.0,18,0.0002119412092724815,4.020239066448994e-05,0.000167576436069794,4.162385721429018e-06,0.0,16,0.0004073939344380051,5.879486707272008e-05,0.00034417916322126985,4.419919605425093e-06,0.0,13,0.0003684992261696607,9.030455112224445e-05,0.00027653141296468675,1.663268449192401e-06,0.0,6
38,1900,0.00014903652481734753,2.401618257863447e-05,0.00012114220589864999,3.878145435010083e-06,0.0,14,0.00016692999633960426,3.35055920004379e-05,0.00012796340161003172,5.460992269945564e-06,0.0,21,0.00021651991119142622,7.52798150642775e-05,0.00013855798169970512,2.682101694517769e-06,0.0,17,0.00025140761863440275,8.154153329087421e-05,0.00016618827066849917,3.677826953207841e-06,0.0,12,0.0002041561674559489,7.050326530588791e-05,0.00012971485557500273,3.938057488994673e-06,0.0,14,0.00013167655561119318,4.8927191528491676e-05,7.862924394430593e-05,4.120107860217104e-06,0.0,21,0.00019964014063589275,5.854004484717734e-05,0.00013509530981536955,6.004792339808773e-06,0.0,18,0.000194592445041053,3.501329410937615e-05,0.00015542794426437467,4.151213033765089e-06,0.0,16,0.00039269746048375964,4.8501871788175777e-05,0.0003397486580070108,4.446913862921065e-06,0.0,13,0.0003907177597284317,0.00011695796274580061,0.00027210800908505917,1.6517985841346672e-06,0.0,6
39,1950,0.00014698546146973968,2.433232293697074e-05,0.00011877667566295713,3.876454229612136e-06,0.0,14,0.00016065104864537716,2.9933391488157213e-05,0.0001252507936442271,5.466862603498157e-06,0.0,21,0.00021424339502118528,7.433966675307602e-05,0.00013724683958571404,2.6568948214844568e-06,0.0,17,0.00021823773568030447,5.213670738157816e-05,0.00016240515105891973,3.6958776945539284e-06,0.0,12,0.000203848016099073,7.196528895292431e-05,0.0001279857096960768,3.897011993103661e-06,0.0,14,0.00013230007607489824,5.190664523979649e-05,7.640745025128126e-05,3.985970124631422e-06,0.0,20,0.00017518308595754206,3.685691626742482e-05,0.00013233994832262397,5.986217729514465e-06,0.0,18,0.00018106421339325607,3.4148597478633747e-05,0.00014278182061389089,4.133796664973488e-06,0.0,16,0.0003877868002746254,4.80965172755532e-05,0.00033521681325510144,4.473452008824097e-06,0.0,13,0.0003546843072399497,8.492425695294514e-05,0.00026812017313204706,1.639880451875797e-06,0.0,6
40,2000,0.00014227307110559195,2.2348667698679492e-05,0.0001160466781584546,3.877716153510846e-06,0.0,14,0.00016279795090667903,3.5075718187727034e-05,0.0001222496503032744,5.47258377991966e-06,0.0,21,0.00022398233704734594,8.536531822755933e-05,0.00013598438818007708,2.632631094456883e-06,0.0,17,0.00020779536862391979,4.464153607841581e-05,0.0001594591303728521,3.6947064927517204e-06,0.0,11,0.00020461172971408814,7.459353219019249e-05,0.00012616223830264062,3.855958766507683e-06,0.0,14,0.00011314478615531698,3.459057552390732e-05,7.468338299077004e-05,3.87082855013432e-06,0.0,20,0.00019147538114339113,5.556311589316465e-05,0.00012995027645956725,5.96199197389069e-06,0.0,18,0.0001747679489199072,4.016653838334605e-05,0.00013047979155089706,4.121628990105819e-06,0.0,16,0.00038254132959991693,4.738301504403353e-05,0.0003306583676021546,4.499943770497339e-06,0.0,13,0.0003876213449984789,0.00012143622006988153,0.00026455739862285554,1.6277202803394175e-06,0.0,6
41,2050,0.00013925062376074493,2.1589683456113562e-05,0.00011378196359146386,3.878966253978433e-06,0.0,14,0.00015794923820067197,3.270376691943966e-05,0.00011976743553532287,5.4780362006567884e-06,0.0,21,0.00020903882978018373,7.160011591622606e-05,0.00013482978101819754,2.6089414859598037e-06,0.0,17,0.000203580129891634,4.426352825248614e-05,0.00015560897008981556,3.707623363879975e-06,0.0,11,0.0002164409524993971,8.713467832421884e-05,0.00012549142411444336,3.814860519923968e-06,0.0,14,0.00011469493620097637,3.766758891288191e-05,7.328426727326587e-05,3.7430795600812417e-06,0.0,19,0.0001744776382111013,4.069717397214845e-05,0.00012784716091118753,5.933307420491474e-06,0.0,18,0.00016026243974920362,3.5670695069711655e-05,0.00012047493510181084,4.116806394449668e-06,0.0,15,0.0003800327249336988,4.9754038627725095e-05,0.00032575285877101123,4.525816621026024e-06,0.0,13,0.0003573010035324842,9.516817226540297e-05,0.0002605179324746132,1.614895268176042e-06,0.0,6
42,2100,0.0001388669479638338,2.1817215383634903e-05,0.00011316614836687222,3.88358148484258e-06,0.0,13,0.00015293150499928743,3.0382734621525742e-05,0.00011706554505508393,5.48322350368835e-06,0.0,21,0.0002081646816805005,7.161392568377778e-05,0.00013396517897490412,2.585590436865459e-06,0.0,17,0.00020548749307636172,4.794341657543555e-05,0.0001538411743240431,3.7028898987045977e-06,0.0,10,0.00020177561964374036,7.35189751139842e-05,0.00012448283086996526,3.773824801101e-06,0.0,14,0.0001087336495402269,3.3768639696063474e-05,7.131762686185539e-05,3.6473848012974486e-06,0.0,18,0.00017576249956618994,4.3431246012914926e-05,0.00012643022637348622,5.90102308706264e-06,0.0,18,0.00017049328016582876,5.822729872306809e-05,0.0001081629961845465,4.102985712961527e-06,0.0,15,0.00037410177174024284,4.8812897148309276e-05,0.0003207369882147759,4.551908659777837e-06,0.0,13,0.000339516467647627,8.131712820613757e-05,0.0002565972099546343,1.602145971446589e-06,0.0,6
43,2150,0.0001428514369763434,2.814682011376135e-05,0.0001108234137063846,3.881201791955391e-06,0.0,13,0.00015426374739035964,3.390627898625098e-05,0.0001148690571426414,5.488411261467263e-06,0.0,21,0.00021635243319906294,8.08018958196044e-05,0.00013298774138092995,2.5627898594393628e-06,0.0,17,0.00019380873709451407,3.990778714069165e-05,0.000150196225149557,3.7047232126496965e-06,0.0,10,0.00022027779777999967,9.348895400762558e-05,0.00012305598647799343,3.7328627513488755e-06,0.0,14,9.939264418790117e-05,2.605016743473243e-05,6.975992437219247e-05,3.5825539725919953e-06,0.0,18,0.00020080669492017478,7.02609759173356e-05,0.00012467950000427663,5.866212177352281e-06,0.0,18,0.00013387361832428724,3.178327460773289e-05,9.800699626794085e-05,4.083335170435021e-06,0.0,15,0.00037579890340566635,5.5955002608243376e-05,0.0003152660792693496,4.577827439788962e-06,0.0,13,0.00033721962245181203,8.229600643971935e-05,0.00025333394296467304,1.5896737295406638e-06,0.0,6
44,2200,0.0001317212445428595,1.9776620320044458e-05,0.00010806974023580551,3.874888534483034e-06,0.0,13,0.0001643145951675251,4.571046883938834e-05,0.00011310436093481258,5.499759936355986e-06,0.0,20,0.00020568877516780049,7.122829993022606e-05,0.00013192041660659015,2.5400452159374254e-06,0.0,17,0.00019110507855657488,4.0570786950411275e-05,0.00014681821630802006,3.7160773445066297e-06,0.0,9,0.00024106055207084864,0.00011566027387743816,0.00012170816626166925,3.6921094306308078e-06,0.0,14,9.686425619293004e-05,2.4342461983906105e-05,6.901368033140898e-05,3.5081152418570127e-06,0.0,17,0.00017938842938747257,4.9764868890633807e-05,0.00012379451072774827,5.829044312122278e-06,0.0,18,0.0001259338459931314,3.2261847081827e-05,8.959809929365292e-05,4.073894615430618e-06,0.0,15,0.00036525705945678055,5.149599746800959e-05,0.000309157301671803,4.6037471292947885e-06,0.0,13,0.0003371460479684174,8.530622289981693e-05,0.00025026313960552216,1.5766823935337015e-06,0.0,6
45,2250,0.0001372475817333907,2.672619666554965e-05,0.00010664900037227198,3.872381967084948e-06,0.0,13,0.0001472394505981356,3.171537537127733e-05,0.00011004808766301721,5.475991656567203e-06,0.0,19,0.00020461843814700842,7.114935579011217e-05,0.00013095163740217686,2.51745814239257e-06,0.0,17,0.00019091555441264063,4.340663872426376e-05,0.00014377218030858785,3.7367408367572352e-06,0.0,9,0.00020049836894031614,7.535883923992515e-05,0.00012148790119681507,3.6516287309495965e-06,0.0,14,0.00010770872904686257,3.7213270843494684e-05,6.70418594381772e-05,3.4535955819592346e-06,0.0,16,0.00016362043970730156,3.572013520170003e-05,0.0001221101265400648,5.79018114876817e-06,0.0,18,0.00012024353782180697,3.351964187459089e-05,8.266003715107217e-05,4.0638578866492026e-06,0.0,15,0.0003580296179279685,5.093519575893879e-05,0.00030246443930082023,4.629996510630008e-06,0.0,13,0.00032759777968749404,7.900003402028233e-05,0.00024703360395506024,1.5641445543224108e-06,0.0,6
46,2300,0.0001463362277718261,3.809266854659654e-05,0.0001043675365508534,3.876023129123496e-06,0.0,13,0.00015982225886546075,4.7457986511290073e-05,0.00010689427290344611,5.470010364660993e-06,0.0,19,0.00020329980179667473,7.071086292853579e-05,0.00013009361282456666,2.495327180440654e-06,0.0,17,0.00018474746320862323,3.986074079875834e-05,0.00014112245116848499,3.7642730603693053e-06,0.0,9,0.00020255571871530265,7.814074342604727e-05,0.00012080243322998285,3.612545242503984e-06,0.0,14,9.786951704882085e-05,2.8178992579341866e-05,6.629613199038431e-05,3.394390660105273e-06,0.0,15,0.0001563134283060208,2.9744376661255956e-05,0.0001208184112329036,5.750634500145679e-06,0.0,18,0.00011145666212541983,2.9440854632412083e-05,7.796246063662693e-05,4.053350039612269e-06,0.0,15,0.0003555318107828498,5.6062970543280244e-05,0.00029481289675459266,4.655950760934502e-06,0.0,13,0.0003181154897902161,7.26401704014279e-05,0.00024392287014052272,1.5524612990702735e-06,0.0,6
47,2350,0.00012749325833283365,2.1025703972554766e-05,0.00010258861584588885,3.878947609337047e-06,0.0,13,0.00014101775013841689,3.076858774875291e-05,0.00010478345211595297,5.465713456942467e-06,0.0,19,0.00020777211466338485,7.596185605507344e-05,0.00012933711695950478,2.473142330927658e-06,0.0,17,0.00017733080312609673,3.515537173370831e-05,0.00013838308223057538,3.792350980802439e-06,0.0,9,0.00019940220226999372,7.582622492918745e-05,0.00012000271090073511,3.5732628020923585e-06,0.0,14,0.00010531077714404091,3.676553751574829e-05,6.517423025798053e-05,3.3710123261698755e-06,0.0,15,0.0001582782279001549,3.298366937087849e-05,0.0001195847726194188,5.709785000362899e-06,0.0,18,0.00010691541683627293,2.8755013772752136e-05,7.411726255668327e-05,4.0431423258269206e-06,0.0,15,0.0003449775686021894,5.447674266179092e-05,0.0002858193183783442,4.681508016801672e-06,0.0,13,0.00031279082759283483,7.00058662914671e-05,0.00024124431365635246,1.5406520788019407e-06,0.0,6
48,2400,0.00014895657659508288,2.1184992874623276e-05,0.00012391048949211836,3.861084223899525e-06,0.0,11,0.00014144476153887808,3.3834021451184526e-05,0.00010214714711764827,5.463591605803231e-06,0.0,19,0.00020365299133118242,7.29465318727307e-05,0.00012825582234654576,2.4506409772584448e-06,0.0,17,0.0001750024239299819,3.5127603041473776e-05,0.00013605778804048896,3.81704694518703e-06,0.0,9,0.00020490899623837322,8.141380385495722e-05,0.0001199599719257094,3.5352261420484865e-06,0.0,14,9.344439604319632e-05,2.3095259166439064e-05,6.698191282339394e-05,3.3672288282105e-06,0.0,14,0.00015360488032456487,2.93122047878569e-05,0.00011862376413773745,5.668916401191382e-06,0.0,18,0.00010302480222890154,2.794900501612574e-05,7.104198448359966e-05,4.033811364934081e-06,0.0,15,0.00034640810918062925,5.795266406494193e-05,0.000283764093182981,4.691368758358294e-06,0.0,12,0.00031480498728342354,7.459353219019249e-05,0.00023868214339017868,1.529331598248973e-06,0.0,6
49,2450,0.00014166101755108684,1.963427166629117e-05,0.00011814669414889067,3.8800499169155955e-06,0.0,11,0.0001414553407812491,3.6029367038281634e-05,9.996365406550467e-05,5.46232922715717e-06,0.0,19,0.00020449035218916833,7.433464634232223e-05,0.0001277278206543997,2.4278901946672704e-06,0.0,17,0.00017407680570613593,3.620099960244261e-05,0.00013403654156718403,3.839266355498694e-06,0.0,9,0.00021281730732880533,9.053423127625138e-05,0.00011878457735292614,3.4985052934644045e-06,0.0,14,9.224846144206822e-05,2.3928898372105323e-05,6.497065623989329e-05,3.3489038742118282e-06,0.0,14,0.0001531454036012292,2.9973652999615297e-05,0.00011754464503610507,5.627104656014126e-06,0.0,18,0.0001023062359308824,2.95376648864476e-05,6.87434512656182e-05,4.02512068831129e-06,0.0,15,0.00033280689967796206,5.993913873680867e-05,0.00026815274031832814,4.715012892120285e-06,0.0,12,0.00030482836882583797,6.717034557368606e-05,0.00023613941448275,1.5185954680418945e-06,0.0,6
50,2500,0.00013780815061181784,1.9658978999359533e-05,0.00011424758122302592,3.901591753674438e-06,0.0,11,0.00013446729280985892,3.1036270229378715e-05,9.79707547230646e-05,5.460272859636461e-06,0.0,19,0.0002010712487390265,7.160416862461716e-05,0.00012706148845609277,2.4055977974057896e-06,0.0,17,0.0001715727266855538,3.560909317457117e-05,0.000132104498334229,3.859143816953292e-06,0.0,9,0.0002157885901397094,9.319608216173947e-05,0.00011912991612916812,3.4625848002178827e-06,0.0,14,8.93239484867081e-05,2.240052526758518e-05,6.358442624332383e-05,3.3389976579201175e-06,0.0,14,0.00015257057384587824,3.052674583159387e-05,0.00011645870108623058,5.585127837548498e-06,0.0,18,0.00012144117499701679,5.0823044148273766e-05,6.660083454335108e-05,4.017295395897236e-06,0.0,15,0.0003194817982148379,6.407789624063298e-05,0.0002506610762793571,4.74282978757401e-06,0.0,12,0.0003057291323784739,7.068036939017475e-05,0.0002335405006306246,1.508261561866675e-06,0.0,6
51,2550,0.0001344279880868271,1.9965553292422555e-05,0.00011054038623115048,3.922050382243469e-06,0.0,11,0.00013418265734799206,3.265958366682753e-05,9.60662291618064e-05,5.456856797536602e-06,0.0,19,0.0001993239129660651,7.058859773678705e-05,0.00012635282473638654,2.3824870822863886e-06,0.0,17,0.00017020036466419697,3.587586616049521e-05,0.00013044876686763018,3.875726179103367e-06,0.0,9,0.0002077660319628194,8.634007099317387e-05,0.00011799833737313747,3.4276310998393456e-06,0.0,14,0.00010389439557911828,3.8143414712976664e-05,6.242004019441083e-05,3.3309379432466812e-06,0.0,14,0.00014912486949469894,2.8093834771425463e-05,0.00011548851762199774,5.542522558243945e-06,0.0,18,0.00010304907482350245,3.418160122237168e-05,6.485704216174781e-05,4.010425527667394e-06,0.0,15,0.00030507310293614864,7.051979628158733e-05,0.00022978606284596026,4.767249720316613e-06,0.0,12,0.0003039301955141127,7.11340326233767e-05,0.00023129803594201803,1.4981236517996877e-06,0.0,6
52,2600,0.0001292440720135346,1.8309436200070195e-05,0.00010699056292651221,3.94408380088862e-06,0.0,11,0.00013282375584822148,3.316462243674323e-05,9.422347648069263e-05,5.43565374755417e-06,0.0,18,0.00019849218369927257,7.039637421257794e-05,0.00012573585263453424,2.3599563974130433e-06,0.0,17,0.000169473685673438,3.659938010969199e-05,0.00012898433487862349,3.8899711398698855e-06,0.0,9,0.00024281365040224046,0.00012134353892179206,0.0001180769395432435,3.393165115994634e-06,0.0,14,9.041013254318386e-05,2.5856434149318375e-05,6.123158527771011e-05,3.322113343529054e-06,0.0,14,0.00015049306966830045,3.0417424568440765e-05,0.00011457587243057787,5.49976221009274e-06,0.0,18,9.379521361552179e-05,2.6536547011346556e-05,6.325464346446097e-05,4.004027687187772e-06,0.0,15,0.00029757441370747983,8.57715931488201e-05,0.00020703703921753913,4.765788617078215e-06,0.0,12,0.00030654322472400963,7.63933639973402e-05,0.00022866128711029887,1.4885870314174099e-06,0.0,6
53,2650,0.00013123500684741884,2.3705870262347162e-05,0.00010355577251175418,3.973363163822796e-06,0.0,11,0.00013119011418893933,3.325614670757204e-05,9.251364826923236e-05,5.420332854555454e-06,0.0,18,0.00019717722898349166,6.972102710278705e-05,0.00012511925888247788,2.3369464088318637e-06,0.0,17,0.00017071707407012582,3.921797178918496e-05,0.00012759720266330987,3.901888248947216e-06,0.0,9,0.0002010656608035788,8.028955926420167e-05,0.00011741527850972489,3.3608182548050536e-06,0.0,14,8.593697566539049e-05,2.2604539481108077e-05,6.001942165312357e-05,3.313009301564307e-06,0.0,14,0.00016154040349647403,4.260731293470599e-05,0.00011347640247549862,5.456697181216441e-06,0.0,18,9.102816693484783e-05,2.527665492380038e-05,6.175360613269731e-05,3.997908606834244e-06,0.0,15,0.0002976891119033098,0.00010255043162032962,0.000190427279449068,4.711374913313193e-06,0.0,11,0.0002934149233624339,6.560413021361455e-05,0.00022633129265159369,1.479487877986685e-06,0.0,6
54,2700,0.0001378329034196213,3.3381293178536e-05,0.00010044356167782098,4.008054929727223e-06,0.0,11,0.0001285211619688198,3.195558747393079e-05,9.115227294387296e-05,5.413303370005451e-06,0.0,18,0.0002381274534855038,0.00011129883205285296,0.00012451490329112858,2.313718823643285e-06,0.0,17,0.00016809144290164113,3.775938239414245e-05,0.00012642066576518118,3.911392923328094e-06,0.0,9,0.00020047779253218323,8.03778602858074e-05,0.00011677145812427625,3.328473439978552e-06,0.0,14,8.495862857671455e-05,2.2760568754165433e-05,5.889506792300381e-05,3.30299212691898e-06,0.0,14,0.00014762982027605176,2.9424725653370842e-05,0.00011279220052529126,5.412885911937337e-06,0.0,18,9.031220542965457e-05,2.581396074674558e-05,6.0505804867716506e-05,3.9924434531712905e-06,0.0,15,0.0002609875809866935,7.82274073571898e-05,0.00017811928410083055,4.64088316221023e-06,0.0,11,0.00029197020921856165,6.651929288636893e-05,0.00022398025612346828,1.470674192205479e-06,0.0,6
55,2750,0.00012146102380938828,2.0765197405125946e-05,9.6652984211687e-05,4.042840373585932e-06,0.0,11,0.0001277388073503971,3.2821368222357705e-05,8.951350901043043e-05,5.403928753366927e-06,0.0,18,0.00019925436936318874,7.31342879589647e-05,0.00012382990098558366,2.2901815555087524e-06,0.0,17,0.00016692864301148802,3.774952710955404e-05,0.00012525999045465142,3.919117261830252e-06,0.0,9,0.0001975955383386463,7.798113801982254e-05,0.0001163351844297722,3.279215661677881e-06,0.0,13,8.698533201823011e-05,2.554253296693787e-05,5.8150599215878174e-05,3.2922032460191986e-06,0.0,14,0.00014391416334547102,2.665806096047163e-05,0.00011188701319042593,5.369090104068164e-06,0.0,18,8.861641254043207e-05,2.544853850849904e-05,5.9180438256589696e-05,3.987438503827434e-06,0.0,15,0.0002520156267564744,7.773737888783216e-05,0.0001696938561508432,4.584410817187745e-06,0.0,11,0.00029345619259402156,6.978944293223321e-05,0.00022220482060220093,1.4619545254390687e-06,0.0,6
56,2800,0.00011799312778748572,1.983821130124852e-05,9.407851757714525e-05,4.076397090102546e-06,0.0,11,0.00012432927906047553,3.080270835198462e-05,8.813493332127109e-05,5.3916373872198164e-06,0.0,18,0.00019667537708301097,7.108876889105886e-05,0.0001233206712640822,2.265941020596074e-06,0.0,17,0.00016994697216432542,4.191467087366618e-05,0.00012410823546815664,3.9240685509867035e-06,0.0,8,0.00019953318405896425,8.040454849833623e-05,0.00011587027984205633,3.258342076151166e-06,0.0,13,8.384016837226227e-05,2.3658654754399322e-05,5.69009171158541e-05,3.280599230492953e-06,0.0,14,0.00015003126463852823,3.356103115947917e-05,0.00011114544759038836,5.324778612703085e-06,0.0,18,9.266639972338453e-05,3.0293234885903075e-05,5.839045479660854e-05,3.982705493399408e-06,0.0,15,0.00023599025735165924,6.768777529941872e-05,0.00016376950952690095,4.532961611403152e-06,0.0,11,0.0002940608246717602,7.257033576024696e-05,0.00022003667254466563,1.4538122741214465e-06,0.0,6
57,2850,0.00011402169184293598,1.872975735750515e-05,9.118370508076623e-05,4.108229859411949e-06,0.0,11,0.00012140927719883621,2.9571288905572146e-05,8.646120841149241e-05,5.376776243792847e-06,0.0,18,0.00019467520178295672,6.975058204261586e-05,0.0001226830790983513,2.24154109673691e-06,0.0,17,0.00017625275359023362,4.921047366224229e-05,0.00012311314640101045,3.929132162738824e-06,0.0,8,0.00022235400683712214,0.0001042620133375749,0.00011485414142953232,3.2378422929468798e-06,0.0,13,0.00012120210885768756,6.180149648571387e-05,5.613236135104671e-05,3.268248974563903e-06,0.0,14,0.00016321346629410982,4.7547549911541864e-05,0.0001103855247492902,5.280388904793654e-06,0.0,18,9.002511797007173e-05,2.900943400163669e-05,5.703753777197562e-05,3.978147560701473e-06,0.0,15,0.00023254939878825098,6.993251736275852e-05,0.00015813067147973925,4.486203579290304e-06,0.0,11,0.0002895367506425828,7.024608930805698e-05,0.0002178446447942406,1.4460161992246867e-06,0.0,6
58,2900,0.00010967643902404234,1.7490616301074624e-05,8.804800017969683e-05,4.137820724281482e-06,0.0,11,0.00011763683141907677,2.6933725166600198e-05,8.534413063898683e-05,5.358976068237098e-06,0.0,18,0.000192171850358136,6.791129999328405e-05,0.00012205020902911201,2.2103320134192472e-06,0.0,16,0.00021081737941130996,8.438258373644203e-05,0.00012250232975929976,3.932468644052278e-06,0.0,8,0.00020193988166283816,8.418756624450907e-05,0.00011453468323452398,3.2176251352211693e-06,0.0,13,8.083633292699233e-05,2.2446005459642038e-05,5.513505675480701e-05,3.2552688935538754e-06,0.0,14,0.0001590222236700356,4.424736835062504e-05,0.00010953943274216726,5.235434855421772e-06,0.0,18,8.53650999488309e-05,2.5104442102019675e-05,5.6287244660779834e-05,3.973417278757552e-06,0.0,15,0.0002228575322078541,6.475007103290409e-05,0.00015366403385996819,4.4434218580136076e-06,0.0,11,0.00029400750645436347,7.654765067854896e-05,0.00021602139167953283,1.4384644373421906e-06,0.0,6
59,2950,0.00010938419291051105,1.9627015717560425e-05,8.559208072256297e-05,4.165103291597916e-06,0.0,11,0.0001157408332801424,2.6393687221570872e-05,8.400886144954711e-05,5.338281880540308e-06,0.0,18,0.00020040453819092363,7.618276868015528e-05,0.00012202473590150476,2.197033154516248e-06,0.0,16,0.00016860848700162023,4.3168420233996585e-05,0.00012150554539402947,3.934523192583583e-06,0.0,8,0.0002349910355405882,0.00011819985957117751,0.0001135934580815956,3.19771629619936e-06,0.0,13,7.949327118694782e-05,2.2023459678166546e-05,5.422853064374067e-05,3.2412797281722305e-06,0.0,14,0.00015586704830639064,4.202315540169366e-05,0.00010865353397093713,5.190355750528397e-06,0.0,18,8.846011041896418e-05,2.9054554033791646e-05,5.543664519791491e-05,3.968913006247021e-06,0.0,15,0.0002177817077608779,6.383072468452156e-05,0.00014954860671423376,4.402382728585508e-06,0.0,11,0.00028360975557006896,6.807698082411662e-05,0.00021410154295153916,1.4312370240077144e-06,0.0,6
60,3000,0.00010484071390237659,1.7339012629236095e-05,8.331199205713347e-05,4.189704668533523e-06,0.0,11,0.0001227032335009426,3.45720982295461e-05,8.281623013317585e-05,5.314899681252427e-06,0.0,18,0.00019247730961069465,6.840337300673127e-05,0.00012188939581392333,2.184526920245844e-06,0.0,16,0.0001712410885374993,4.6507560909958556e-05,0.00012079867155989632,3.934850155928871e-06,0.0,8,0.00022042279306333512,0.00010542540258029476,0.00011181981244590133,3.1775657589605544e-06,0.0,13,8.028913725866005e-05,2.372508606640622e-05,5.333700028131716e-05,3.22705682265223e-06,0.0,14,0.00016536866314709187,5.20053508807905e-05,0.00010821869364008307,5.1446240831865e-06,0.0,18,8.7438449554611e-05,2.892892007366754e-05,5.454520942294039e-05,3.964320058003068e-06,0.0,15,0.0002120856661349535,6.155423761811107e-05,0.00014617005945183337,4.3613731577352155e-06,0.0,11,0.0002813722239807248,6.721939280396327e-05,0.00021272838057484478,1.4244703834265238e-06,0.0,6
61,3050,0.00010297385597368702,1.7393786038155667e-05,8.136794349411502e-05,4.212124167679576e-06,0.0,11,0.0001164238783530891,2.934648910013493e-05,8.17882755654864e-05,5.2891091399942525e-06,0.0,18,0.00019098912889603525,6.683042738586664e-05,0.00012198542390251532,2.1732789718953427e-06,0.0,16,0.00016511605645064265,4.109155270271003e-05,0.00012009076453978196,3.933751486329129e-06,0.0,8,0.00021303680841811,9.826879249885678e-05,0.00011161041038576514,3.1576068977301475e-06,0.0,13,8.142981823766604e-05,2.555644459789619e-05,5.2661471272585914e-05,3.2119057777890703e-06,0.0,14,0.00014133528748061508,2.920600672950968e-05,0.00010703035513870418,5.098923338664463e-06,0.0,18,8.609259384684265e-05,2.8650754757109098e-05,5.348216291167773e-05,3.959677997045219e-06,0.0,15,0.0002076033124467358,5.9611760661937296e-05,0.0001436718594050035,4.319699201005278e-06,0.0,11,0.00028428577934391797,7.163872214732692e-05,0.00021122931502759457,1.4177486491462332e-06,0.0,6
62,3100,0.0001035595778375864,2.0187240806990303e-05,7.914019079180434e-05,4.232147603033809e-06,0.0,11,0.0001168620292446576,3.107921656919643e-05,8.052217162912712e-05,5.260637863102602e-06,0.0,18,0.00019310649076942354,6.762553675798699e-05,0.00012331035395618528,2.170614152419148e-06,0.0,15,0.0001665357267484069,4.313884346629493e-05,0.00011946513404836878,3.93175650970079e-06,0.0,8,0.00022821190941613168,0.00011139768321299925,0.0001136862047133036,3.128018988718395e-06,0.0,11,7.527759589720517e-05,2.0325380319263786e-05,5.1755479944404215e-05,3.1967335871740943e-06,0.0,14,0.00013853343261871487,2.6913723559118807e-05,0.00010656662925612181,5.053077074990142e-06,0.0,18,8.20357381599024e-05,2.5849267331068404e-05,5.223153857514262e-05,3.9549372559122276e-06,0.0,15,0.0002027913142228499,5.735892409575172e-05,0.00014115625526756048,4.276144409232074e-06,0.0,11,0.00027998321456834674,6.889951328048483e-05,0.00020967242016922683,1.4112850976744085e-06,0.0,6
63,3150,9.709729056339711e-05,1.5741085007903166e-05,7.710639329161495e-05,4.2498172660998534e-06,0.0,11,0.00011944353900616989,3.462542736087926e-05,7.95883170212619e-05,5.229787802818464e-06,0.0,18,0.0001952293241629377,7.014159928075969e-05,0.00012292848259676248,2.159239556931425e-06,0.0,15,0.00016504281666129827,4.2262392526026815e-05,0.00011885172716574743,3.928701062250184e-06,0.0,8,0.00020450740703381598,8.943294960772619e-05,0.00011196975538041443,3.1047084121382795e-06,0.0,11,7.462485518772155e-05,2.0308567400206812e-05,5.113529914524406e-05,3.180988642270677e-06,0.0,14,0.00014751002890989184,3.6692807043436915e-05,0.00010581087553873658,5.0063476919604e-06,0.0,18,7.85676747909747e-05,2.325600326003041e-05,5.136132676852867e-05,3.95034203393152e-06,0.0,15,0.00019931455608457327,5.6533019233029336e-05,0.00013854957069270313,4.2319616113672964e-06,0.0,11,0.00028619111981242895,7.631710468558595e-05,0.00020846926781814545,1.404754470968328e-06,0.0,6
64,3200,9.842387225944549e-05,1.864196383394301e-05,7.551646558567882e-05,4.2654414755816106e-06,0.0,11,0.00011052065383410081,2.687081905605737e-05,7.845326035749167e-05,5.196577149035875e-06,0.0,18,0.0001995708153117448,7.441643538186327e-05,0.00012299901572987437,2.1553744318225654e-06,0.0,15,0.0001647232857067138,4.25465295847971e-05,0.00011825218825833872,3.924566499335924e-06,0.0,8,0.00021250196732580662,9.834197408054024e-05,0.00011106854071840644,3.0914511626178864e-06,0.0,11,7.86931996117346e-05,2.501468588889111e-05,5.051334301242605e-05,3.165170255670091e-06,0.0,14,0.0001436084567103535,3.379744885023683e-05,0.00010485116945346817,4.9598479563428555e-06,0.0,18,8.161291771102697e-05,2.6739597160485573e-05,5.092771607451141e-05,3.9456049307773355e-06,0.0,15,0.000195598928257823,5.4957912652753294e-05,0.00013645667058881372,4.184340923529817e-06,0.0,11,0.0002783241216093302,6.973800191190094e-05,0.00020718740415759385,1.3987358897793456e-06,0.0,6
65,3250,9.289167064707726e-05,1.5079051081556827e-05,7.353348337346688e-05,4.27913801104296e-06,0.0,11,0.00011110385821666569,2.8515183657873422e-05,7.742737943772227e-05,5.1612955758173484e-06,0.0,18,0.00019446073565632105,6.969241076149046e-05,0.00012261887604836375,2.1494488464668393e-06,0.0,15,0.00016477996541652828,4.3142365029780194e-05,0.00011771787103498355,3.919735263480106e-06,0.0,8,0.00020543226855807006,9.191901335725561e-05,0.00011043711856473237,3.076130042245495e-06,0.0,11,7.977311179274693e-05,2.6832020012079738e-05,4.979226287105121e-05,3.1488295917370124e-06,0.0,14,0.00014990943600423634,4.0821905713528395e-05,0.00010417538578622043,4.912139047519304e-06,0.0,18,8.133101800922304e-05,2.7353496989235282e-05,5.003665137337521e-05,3.940869191865204e-06,0.0,15,0.0001973920880118385,5.893094930797815e-05,0.00013432068226393312,4.1404559851798695e-06,0.0,11,0.00027848329045809805,7.113054016372189e-05,0.0002059604157693684,1.392315539305855e-06,0.0,6
66,3300,9.614498412702233e-05,1.993251316889655e-05,7.19219897291623e-05,4.290476226742612e-06,0.0,11,0.00011341451318003237,3.179375926265493e-05,7.649701001355425e-05,5.123743449075846e-06,0.0,18,0.00019360179430805147,6.946908979443833e-05,0.000121991106425412,2.1416083200165303e-06,0.0,15,0.00016486516688019037,4.379075835458934e-05,0.00011716034350683913,3.914059561793692e-06,0.0,8,0.00021219940390437841,9.922717435983941e-05,0.00010991339513566345,3.058836455238634e-06,0.0,11,7.103321695467457e-05,1.8992159311892465e-05,4.890824493486434e-05,3.1328161185228964e-06,0.0,14,0.0001399452012265101,3.168433249811642e-05,0.00010339658183511347,4.864278707827907e-06,0.0,18,8.663980406709015e-05,3.361385461175814e-05,4.908990376861766e-05,3.936049324693158e-06,0.0,15,0.00019058313046116382,5.3843945352127776e-05,0.00013263915025163442,4.10003258366487e-06,0.0,11,0.000279513857094571,7.306383486138657e-05,0.00020506333385128528,1.3866822428099113e-06,0.0,6
67,3350,9.235604375135154e-05,1.7586376998224296e-05,7.046942482702434e-05,4.300246473576408e-06,0.0,11,0.00010942479275399819,2.8945918529643677e-05,7.539470971096307e-05,5.084162239654688e-06,0.0,18,0.0001895516033982858,6.630230200244114e-05,0.00012111690739402547,2.1323980945453513e-06,0.0,15,0.0001730619987938553,5.2470455557340756e-05,0.0001166834554169327,3.9080950955394655e-06,0.0,8,0.0002126750914612785,0.00010049313277704641,0.00010914102313108742,3.0409228202188388e-06,0.0,11,6.828337791375816e-05,1.635457738302648e-05,4.8832760512595996e-05,3.096035015914822e-06,0.0,13,0.00013723551819566637,2.9733824703725986e-05,0.00010268537880619988,4.8163174142246135e-06,0.0,18,7.509317947551608e-05,2.2690028345095925e-05,4.84718730149325e-05,3.931279024982359e-06,0.0,15,0.00019305269233882427,5.7780020142672583e-05,0.0001312133827013895,4.059282218804583e-06,0.0,11,0.0002779756032396108,7.239877595566213e-05,0.0002041965926764533,1.3802570038023987e-06,0.0,6
68,3400,9.049048094311729e-05,1.7322790881735273e-05,6.885961920488626e-05,4.308071765990462e-06,0.0,11,0.00011278931197011843,3.3258656912948936e-05,7.44879653211683e-05,5.04268791701179e-06,0.0,18,0.00018622740753926337,6.402490544132888e-05,0.0001200809347210452,2.121566240020911e-06,0.0,15,0.0001679738488746807,4.780516974278726e-05,0.00011626717605395243,3.901498985214857e-06,0.0,8,0.00021824402210768312,0.00010698961705202237,0.00010823188495123759,3.0225253340177005e-06,0.0,11,6.76496492815204e-05,1.6117479390231892e-05,4.8466099542565644e-05,3.066066710744053e-06,0.0,12,0.00014498108066618443,3.814537558355369e-05,0.0001020687777781859,4.766929123434238e-06,0.0,18,7.77706372900866e-05,2.612560274428688e-05,4.771880776388571e-05,3.926228600903414e-06,0.0,15,0.00019044270447921008,5.6434462749166414e-05,0.0001299883151659742,4.019916104880394e-06,0.0,11,0.0002818230714183301,7.718463893979788e-05,0.00020326384401414543,1.3745915339313797e-06,0.0,6
69,3450,0.00020378037879709154,3.6316836485639215e-05,0.00016318737471010536,4.276168965589022e-06,0.0,10,0.00012198236072435975,4.335671110311523e-05,7.362603355431929e-05,4.9996124289464206e-06,0.0,18,0.00018386410374660045,6.298869993770495e-05,0.0001187649613711983,2.110454715875676e-06,0.0,15,0.00018966624338645488,6.99423544574529e-05,0.00011582923616515473,3.8946614040469285e-06,0.0,8,0.00021017793915234506,9.99228359432891e-05,0.00010725155880209059,3.0035498639335856e-06,0.0,11,6.890889198984951e-05,1.797819095372688e-05,4.7890247515169904e-05,3.040456022063154e-06,0.0,12,0.00013173517072573304,2.5702369384816848e-05,0.00010131541057489812,4.717389401776018e-06,0.0,18,7.4089526606258e-05,2.3177157345344312e-05,4.699130658991635e-05,3.921061306755291e-06,0.0,15,0.00018756436475086957,5.4600077419308946e-05,0.00012898309796582907,3.9811802707845345e-06,0.0,11,0.0002856280480045825,8.196434646379203e-05,0.00020229491929057986,1.36878338707902e-06,0.0,6
70,3500,0.00017066916916519403,2.5061222913791426e-05,0.00014134634693618864,4.261605226929532e-06,0.0,9,0.00011219149746466428,3.462901804596186e-05,7.260792335728183e-05,4.954557880409993e-06,0.0,18,0.00018525794439483434,6.537754234159365e-05,0.00011778187763411552,2.098518962156959e-06,0.0,15,0.0001638281682971865,4.464554149308242e-05,0.00011529521725606173,3.887412276526447e-06,0.0,8,0.0002081558486679569,9.793275967240334e-05,0.00010723652667365968,2.9865564101783093e-06,0.0,11,6.697959179291502e-05,1.6721476640668698e-05,4.724739119410515e-05,3.010723730767495e-06,0.0,11,0.00015984856872819364,5.4640218877466395e-05,0.00010054145968751982,4.666882432502462e-06,0.0,18,7.19860108802095e-05,2.139234493370168e-05,4.6677698264829814e-05,3.915962224709801e-06,0.0,15,0.0001856464077718556,5.379299909691326e-05,0.00012791025801561773,3.943147476093145e-06,0.0,11,0.00028576087788678706,8.264505595434457e-05,0.00020175318059045821,1.3626383861264912e-06,0.0,6
71,3550,0.00017698865849524736,3.8180929550435394e-05,0.00013457992463372648,4.2277997636119835e-06,0.0,9,0.00011035232455469668,3.382467548362911e-05,7.161987014114857e-05,4.907775746687548e-06,0.0,18,0.00018242000078316778,6.357485835906118e-05,0.00011675854329951108,2.0866000340902247e-06,0.0,15,0.00016430778487119824,4.5556429540738463e-05,0.00011487184383440763,3.879518317262409e-06,0.0,8,0.00020817687618546188,9.838119149208069e-05,0.00010682956053642556,2.9661114240298048e-06,0.0,11,6.473134271800518e-05,1.5065795196278486e-05,4.6669927542097867e-05,2.9956179332657484e-06,0.0,11,0.00013106741243973374,2.6652085580280982e-05,9.979847527574748e-05,4.616857495420845e-06,0.0,18,7.217313395813107e-05,2.1851608835277148e-05,4.6410903451032937e-05,3.910627128789201e-06,0.0,15,0.0001945679832715541,6.349404429784045e-05,0.00012716648052446544,3.907453901774716e-06,0.0,11,0.0002814319741446525,7.89748301031068e-05,0.0002011007018154487,1.3564488199335756e-06,0.0,6
72,3600,0.0001556575734866783,2.1507792553165928e-05,0.00012996431905776262,4.1854636947391555e-06,0.0,9,0.00010451526031829417,2.891289841500111e-05,7.074280438246205e-05,4.859556611336302e-06,0.0,18,0.00017817807383835316,6.053202741895802e-05,0.00011557189282029867,2.0741574644489447e-06,0.0,15,0.00016345891344826669,4.524743417277932e-05,0.00011433970939833671,3.871773515129462e-06,0.0,8,0.00022521952632814646,0.00011558816186152399,0.00010668389586498961,2.9474606435542228e-06,0.0,11,8.514637011103332e-05,3.569797263480723e-05,4.646254819817841e-05,2.9858456400688738e-06,0.0,11,0.00014810345601290464,4.457568866200745e-05,9.89604159258306e-05,4.567348696582485e-06,0.0,18,8.177332347258925e-05,3.274002665420994e-05,4.5127682824386284e-05,3.905617631971836e-06,0.0,15,0.00019242909911554307,6.271206075325608e-05,0.00012584486103150994,3.87218278774526e-06,0.0,11,0.00030302940285764635,0.00010147099237656221,0.00020020798547193408,1.3504215985449264e-06,0.0,6
73,3650,0.00015446638280991465,2.3831555154174566e-05,0.00012649768905248493,4.137139967497205e-06,0.0,9,0.00010198313248110935,2.7412348572397605e-05,6.976088479859754e-05,4.809897291124798e-06,0.0,18,0.00017834542086347938,6.164865772007033e-05,0.00011463516420917585,2.0615921130229253e-06,0.0,15,0.00016396849241573364,4.6291232138173655e-05,0.00011381367221474648,3.863596703013172e-06,0.0,8,0.00023185208556242287,0.000122471057693474,0.00010645249858498573,2.9285233722475823e-06,0.0,11,6.288368604145944e-05,1.4274995919549838e-05,4.563354013953358e-05,2.975149982376024e-06,0.0,11,0.00012768107990268618,2.4910459615057334e-05,9.822508582146838e-05,4.54553401141311e-06,0.0,18,7.096768240444362e-05,2.234364910691511e-05,4.4723939936375245e-05,3.900098818121478e-06,0.0,15,0.00018320433446206152,5.398393841460347e-05,0.00012538144073914737,3.838960310531547e-06,0.0,11,0.00028415361884981394,8.308262476930395e-05,0.00019972679729107767,1.3441876944852993e-06,0.0,6
74,3700,0.00015483605966437608,2.732474786171224e-05,0.00012342949048615992,4.081829501956236e-06,0.0,9,0.00010027562530012801,2.674330971785821e-05,6.877360283397138e-05,4.758715022035176e-06,0.0,18,0.0001878232869785279,7.192582415882498e-05,0.00011384885146981105,2.048621581707266e-06,0.0,15,0.00016592160682193935,4.862041532760486e-05,0.00011344626545906067,3.854914666590048e-06,0.0,8,0.00021984832710586488,0.00011185088806087151,0.00010508708510315046,2.910354169216589e-06,0.0,11,6.232370651559904e-05,1.4173000636219513e-05,4.518675632425584e-05,2.963948873002664e-06,0.0,11,0.0001299158320762217,2.8037475203746e-05,9.735580533742905e-05,4.52254153060494e-06,0.0,18,7.011985871940851e-05,2.1501677110791206e-05,4.472383443498984e-05,3.8943448998907115e-06,0.0,15,0.0001828834938351065,5.467314622364938e-05,0.000124404308735393,3.806037511822069e-06,0.0,11,0.0002860718814190477,8.564591553295031e-05,0.00019908792455680668,1.3380476957536303e-06,0.0,6
75,3750,0.0001450588315492496,2.0039527953485958e-05,0.00012099773448426276,4.021567747258814e-06,0.0,9,0.00010232676868326962,2.9582624847535044e-05,6.802989082643762e-05,4.714255737781059e-06,0.0,18,0.00018532510148361325,7.031321001704782e-05,0.00011297670425847173,2.0351897092041327e-06,0.0,15,0.00016515364404767752,4.832997001358308e-05,0.00011297727178316563,3.846408617391717e-06,0.0,8,0.0002117213880410418,0.00010321629815734923,0.00010561283852439374,2.8922443107148865e-06,0.0,11,6.31619623163715e-05,1.5589024769724347e-05,4.4620730477618054e-05,2.9522057047870476e-06,0.0,11,0.00012971404066774994,2.8485303118941374e-05,9.6729832876008e-05,4.498898761085002e-06,0.0,18,7.032355642877519e-05,2.2641048417426646e-05,4.379394886200316e-05,3.888561877829488e-06,0.0,15,0.00018197261670138687,5.4515443480340764e-05,0.00012368170428089797,3.7754659842903493e-06,0.0,11,0.0002878177911043167,8.813197200652212e-05,0.00019835411512758583,1.3317185221239924e-06,0.0,6
76,3800,0.00014171580551192164,1.8957403881358914e-05,0.00011879501107614487,3.963391918659909e-06,0.0,9,0.00010167834989260882,2.9768030799459666e-05,6.722845864715055e-05,4.681864083977416e-06,0.0,18,0.0001759877777658403,6.178833427838981e-05,0.00011217730934731662,2.0221318663971033e-06,0.0,15,0.00016844875062815845,5.209407754591666e-05,0.00011251702380832285,3.837647909676889e-06,0.0,8,0.00021332839969545603,0.0001048702688422054,0.00010558452049735934,2.873610128517612e-06,0.0,11,6.0812053561676294e-05,1.3654078429681249e-05,4.421792982611805e-05,2.9400478069874225e-06,0.0,11,0.00012382696149870753,2.3331378542934544e-05,9.602038335287943e-05,4.475203240872361e-06,0.0,18,6.943309563212097e-05,2.2705093215336092e-05,4.284517854102887e-05,3.882824330503354e-06,0.0,15,0.00018200126942247152,5.512309508048929e-05,0.00012313239858485758,3.7457789403561037e-06,0.0,11,0.0002939715050160885,9.457825217396021e-05,0.00019806758791673928,1.3256808415462729e-06,0.0,6
77,3850,0.0001518897042842582,3.137429666821845e-05,0.0001166049696621485,3.91043158742832e-06,0.0,9,9.767433948582038e-05,2.676684562175069e-05,6.625700189033523e-05,4.650495611713268e-06,0.0,18,0.00017395922623109072,6.068313086871058e-05,0.00011126723984489217,2.008842102441122e-06,0.0,15,0.00016337903798557818,4.739838186651468e-05,0.0001121520617743954,3.828591161436634e-06,0.0,8,0.00021303440735209733,0.0001053730957210064,0.00010480520722921938,2.8561107683344744e-06,0.0,11,6.004774695611559e-05,1.3352995665627532e-05,4.376698052510619e-05,2.9277689463924617e-06,0.0,11,0.00012152960698585957,2.172024869651068e-05,9.535788558423519e-05,4.451474524103105e-06,0.0,18,6.563214992638677e-05,1.9365756088518538e-05,4.2389521695440635e-05,3.876869413943496e-06,0.0,15,0.00018060230650007725,5.467606752063148e-05,0.00012220929784234613,3.7169363622524543e-06,0.0,11,0.00029480067314580083,9.628589759813622e-05,0.00019719518604688346,1.319601210525434e-06,0.0,6
78,3900,0.00013732862134929746,1.860685006249696e-05,0.00011486112634884194,3.860634024022147e-06,0.0,9,9.636571485316381e-05,2.641491846588906e-05,6.531018152600154e-05,4.640613951778505e-06,0.0,16,0.0001735101395752281,6.114659481681883e-05,0.00011036752403015271,1.996033233808703e-06,0.0,15,0.00016498705372214317,4.943807653035037e-05,0.000111729561467655,3.8194093576748855e-06,0.0,8,0.00023771512496750802,0.00012941696331836283,0.0001054812892107293,2.816871528921183e-06,0.0,10,5.988103657728061e-05,1.349131707684137e-05,4.34746834798716e-05,2.915037157436018e-06,0.0,11,0.00012158155732322484,2.2722566427546553e-05,9.4431328761857e-05,4.427661679073935e-06,0.0,18,6.611955177504569e-05,2.010768912441563e-05,4.214093860355206e-05,3.87092632081476e-06,0.0,15,0.00018089824880007654,5.570567736867815e-05,0.00012150344264227897,3.689129016493098e-06,0.0,11,0.0002946186577901244,9.690026490716264e-05,0.0001964051480172202,1.3132452068020939e-06,0.0,6
79,3950,0.00013534810568671674,1.8472479496267624e-05,0.00011306274973321706,3.8128739561216207e-06,0.0,9,9.571848204359412e-05,2.663945451786276e-05,6.447241321438923e-05,4.606612492352724e-06,0.0,16,0.00017150667554233223,5.9807978686876595e-05,0.00010971572191920131,1.982973117264919e-06,0.0,15,0.00016307662008330226,4.801363684237003e-05,0.00011125282617285848,3.8101502468634862e-06,0.0,8,0.00021680306235793978,0.00010960135114146397,0.00010440300684422255,2.7987041448795935e-06,0.0,10,6.04041269980371e-05,1.4708594790135976e-05,4.279309359844774e-05,2.9024383820797084e-06,0.0,11,0.00013000438048038632,3.1441013561561704e-05,9.41595935728401e-05,4.403767889016308e-06,0.0,18,7.486544927814975e-05,2.8878521334263496e-05,4.212222120258957e-05,3.8647017390758265e-06,0.0,15,0.00017877179197967052,5.4241758334683254e-05,0.00012086765491403639,3.6623839605454123e-06,0.0,11,0.00029623229056596756,9.951820538844913e-05,0.0001954071776708588,1.306895228481153e-06,0.0,6
80,4000,0.00013321796723175794,1.784320738806855e-05,0.00011160650319652632,3.768259830394527e-06,0.0,9,0.00010397382720839232,3.56827222276479e-05,6.371796916937456e-05,4.5731385398539715e-06,0.0,16,0.00017396832117810845,6.310695607680827e-05,0.000108891079435125,1.970290895769722e-06,0.0,15,0.0001727482012938708,5.807328852824867e-05,0.00011087454186053947,3.8003779536666116e-06,0.0,8,0.00021593146084342152,0.00010880396439461038,0.00010434599971631542,2.7814924123958917e-06,0.0,10,6.121426849858835e-05,1.599863935553003e-05,4.232598439557478e-05,2.8896479307150003e-06,0.0,11,0.0001459516934119165,4.818349771085195e-05,9.338804375147447e-05,4.380158770800335e-06,0.0,18,9.750838216859847e-05,5.0966249546036124e-05,4.268368866178207e-05,3.858439413306769e-06,0.0,15,0.00018060655565932393,5.7045614084927365e-05,0.00011992496001766995,3.6359913337946637e-06,0.0,11,0.0002976369869429618,0.00010149149602511898,0.000194844527868554,1.300959866057383e-06,0.0,6
81,4050,0.00013292912626639009,1.8886079487856477e-05,0.00011031683243345469,3.7262154819472926e-06,0.0,9,0.00010472673602635041,3.710628516273573e-05,6.307597504928708e-05,4.544478088064352e-06,0.0,16,0.00017082209524232894,6.08478112553712e-05,0.00010801661846926436,1.9576639260776574e-06,0.0,15,0.0001765698252711445,6.233309977687895e-05,0.00011044589336961508,3.790828259297996e-06,0.0,8,0.0002182720199925825,0.00011202877794858068,0.00010347771603846923,2.7655187295749784e-06,0.0,10,5.9244848671369255e-05,1.4175063370203134e-05,4.219247421133332e-05,2.8773110898328014e-06,0.0,11,0.0001245660096174106,2.733986548264511e-05,9.286893327953294e-05,4.357212219474604e-06,0.0,18,6.53569950372912e-05,2.0870857042609714e-05,4.0633796743350103e-05,3.852346253552241e-06,0.0,15,0.00017557214596308768,5.260163379716687e-05,0.00011935886141145602,3.6116525734541938e-06,0.0,11,0.0003003405290655792,0.00010509861749596894,0.0001939474605023861,1.2944398122272105e-06,0.0,6
82,4100,0.00013207791198510677,1.9528342818375677e-05,0.00010886311065405607,3.68645737580664e-06,0.0,9,9.695059270597994e-05,3.01345280604437e-05,6.230078724911436e-05,4.515279215411283e-06,0.0,16,0.0001685278839431703,5.940394112258218e-05,0.00010717886470956728,1.945086296473164e-06,0.0,15,0.00017554330406710505,6.168136314954609e-05,0.00011008104775100946,3.7808977140230127e-06,0.0,8,0.0002174241963075474,0.00011044309940189123,0.00010423106868984178,2.7500300348037854e-06,0.0,10,6.530967948492616e-05,2.0864317775703967e-05,4.1580588003853336e-05,2.8647746148635633e-06,0.0,11,0.00011941067350562662,2.2961658032727428e-05,9.211509313900024e-05,4.333922788646305e-06,0.0,18,7.787701179040596e-05,3.361068229423836e-05,4.042035652673803e-05,3.84597933589248e-06,0.0,15,0.00020350761769805104,8.165586768882349e-05,0.00011826422996819019,3.5875270896212896e-06,0.0,11,0.0003028167993761599,0.000108209831523709,0.00019331846851855516,1.2884843272331636e-06,0.0,6
83,4150,0.00013246783055365086,2.1038335034972988e-05,0.00010778085561469197,3.6486519547906937e-06,0.0,9,9.373749344376847e-05,2.746814425336197e-05,6.178365583764389e-05,4.485693807509961e-06,0.0,16,0.00017231634410563856,6.382500578183681e-05,0.00010655835649231449,1.932974555529654e-06,0.0,15,0.00016355965635739267,5.006943320040591e-05,0.00010971928713843226,3.770944431380485e-06,0.0,8,0.00023348168178927153,0.00012828197213821113,0.00010246536112390459,2.7343428428139305e-06,0.0,10,5.918385795666836e-05,1.4828840903646778e-05,4.150310269324109e-05,2.851914359780494e-06,0.0,11,0.00011865724081872031,2.256133120681625e-05,9.178479376714677e-05,4.311111752031138e-06,0.0,18,7.22931363270618e-05,2.8901082259835675e-05,3.955245847464539e-05,3.839595137833385e-06,0.0,15,0.00021731290325988084,9.60129764280282e-05,0.00011773512960644439,3.564802909750142e-06,0.0,11,0.0003156694583594799,0.00012188035907456651,0.00019250679179094732,1.282314769923687e-06,0.0,6
84,4200,0.00012676912592723966,1.656959102547262e-05,0.00010658720566425472,3.6123174140811898e-06,0.0,9,9.704523108666763e-05,3.152332647005096e-05,6.106561340857297e-05,4.456288024812238e-06,0.0,16,0.00016975094331428409,6.204567762324587e-05,0.00010578423825791106,1.9210215214116033e-06,0.0,15,0.0001684573362581432,5.53131612832658e-05,0.00010938298510154709,3.7611853258567862e-06,0.0,8,0.00023794335720594972,0.0001317780406679958,0.0001034463057294488,2.7190133096155478e-06,0.0,10,5.6760920415399596e-05,1.288993917114567e-05,4.103137325728312e-05,2.8396048037393484e-06,0.0,11,0.00011976184759987518,2.437552211631555e-05,9.109799430007115e-05,4.288330273993779e-06,0.0,18,6.601119093829766e-05,2.2524180167238228e-05,3.96537288906984e-05,3.833280516118975e-06,0.0,15,0.00017179953283630311,5.102067007101141e-05,0.0001172498450614512,3.529017703840509e-06,0.0,10,0.0003020771546289325,0.00010956409823847935,0.00019123706442769617,1.276012653761427e-06,0.0,6
85,4250,0.00015812707715667784,4.8873116611503065e-05,0.00010567556455498561,3.5784019019047264e-06,0.0,9,9.622021025279537e-05,3.1252824555849656e-05,6.0540405684150755e-05,4.426975465321448e-06,0.0,16,0.00016926962416619062,6.219703209353611e-05,0.00010516362817725167,1.908960939545068e-06,0.0,15,0.0001642500574234873,5.151150617166422e-05,0.00010898775508394465,3.750804808078101e-06,0.0,8,0.00021764208213426173,0.00011200187145732343,0.00010293620289303362,2.7040030090574874e-06,0.0,10,5.724690345232375e-05,1.3815601050737314e-05,4.060303035657853e-05,2.8282709081395296e-06,0.0,10,0.00011458265362307429,1.9609897208283655e-05,9.07068679225631e-05,4.265883944754023e-06,0.0,18,6.891604425618425e-05,2.6093744963873178e-05,3.899526927853003e-05,3.8270318327704445e-06,0.0,15,0.00017211319936905056,5.219472586759366e-05,0.00011640328011708334,3.51518292518449e-06,0.0,10,0.0003051195526495576,0.00011373629240551963,0.00019011343829333782,1.2698261571131297e-06,0.0,6
86,4300,0.00012397757382132113,1.592438820807729e-05,0.00010450836998643354,3.5448153994366294e-06,0.0,9,9.476239938521758e-05,3.0297025659820065e-05,6.006773037370294e-05,4.397640168463113e-06,0.0,16,0.00017984899750445038,7.359405572060496e-05,0.00010435785952722654,1.8970871451529092e-06,0.0,15,0.0001725957408780232,6.0034417401766405e-05,0.00010882055357797071,3.7407751278806245e-06,0.0,8,0.00021428974287118763,0.00010881703929044306,0.00010278356785420328,2.6891398192674387e-06,0.0,10,5.854322080267593e-05,1.545739360153675e-05,4.027604518341832e-05,2.809781335599837e-06,0.0,10,0.00011818166240118444,2.3902986868051812e-05,9.003523882711306e-05,4.24343897975632e-06,0.0,18,6.601391942240298e-05,2.3191538275568746e-05,3.9002206904115155e-05,3.820177425950533e-06,0.0,15,0.00017059827223420143,5.1379232900217175e-05,0.00011571767390705645,3.5013626984436996e-06,0.0,10,0.00030410484760068357,0.00011340942000970244,0.00018943173927254975,1.2636920700970222e-06,0.0,6
87,4350,0.0001243690785486251,1.7347252651234157e-05,0.00010350911179557443,3.512714329190203e-06,0.0,9,9.232571756001562e-05,2.8394550099619664e-05,5.956269887974486e-05,4.368473582871957e-06,0.0,16,0.0001654350635362789,5.985261668683961e-05,0.00010369696246925741,1.8854740346796461e-06,0.0,15,0.00016035520820878446,4.812546831090003e-05,0.00010849913087440655,3.730621301656356e-06,0.0,8,0.00021566395298577845,0.00011089960025856271,0.00010209005995420739,2.674293455129373e-06,0.0,10,6.944138294784352e-05,2.6848500056075864e-05,3.9794642361812294e-05,2.7982403025816893e-06,0.0,10,0.00011293942952761427,1.9143235476803966e-05,8.95749544724822e-05,4.221239578328095e-06,0.0,18,6.392382783815265e-05,2.1014642697991803e-05,3.909541919711046e-05,3.813769353655516e-06,0.0,15,0.00018823871505446732,6.994442810537294e-05,0.00011480636021587998,3.487913318167557e-06,0.0,10,0.0003111113328486681,0.00012162897473899648,0.00018822471611201763,1.2576454082591226e-06,0.0,6
88,4400,0.00012315314961597323,1.6945276001933962e-05,0.0001027255057124421,3.482366309981444e-06,0.0,9,9.065704944077879e-05,2.7271922590443864e-05,5.904571298742667e-05,4.3394079511926975e-06,0.0,16,0.00016974980826489627,6.477763236034662e-05,0.00010309822391718626,1.8739509641818586e-06,0.0,15,0.00016145450354088098,4.94670748594217e-05,0.00010826730431290343,3.720125960171572e-06,0.0,8,0.00021816160005982965,0.00011351598368491977,0.00010198631935054436,2.6592917947709793e-06,0.0,10,5.727690222556703e-05,1.5051516129460651e-05,3.943903720937669e-05,2.786351160466438e-06,0.0,10,0.00011475903738755733,2.1517844288609922e-05,8.904196147341281e-05,4.199230261292541e-06,0.0,18,6.317455699900165e-05,2.167646016459912e-05,3.769088289118372e-05,3.807215307460865e-06,0.0,15,0.00016619419329799712,4.814361818716861e-05,0.00011457589425845072,3.474678123893682e-06,0.0,10,0.00030284083914011717,0.00011380719661246985,0.00018778187222778797,1.2517471077444497e-06,0.0,6
89,4450,0.00012145591608714312,1.611269726708997e-05,0.00010189031308982521,3.4529070944699924e-06,0.0,9,9.125792712438852e-05,2.828518336173147e-05,5.866228093509562e-05,4.310467375034932e-06,0.0,16,0.000164024590048939,5.98307597101666e-05,0.00010233087232336402,1.8629691567184636e-06,0.0,15,0.00015990986139513552,4.823591734748334e-05,0.00010796382412081584,3.7101219731994206e-06,0.0,8,0.0002095148229273036,0.00010473182192072272,0.00010213826317340136,2.644735559442779e-06,0.0,10,6.604054215131328e-05,2.4280790967168286e-05,3.8985694118309766e-05,2.7740534278564155e-06,0.0,10,0.00011906193685717881,2.643881452968344e-05,8.844584954204038e-05,4.177271421212936e-06,0.0,18,6.428647611755878e-05,2.1910114810452797e-05,3.857584670186043e-05,3.8005173337296583e-06,0.0,15,0.0001671957434155047,4.990743400412612e-05,0.00011382641241652891,3.4619038160599303e-06,0.0,10,0.00030343831167556345,0.0001156590660684742,0.00018653353617992252,1.245703401764331e-06,0.0,6
90,4500,0.00016517218318767846,6.03776570642367e-05,0.00010136935452464968,3.425178647376015e-06,0.0,9,8.897313091438264e-05,2.6466106646694243e-05,5.8225101383868605e-05,4.2819197005883325e-06,0.0,16,0.00016521358338650316,6.161823694128543e-05,0.00010174388444283977,1.8514556359150447e-06,0.0,15,0.00016112621233332902,4.973220711690374e-05,0.00010769422078737989,3.699784883792745e-06,0.0,8,0.00021375302458181977,0.00010953679884551093,0.00010158590157516301,2.630313247209415e-06,0.0,10,5.589562715613283e-05,1.4266755897551775e-05,3.886717968271114e-05,2.7616913484962424e-06,0.0,10,0.0001109421718865633,1.8569680833024904e-05,8.821717347018421e-05,4.15531758335419e-06,0.0,18,5.794714161311276e-05,1.7208971257787198e-05,3.694419137900695e-05,3.793979203692288e-06,0.0,15,0.00016816063725855201,5.1243649068055674e-05,0.00011346805695211515,3.4489407880755607e-06,0.0,10,0.00031040856265462935,0.00012312903709243983,0.00018603984790388495,1.2396725423968746e-06,0.0,6
91,4550,0.00012056362174917012,1.663900911808014e-05,0.00010052626021206379,3.3983542380155995e-06,0.0,9,9.329996100859717e-05,3.1084680813364685e-05,5.796172627015039e-05,4.253552560840035e-06,0.0,16,0.00016443146159872413,6.141275662230328e-05,0.00010117809870280325,1.8406092294753762e-06,0.0,15,0.0001602084666956216,4.904882007394917e-05,0.00010747025953605771,3.6893977721774718e-06,0.0,8,0.00022134774189908057,0.00011678722512442619,0.00010194413334829733,2.616383653730736e-06,0.0,10,5.6642933486728e-05,1.546962266729679e-05,3.842405567411333e-05,2.7492528715811204e-06,0.0,10,0.00011336438910802826,2.167817910958547e-05,8.755213639233261e-05,4.134075879846932e-06,0.0,18,5.778944614576176e-05,1.7340962585876696e-05,3.6661145713878796e-05,3.7873378460062668e-06,0.0,15,0.000164439610671252,4.8343172238674015e-05,0.000112660534796305,3.4359111396042863e-06,0.0,10,0.00031338646658696234,0.0001268705673282966,0.00018528204236645252,1.2338565511527122e-06,0.0,6
92,4600,0.00012176997552160174,1.883351433207281e-05,9.956392750609666e-05,3.372537321411073e-06,0.0,9,8.866615098668262e-05,2.6932029868476093e-05,5.750867057940923e-05,4.225447810313199e-06,0.0,16,0.00016102967492770404,5.871425673831254e-05,0.0001004855366772972,1.8298841268915567e-06,0.0,15,0.0001597487716935575,4.875183731201105e-05,0.0001073175881174393,3.6793528579437407e-06,0.0,8,0.00021363119594752789,0.00010977093916153535,0.00010125814151251689,2.6021200483228313e-06,0.0,10,5.5253036407520995e-05,1.4370893950399477e-05,3.814503725152463e-05,2.7371063424652675e-06,0.0,10,0.00011396950867492706,2.2487089154310524e-05,8.736994641367346e-05,4.112475835427176e-06,0.0,18,6.32461960776709e-05,2.30244331760332e-05,3.6441273550735787e-05,3.7804927615070483e-06,0.0,15,0.00016323379531968385,4.773980617756024e-05,0.00011207031639060006,3.423666839807993e-06,0.0,10,0.0003050822124350816,0.00011988502228632569,0.00018396895029582083,1.2282461057111504e-06,0.0,6
93,4650,0.0001239849516423419,2.1784397176816128e-05,9.885339386528358e-05,3.347156962263398e-06,0.0,9,0.0001014012232189998,3.992695565102622e-05,5.727703319280408e-05,4.197235739411553e-06,0.0,16,0.00016491601127199829,6.33506424492225e-05,9.974603017326444e-05,1.8193446749137365e-06,0.0,15,0.00016136675549205393,5.065570803708397e-05,0.00010704196756705642,3.669081934276619e-06,0.0,8,0.0002143560122931376,0.0001108603464672342,0.0001009078259812668,2.5878453016048297e-06,0.0,10,5.458531450130977e-05,1.4010965060151648e-05,3.784945511142723e-05,2.724894329730887e-06,0.0,10,0.00011794824968092144,2.7263226002105512e-05,8.659449667902663e-05,4.090526545041939e-06,0.0,18,6.808602483943105e-05,2.7950582079938613e-05,3.636169640230946e-05,3.7737445381935686e-06,0.0,15,0.00017171562649309635,5.405195042840205e-05,0.00011425340926507488,3.41027634931379e-06,0.0,9,0.00030389102175831795,0.00011980632552877069,0.0001828620588639751,1.222648620569089e-06,0.0,6
94,4700,0.00012110151146771386,1.9517385226208717e-05,9.826134191825986e-05,3.322782731629559e-06,0.0,9,9.157447493635118e-05,3.053974432987161e-05,5.6865083024604246e-05,4.169651219854131e-06,0.0,16,0.00016466985107399523,6.356242374749854e-05,9.929841326083988e-05,1.8090123603542452e-06,0.0,15,0.00017083332932088524,6.0262995248194784e-05,0.00010691183706512675,3.6585008729161927e-06,0.0,8,0.000212319748243317,0.00011294730938971043,9.681825031293556e-05,2.554179445724003e-06,0.0,9,6.037404455128126e-05,2.0272365873097442e-05,3.7388996133813635e-05,2.7126859549753135e-06,0.0,10,0.00011078941315645352,2.0544905055430718e-05,8.617519051767886e-05,4.069321676070103e-06,0.0,18,6.0764505178667605e-05,2.089116969727911e-05,3.610643761930987e-05,3.766898998946999e-06,0.0,15,0.00017192482482641935,5.6155047786887735e-05,0.00011235527927055955,3.4144975415983936e-06,0.0,9,0.0003040712617803365,0.00012093921395717189,0.00018191490380559117,1.2171435628260951e-06,0.0,6
95,4750,0.00011960111442022026,1.8913711755885743e-05,9.73884598352015e-05,3.298942601759336e-06,0.0,9,9.106159268412739e-05,2.9477148927981034e-05,5.745466842199676e-05,4.129773060412845e-06,0.0,15,0.00016254151705652475,6.0197460697963834e-05,0.00010054618905996904,1.797858317331702e-06,0.0,14,0.00016210362082347274,5.1692557462956756e-05,0.00010676259989850223,3.6484491374721983e-06,0.0,8,0.00021773966727778316,0.0001186845256597735,9.651515574660152e-05,2.5399749574717134e-06,0.0,9,5.5231521400855854e-05,1.530858025944326e-05,3.722214751178399e-05,2.7007954486180097e-06,0.0,10,0.00011372409062460065,2.396513991698157e-05,8.571159560233355e-05,4.047356924274936e-06,0.0,18,6.247119745239615e-05,2.3407641492667608e-05,3.530346293700859e-05,3.760088020499097e-06,0.0,15,0.00016409180534537882,4.939896462019533e-05,0.0001112846439355053,3.4081901958415983e-06,0.0,9,0.0003041292948182672,0.00012202111247461289,0.0001808965316740796,1.2116441894249874e-06,0.0,6
96,4800,0.00011713556887116283,1.7048711015377194e-05,9.681117808213457e-05,3.275677499914309e-06,0.0,9,0.0001004728619591333,3.95595416193828e-05,5.682424671249464e-05,4.089074536750559e-06,0.0,15,0.00016379189037252218,6.255772314034402e-05,9.945103374775499e-05,1.783128823262814e-06,0.0,14,0.00015997055743355304,4.9744081479730085e-05,0.00010658843530109152,3.638030193542363e-06,0.0,8,0.00021536837448365986,0.00011637846182566136,9.646309626987204e-05,2.526828893678612e-06,0.0,9,5.4295407608151436e-05,1.4555529560311697e-05,3.705064955283888e-05,2.6892294044955634e-06,0.0,10,0.00011945072037633508,2.9847573387087323e-05,8.557725232094526e-05,4.025896032544551e-06,0.0,18,6.43832900095731e-05,2.517317989259027e-05,3.5456931072985753e-05,3.753180408239132e-06,0.0,15,0.00016244898142758757,4.853839345742017e-05,0.0001105127448681742,3.3978467399720103e-06,0.0,9,0.0003044168115593493,0.0001232617360074073,0.0001799489837139845,1.2060941116942558e-06,0.0,6
97,4850,0.00012212840374559164,2.287951974722091e-05,9.599600889487192e-05,3.2528737392567564e-06,0.0,9,9.025627514347434e-05,2.970498644572217e-05,5.6491902796551585e-05,4.0593840822111815e-06,0.0,14,0.00015626348613295704,5.6126064009731635e-05,9.838119149208069e-05,1.7562288121553138e-06,0.0,13,0.00016029241669457406,5.021918332204223e-05,0.00010644552094163373,3.6277178878663108e-06,0.0,8,0.00021970694069750607,0.00012152412818977609,9.566901280777529e-05,2.5137996999546885e-06,0.0,9,6.760613177902997e-05,1.5372535926871933e-05,4.957944111083634e-05,2.654149966474506e-06,0.0,9,0.00014131292118690908,5.2316147048259154e-05,8.499214163748547e-05,4.004636139143258e-06,0.0,18,5.558580960496329e-05,1.7201948139700107e-05,3.463750908849761e-05,3.7463494209077908e-06,0.0,15,0.00016131362644955516,4.83215153508354e-05,0.0001096080377465114,3.384081537660677e-06,0.0,9,0.0003044733311980963,0.00012430688366293907,0.00017896581266541034,1.2006573797407327e-06,0.0,6
98,4900,0.00011605517647694796,1.7411221051588655e-05,9.54137067310512e-05,3.2302502859238302e-06,0.0,9,8.895657083485276e-05,2.8723248760798015e-05,5.620182128041051e-05,4.031496700918069e-06,0.0,14,0.0001616465742699802,6.246432894840837e-05,9.744157432578504e-05,1.7406670167474658e-06,0.0,13,0.0001584260753588751,4.8634236009093e-05,0.0001061742368619889,3.617600214056438e-06,0.0,8,0.00021083377941977233,0.0001119665103033185,9.63664788287133e-05,2.500794153093011e-06,0.0,9,6.483175093308091e-05,1.5063307728269137e-05,4.712779264082201e-05,2.640648517626687e-06,0.0,9,0.00011323048238409683,2.4289567591040395e-05,8.497854287270457e-05,3.962370556109818e-06,0.0,17,6.288917938945815e-05,2.4558064978918992e-05,3.459153595031239e-05,3.739582098205574e-06,0.0,15,0.00016219094686675817,4.9937032599700615e-05,0.00010888105316553265,3.3728611015249044e-06,0.0,9,0.0003046818310394883,0.0001254942180821672,0.000177992187673226,1.1954215324294637e-06,0.0,6
99,4950,0.00011566186003619805,1.763383625075221e-05,9.482014138484374e-05,3.207880126865348e-06,0.0,9,8.939659164752811e-05,2.9515449568862095e-05,5.587752821156755e-05,4.003607955382904e-06,0.0,14,0.00016073905862867832,6.249564466997981e-05,9.651364962337539e-05,1.7297605836574803e-06,0.0,13,0.00015815433289390057,4.850479672313668e-05,0.00010604196722852066,3.607570761232637e-06,0.0,8,0.00021549670782405883,0.00011662878387141973,9.638061601435766e-05,2.487308620402473e-06,0.0,9,6.229029531823471e-05,1.394560604239814e-05,4.5708686229772866e-05,2.6360000902059255e-06,0.0,9,0.00010708013724070042,1.860206430137623e-05,8.453438204014674e-05,3.943696356145665e-06,0.0,17,6.222337106009945e-05,2.4825914806569926e-05,3.366490636835806e-05,3.732554205271299e-06,0.0,15,0.0001637488603591919,5.234181662672199e-05,0.00010804477642523125,3.362265033501899e-06,0.0,9,0.000304907065583393,0.000126714920043014,0.0001770020608091727,1.1900739309567143e-06,0.0,6
100,5000,0.0001186164518003352,2.142519224435091e-05,9.40051832003519e-05,3.1860768103797454e-06,0.0,9,9.11933821043931e-05,3.1626896088710055e-05,5.5590502597624436e-05,3.975983418058604e-06,0.0,14,0.00015488354256376624,5.733183934353292e-05,9.58324599196203e-05,1.7192460290971212e-06,0.0,13,0.00015916470147203654,4.9756752559915185e-05,0.00010581070819171146,3.597246404751786e-06,0.0,8,0.00022040608746465296,0.00012070655793650076,9.72254274529405e-05,2.4741050310694845e-06,0.0,9,6.303228292381391e-05,1.585219615662936e-05,4.454635927686468e-05,2.6337286271882476e-06,0.0,9,0.00013007099914830178,4.188199091004208e-05,8.426448766840622e-05,3.924526026821695e-06,0.0,17,5.520356717170216e-05,1.746847374306526e-05,3.40094011335168e-05,3.725692522493773e-06,0.0,15,0.00016093016893137246,5.035176218370907e-05,0.00010722747538238764,3.3509343211335363e-06,0.0,9,0.00030516658443957567,0.0001279576390516013,0.00017602401203475893,1.1849422207887983e-06,0.0,6
