,epoch,decoder_0,sindy_x_0,reg_0,sindy_z_0,active_coeffs_0,coeff_0,decoder_1,sindy_x_1,reg_1,sindy_z_1,active_coeffs_1,coeff_1,decoder_2,sindy_x_2,reg_2,sindy_z_2,active_coeffs_2,coeff_2,decoder_3,sindy_x_3,reg_3,sindy_z_3,active_coeffs_3,coeff_3,decoder_4,sindy_x_4,reg_4,sindy_z_4,active_coeffs_4,coeff_4,decoder_5,sindy_x_5,reg_5,sindy_z_5,active_coeffs_5,coeff_5,decoder_6,sindy_x_6,reg_6,sindy_z_6,active_coeffs_6,coeff_6,decoder_7,sindy_x_7,reg_7,sindy_z_7,active_coeffs_7,coeff_7
0,0.0,0.32537105679512024,0.001092171878553927,9.999999747378752e-06,0.0,60,0.0,0.3554202914237976,0.0009435157408006489,9.999999747378752e-06,0.0,60,0.0,0.29572543501853943,0.0010383554035797715,9.999999747378752e-06,0.0,60,0.0,0.3759864270687103,0.0016254313522949815,9.999999747378752e-06,0.0,60,0.0,0.3637252151966095,0.0014876627828925848,9.999999747378752e-06,0.0,60,0.0,0.4236584007740021,0.0014574333326891065,9.999999747378752e-06,0.0,60,0.0,0.3722081780433655,0.0013421110343188047,9.999999747378752e-06,0.0,60,0.0,0.3677021265029907,0.0018306439742445946,9.999999747378752e-06,0.0,60,0.0
1,50.0,0.07225070893764496,0.0010941381333395839,9.149257493845653e-06,0.0,60,0.0,0.06625702977180481,0.0011086775921285152,9.172990758088417e-06,0.0,60,0.0,0.08027332276105881,0.0014990284107625484,9.372137355967425e-06,0.0,60,0.0,0.09745930880308151,0.0016279268311336637,9.147374839812983e-06,0.0,60,0.0,0.08718471974134445,0.0014884021366015077,9.14875818125438e-06,0.0,60,0.0,0.08892188221216202,0.0014695193385705352,8.831786544760689e-06,0.0,60,0.0,0.08427328616380692,0.0013778171269223094,9.078464245249052e-06,0.0,60,0.0,0.09850915521383286,0.001895521068945527,9.05019805941265e-06,0.0,60,0.0
2,100.0,0.03487688675522804,0.0010911469580605626,8.799994247965515e-06,0.0,60,0.0,0.036338526755571365,0.000995648093521595,9.287568900617771e-06,0.0,60,0.0,0.040038175880908966,0.0015088352374732494,8.097043064481113e-06,0.0,60,0.0,0.04460635408759117,0.0016256837407127023,8.885662282409612e-06,0.0,60,0.0,0.04198291525244713,0.0014869114384055138,8.54491281643277e-06,0.0,60,0.0,0.03960093855857849,0.0014617322012782097,8.418339348281734e-06,0.0,60,0.0,0.038947537541389465,0.0017568734474480152,7.895758244558237e-06,0.0,60,0.0,0.0511702261865139,0.002306667622178793,8.23612299427623e-06,0.0,60,0.0
3,150.0,0.030783459544181824,0.0010824843775480986,8.6789723354741e-06,0.0,60,0.0,0.03215669095516205,0.0009827868780121207,9.340877113572787e-06,0.0,60,0.0,0.03645632416009903,0.0012890450889244676,7.693367479078006e-06,0.0,60,0.0,0.03762119635939598,0.0016323666786774993,8.608647476648912e-06,0.0,60,0.0,0.03655627369880676,0.0014817919582128525,8.04649698693538e-06,0.0,60,0.0,0.0323331244289875,0.0014560418203473091,8.140295904013328e-06,0.0,60,0.0,0.033116862177848816,0.0015465066535398364,7.345256108237663e-06,0.0,60,0.0,0.041252054274082184,0.002085016807541251,7.989663572516292e-06,0.0,60,0.0
4,200.0,0.021182237192988396,0.0011478137457743287,8.332712241099216e-06,0.0,60,0.0,0.020063143223524094,0.0014067102456465364,9.052464520209469e-06,0.0,60,0.0,0.03498052433133125,0.001193193020299077,7.506043857574696e-06,0.0,60,0.0,0.035362549126148224,0.0016269420739263296,8.19269371277187e-06,0.0,60,0.0,0.032121311873197556,0.0014450920280069113,7.704661584284622e-06,0.0,60,0.0,0.02453925646841526,0.0014123455621302128,7.92280479799956e-06,0.0,60,0.0,0.030715325847268105,0.001494131633080542,6.88070576870814e-06,0.0,60,0.0,0.02222565934062004,0.0020317668095231056,7.4751314969034865e-06,0.0,60,0.0
5,250.0,0.012647178955376148,0.0011223568581044674,7.0356923060899135e-06,0.0,60,0.0,0.012288760393857956,0.0011192357633262873,8.322823305206839e-06,0.0,60,0.0,0.031107060611248016,0.0011401085648685694,7.3707292358449195e-06,0.0,60,0.0,0.02188124880194664,0.0016336716944351792,7.775544872856699e-06,0.0,60,0.0,0.01798941381275654,0.0013866944937035441,6.359231974784052e-06,0.0,59,0.0,0.014800643548369408,0.0013510431163012981,7.985488082340453e-06,0.0,60,0.0,0.025068916380405426,0.0013857901794835925,6.290216788329417e-06,0.0,60,0.0,0.016160203143954277,0.0018308112630620599,7.124075636966154e-06,0.0,60,0.0
6,300.0,0.009887827560305595,0.0010056893806904554,6.4677983573346864e-06,0.0,56,1.0,0.009616772644221783,0.0009841294959187508,7.792500582581852e-06,0.0,60,0.0,0.01522398367524147,0.0010381904430687428,7.148293207137613e-06,0.0,60,0.0,0.01484389416873455,0.0014334549196064472,7.2596017162140924e-06,0.0,56,0.0,0.013212221674621105,0.0012572300620377064,5.227700967225246e-06,0.0,45,2.0,0.011918566189706326,0.0012802176643162966,8.010119017853867e-06,0.0,60,0.0,0.01555880717933178,0.001227851491421461,5.687379598384723e-06,0.0,58,0.0,0.013506954535841942,0.0017046943539753556,6.955242497497238e-06,0.0,60,0.0
7,350.0,0.008632579818367958,0.0009311131434515119,6.205337285791757e-06,0.0,49,2.0,0.00827641412615776,0.0009015885880216956,7.3820119723677635e-06,0.0,59,0.0,0.009743476286530495,0.0009338374948129058,6.985295840422623e-06,0.0,60,0.0,0.012207301333546638,0.0012667860137298703,7.143102266127244e-06,0.0,53,0.0,0.01130951289087534,0.0011638473952189088,4.955175882059848e-06,0.0,35,2.0,0.010518519207835197,0.0012223700759932399,8.044074093049858e-06,0.0,53,1.0,0.012140917591750622,0.0011145900934934616,5.4394886319641955e-06,0.0,57,0.0,0.011990676634013653,0.0016035625012591481,6.851984835520852e-06,0.0,59,0.0
8,400.0,0.007831064984202385,0.0008924294961616397,6.116951681178762e-06,0.0,45,2.0,0.007387588266283274,0.000841733708512038,7.067096703394782e-06,0.0,56,1.0,0.007913589477539062,0.0008817527559585869,6.907146598678082e-06,0.0,59,0.0,0.010783000849187374,0.0011457110522314906,7.129593996069161e-06,0.0,48,1.0,0.010215798392891884,0.0010671322233974934,4.977125172445085e-06,0.0,31,3.0,0.009586365893483162,0.0011756002204492688,8.217946742661297e-06,0.0,53,1.0,0.010279675014317036,0.0010337000712752342,5.2887603487761226e-06,0.0,47,0.0,0.010990333743393421,0.0015218652551993728,6.803765245422255e-06,0.0,56,0.0
9,450.0,0.007277204655110836,0.0008673770935274661,6.1020241446385626e-06,0.0,43,3.0,0.0066504827700555325,0.0007969668367877603,6.84156475472264e-06,0.0,55,1.0,0.006896292790770531,0.0008432695176452398,6.870114248158643e-06,0.0,59,0.0,0.009809279814362526,0.0010578861692920327,7.132206519600004e-06,0.0,46,2.0,0.009466126561164856,0.000986983417533338,5.049188075645361e-06,0.0,30,3.0,0.008876417763531208,0.0010878155007958412,8.381659426959231e-06,0.0,53,1.0,0.00915880873799324,0.0009927538922056556,5.274965133139631e-06,0.0,46,0.0,0.010247425176203251,0.001459835679270327,6.822138857387472e-06,0.0,55,0.0
10,500.0,0.006878363434225321,0.0008489149622619152,6.122453214629786e-06,0.0,42,3.0,0.005643465090543032,0.0007560502854175866,6.664874490525108e-06,0.0,55,1.0,0.006153604947030544,0.0007961656083352864,6.835731255705468e-06,0.0,57,0.0,0.009079077281057835,0.0009952801046893,7.148602890083566e-06,0.0,44,2.0,0.008884575217962265,0.0009350653272122145,5.124205017636996e-06,0.0,26,3.0,0.008328059688210487,0.0009611660498194396,8.461056495434605e-06,0.0,50,1.0,0.008405793458223343,0.000958632561378181,5.326752670953283e-06,0.0,44,2.0,0.009579583071172237,0.0014191747177392244,6.852968908788171e-06,0.0,51,0.0
11,550.0,0.00655387993901968,0.0008345592068508267,6.151999514258932e-06,0.0,40,3.0,0.004123438149690628,0.0007109787547960877,6.53739743938786e-06,0.0,52,1.0,0.0055780233815312386,0.0007496721809729934,6.799301900173305e-06,0.0,55,0.0,0.008509567007422447,0.0009356506052426994,7.163626378314802e-06,0.0,43,2.0,0.008326052688062191,0.0009054685360752046,5.216814770392375e-06,0.0,26,3.0,0.00789871346205473,0.0008567471522837877,8.506984158884734e-06,0.0,49,1.0,0.007876881398260593,0.0009281763923354447,5.400886493589496e-06,0.0,41,2.0,0.008525606244802475,0.0013944769743829966,6.876005954836728e-06,0.0,50,0.0
12,600.0,0.006265293341130018,0.0008227885118685663,6.168736490508309e-06,0.0,39,3.0,0.0031062159687280655,0.0006772443884983659,6.446948646043893e-06,0.0,51,1.0,0.0051748803816735744,0.0007130824960768223,6.8050298978050705e-06,0.0,52,1.0,0.008045048452913761,0.0008878145017661154,7.1889635364641435e-06,0.0,43,2.0,0.007320658769458532,0.0009047316270880401,5.316436727298424e-06,0.0,26,3.0,0.0075557418167591095,0.0007911035208962858,8.53926940180827e-06,0.0,49,1.0,0.007480274885892868,0.0008967990870587528,5.489224804477999e-06,0.0,39,2.0,0.0064421421848237514,0.0013608165318146348,6.8448184720182326e-06,0.0,50,0.0
13,650.0,0.0059506529942154884,0.0008187288767658174,6.174198006192455e-06,0.0,38,3.0,0.0025584488175809383,0.0006513510015793145,6.370254595822189e-06,0.0,50,1.0,0.004877540282905102,0.0006785868317820132,6.857989319541957e-06,0.0,51,1.0,0.007627314422279596,0.0008487281738780439,7.225457466120133e-06,0.0,40,2.0,0.005424295552074909,0.0009059101575985551,5.372102805267787e-06,0.0,24,3.0,0.007259873673319817,0.000750495761167258,8.511918167641852e-06,0.0,49,1.0,0.007165797054767609,0.0008701144834049046,5.585412054642802e-06,0.0,37,3.0,0.0049282582476735115,0.0012483122991397977,6.756808033969719e-06,0.0,47,0.0
14,700.0,0.0049503641203045845,0.0008322979556396604,6.137053333077347e-06,0.0,37,3.0,0.0021608006209135056,0.0006301928078755736,6.315581231319811e-06,0.0,48,1.0,0.00466696172952652,0.0006408193148672581,6.929288247192744e-06,0.0,48,1.0,0.007156943902373314,0.0008210276137106121,7.305708550120471e-06,0.0,40,2.0,0.004148098174482584,0.0008741605561226606,5.427804353530519e-06,0.0,24,3.0,0.006933318916708231,0.0007256382377818227,8.47563296701992e-06,0.0,48,1.0,0.0068960231728851795,0.000840327120386064,5.671443886967609e-06,0.0,35,3.0,0.0040673911571502686,0.0011178780114278197,6.70331382934819e-06,0.0,46,0.0
15,750.0,0.0033915701787918806,0.0007823829655535519,6.159463282529032e-06,0.0,35,3.0,0.001842603785917163,0.0006130683468654752,6.299136657617055e-06,0.0,47,1.0,0.004497585352510214,0.0006004551541991532,7.021808414719999e-06,0.0,45,2.0,0.006314868573099375,0.0008023533737286925,7.417249435093254e-06,0.0,38,2.0,0.0033765516709536314,0.0008368788403458893,5.496697667695116e-06,0.0,23,4.0,0.006324623711407185,0.0007285638130269945,8.501345291733742e-06,0.0,48,1.0,0.006633763667196035,0.0008101878920570016,5.734544174629264e-06,0.0,34,3.0,0.0034349882043898106,0.00099623529240489,6.700526682834607e-06,0.0,45,0.0
16,800.0,0.0025687594898045063,0.0007120867376215756,6.223418949957704e-06,0.0,33,3.0,0.0016007603844627738,0.000598365266341716,6.312973710009828e-06,0.0,45,2.0,0.004308667033910751,0.0005598009447567165,7.141886726458324e-06,0.0,45,2.0,0.004863749723881483,0.000820975168608129,7.502759672206594e-06,0.0,38,2.0,0.0028414526022970676,0.000803689647000283,5.5851742217782885e-06,0.0,23,4.0,0.004587691277265549,0.0007918348419480026,8.54675909067737e-06,0.0,45,1.0,0.0063226050697267056,0.0007849581306800246,5.782725565950386e-06,0.0,34,3.0,0.0029776431620121002,0.0009195864549838006,6.720800683979178e-06,0.0,44,0.0
17,850.0,0.0021100069861859083,0.0006604493246413767,6.298039807006717e-06,0.0,33,3.0,0.0014048076700419188,0.0005854192422702909,6.335088528430788e-06,0.0,44,2.0,0.00397602329030633,0.0005264730425551534,7.261258815560723e-06,0.0,45,2.0,0.0038813056889921427,0.0008066404261626303,7.472202469216427e-06,0.0,38,2.0,0.0024592841509729624,0.0007705677999183536,5.67039296583971e-06,0.0,21,4.0,0.0035216452088207006,0.000738845148589462,8.429220542893745e-06,0.0,45,1.0,0.005732022225856781,0.0007589504239149392,5.7994548114947975e-06,0.0,34,3.0,0.0026314875576645136,0.0008764521335251629,6.754470177838812e-06,0.0,42,1.0
18,900.0,0.0018016105750575662,0.0006293730111792684,6.3425841290154494e-06,0.0,30,3.0,0.0012740729143843055,0.0005714258295483887,6.354196557367686e-06,0.0,43,2.0,0.0028913149144500494,0.000533164304215461,7.322183137148386e-06,0.0,44,2.0,0.0032285868655890226,0.0007840180187486112,7.411896604025969e-06,0.0,36,3.0,0.0021448126062750816,0.0007443689974024892,5.765748937847093e-06,0.0,21,4.0,0.0029374221339821815,0.0006634711753576994,8.237191650550812e-06,0.0,44,1.0,0.004373406060039997,0.0007299124263226986,5.785729626950342e-06,0.0,33,4.0,0.0023688829969614744,0.0008489103056490421,6.810383183619706e-06,0.0,42,1.0
19,950.0,0.0015753875486552715,0.000606559740845114,6.400077381840674e-06,0.0,30,3.0,0.0011527265887707472,0.0005557174445129931,6.369717539200792e-06,0.0,40,2.0,0.0017417320050299168,0.0005373230087570846,7.274913514265791e-06,0.0,44,2.0,0.0027696448378264904,0.0007578910444863141,7.353339697147021e-06,0.0,35,3.0,0.001924560870975256,0.0007222908898256719,5.869250344403554e-06,0.0,21,4.0,0.0025028700474649668,0.0006165169761516154,8.040949069254566e-06,0.0,40,1.0,0.0033897357061505318,0.0007027953397482634,5.755446181865409e-06,0.0,32,4.0,0.002157973125576973,0.0008285059011541307,6.863601811346598e-06,0.0,40,1.0
20,1000.0,0.001409050659276545,0.0005817664205096662,6.449640750361141e-06,0.0,30,3.0,0.0010637125233188272,0.0005394798354245722,6.40637972537661e-06,0.0,39,2.0,0.0012415748788043857,0.0005343332886695862,7.2001307671598624e-06,0.0,42,3.0,0.002415200462564826,0.0007363352342508733,7.284595085366163e-06,0.0,35,3.0,0.0017507049487903714,0.0007011877023614943,5.97290818404872e-06,0.0,21,4.0,0.0021648304536938667,0.0005840121884830296,7.87794306233991e-06,0.0,40,1.0,0.0027802337426692247,0.0006674518226645887,5.714578946935944e-06,0.0,31,5.0,0.00199201051145792,0.0008053960627876222,6.930061317689251e-06,0.0,39,1.0
21,1050.0,0.0012852782383561134,0.0005573148955591023,6.5173121583939064e-06,0.0,29,3.0,0.0009923487668856978,0.000519861641805619,6.456616574723739e-06,0.0,37,2.0,0.0009716154891066253,0.000526534509845078,7.10943277226761e-06,0.0,40,3.0,0.002141352742910385,0.0007193814963102341,7.209742307168199e-06,0.0,32,4.0,0.0016194808995351195,0.0006796492380090058,6.0772954384447075e-06,0.0,21,4.0,0.0019030364928767085,0.0005538180121220648,7.729097887931857e-06,0.0,39,1.0,0.002343894215300679,0.0006355386576615274,5.681210495822597e-06,0.0,30,5.0,0.0018661055946722627,0.0007838942110538483,6.995626335992711e-06,0.0,39,1.0
22,1100.0,0.0011996555840596557,0.0005301236524246633,6.624180514336331e-06,0.0,29,3.0,0.0009275291231460869,0.0005000280798412859,6.512962499982677e-06,0.0,36,2.0,0.0008202010067179799,0.0004967612912878394,7.0273813435051125e-06,0.0,39,3.0,0.0019295787205919623,0.0006994883879087865,7.179239219112787e-06,0.0,30,4.0,0.0015058954013511539,0.000657577533274889,6.182988727232441e-06,0.0,21,4.0,0.0017061129910871387,0.0005236322758719325,7.596570867463015e-06,0.0,39,1.0,0.0019838325679302216,0.0006095829303376377,5.6599092204123735e-06,0.0,30,5.0,0.0017771193524822593,0.0007623365381732583,7.0580458668700885e-06,0.0,39,1.0
23,1150.0,0.0010894878068938851,0.0004999657394364476,6.740461230947403e-06,0.0,28,3.0,0.0008757762843742967,0.0004785073106177151,6.560710971825756e-06,0.0,36,2.0,0.0007365183555521071,0.0004607302544172853,7.0025839704612736e-06,0.0,38,3.0,0.0017827496631070971,0.0006813583895564079,7.171698598540388e-06,0.0,29,4.0,0.0014155269600450993,0.0006334123318083584,6.289126304181991e-06,0.0,21,4.0,0.001559275551699102,0.000495142478030175,7.480184194719186e-06,0.0,38,1.0,0.0017294143326580524,0.0005854227347299457,5.633304681396112e-06,0.0,29,5.0,0.0016581385862082243,0.0007374885608442128,7.121128419385059e-06,0.0,37,1.0
24,1200.0,0.001014608540572226,0.0004725403559859842,6.871935966046294e-06,0.0,28,3.0,0.0008271633996628225,0.00045640653115697205,6.596137609449215e-06,0.0,36,2.0,0.0006924275658093393,0.0004277729894965887,7.036268470983487e-06,0.0,37,3.0,0.0016421758336946368,0.0006645862013101578,7.17690136298188e-06,0.0,28,4.0,0.0013490456622093916,0.0006074465345591307,6.394226602424169e-06,0.0,21,4.0,0.0014327159151434898,0.0004762776370625943,7.397311037493637e-06,0.0,33,1.0,0.0015648289117962122,0.0005658853333443403,5.609914296655916e-06,0.0,27,5.0,0.0015821674605831504,0.0007123681716620922,7.200620530056767e-06,0.0,35,1.0
25,1250.0,0.0009539501625113189,0.00044657199759967625,7.0096539275255054e-06,0.0,28,3.0,0.0007928299019113183,0.00043412880040705204,6.6229722506250255e-06,0.0,35,2.0,0.0006387895555235445,0.00040085319778881967,7.090286999300588e-06,0.0,37,3.0,0.0015524019254371524,0.0006488031940534711,7.197228569566505e-06,0.0,28,4.0,0.001280548400245607,0.0005796966142952442,6.497290087281726e-06,0.0,21,4.0,0.0013310540234670043,0.0004456577298697084,7.385835488094017e-06,0.0,31,2.0,0.0014282416086643934,0.0005494035431183875,5.606549621006707e-06,0.0,26,5.0,0.0015106418868526816,0.0006874111713841558,7.296315743587911e-06,0.0,34,1.0
26,1300.0,0.0008997049881145358,0.00042333712917752564,7.1491026574221905e-06,0.0,27,3.0,0.000747393467463553,0.0004122293903492391,6.662135547230719e-06,0.0,32,3.0,0.0006109758978709579,0.0003764706780202687,7.141502464946825e-06,0.0,37,3.0,0.001463866326957941,0.0006349931354634464,7.224893579405034e-06,0.0,28,4.0,0.001227949163876474,0.0005513796932063997,6.596852472284809e-06,0.0,21,4.0,0.0012471360387280583,0.0004252835060469806,7.439864020852838e-06,0.0,30,2.0,0.0013354362454265356,0.0005352973821572959,5.6229364417959005e-06,0.0,24,5.0,0.0014555009547621012,0.0006656955229118466,7.40444329494494e-06,0.0,34,1.0
27,1350.0,0.0008556304965168238,0.0004008653631899506,7.303436177608091e-06,0.0,27,3.0,0.0007099449867382646,0.00039149969234131277,6.723607384628849e-06,0.0,32,3.0,0.0005733018624596298,0.0003537552256602794,7.186979928519577e-06,0.0,37,3.0,0.0013885179068893194,0.0006221786607056856,7.258716777869267e-06,0.0,28,4.0,0.0011825338006019592,0.0005254781572148204,6.689523161185207e-06,0.0,21,4.0,0.001169767347164452,0.00040780878043733537,7.498556897189701e-06,0.0,30,2.0,0.001261462806724012,0.0005245397333055735,5.662853709509363e-06,0.0,24,5.0,0.0014088518219068646,0.000642724335193634,7.52122559788404e-06,0.0,33,1.0
28,1400.0,0.0008388999849557877,0.00038189717452041805,7.451461897289846e-06,0.0,27,3.0,0.0006740616518072784,0.00037112654536031187,6.7836335801985115e-06,0.0,32,3.0,0.0005500219413079321,0.0003348623286001384,7.223799457278801e-06,0.0,37,3.0,0.001322002150118351,0.0006106548826210201,7.306605311896419e-06,0.0,27,4.0,0.001137044164352119,0.0005015974747948349,6.773880159016699e-06,0.0,21,4.0,0.0011099794646725059,0.00039292420842684805,7.5651832958101295e-06,0.0,29,2.0,0.0012128169182687998,0.0005148185882717371,5.7020533859031275e-06,0.0,23,5.0,0.0013774640392512083,0.0006190863205119967,7.640738658665214e-06,0.0,33,1.0
29,1450.0,0.0007759622531011701,0.0003639069327618927,7.593903774250066e-06,0.0,27,3.0,0.0006413758965209126,0.000353065348463133,6.837884029664565e-06,0.0,32,3.0,0.0005301655037328601,0.0003185190726071596,7.2538896347396076e-06,0.0,36,3.0,0.0012653571320697665,0.0006011062068864703,7.374832421191968e-06,0.0,26,4.0,0.0010934231104329228,0.0004801551694981754,6.850408226455329e-06,0.0,21,4.0,0.0010531364241614938,0.0003814271476585418,7.634752364538144e-06,0.0,29,2.0,0.0011572159128263593,0.0005054720095358789,5.756446171290008e-06,0.0,23,5.0,0.0013335540425032377,0.0005963611183688045,7.757635103189386e-06,0.0,32,1.0
30,1500.0,0.0007286813342943788,0.0003481182793620974,7.729240678600036e-06,0.0,27,3.0,0.0006107600056566298,0.00033842792618088424,6.886240043968428e-06,0.0,31,3.0,0.000509121164213866,0.0003044641634915024,7.291274869203335e-06,0.0,34,4.0,0.0012155660660937428,0.0005908572347834706,7.450031262123957e-06,0.0,26,4.0,0.0010419596219435334,0.0004620195832103491,6.9207635533530265e-06,0.0,20,4.0,0.001004700898192823,0.00037171225994825363,7.708905286563095e-06,0.0,29,2.0,0.0011085027363151312,0.000498542794957757,5.809771209897008e-06,0.0,23,5.0,0.0012975024292245507,0.0005776968318969011,7.869819455663674e-06,0.0,32,1.0
31,1550.0,0.0006895381957292557,0.0003338548995088786,7.855845069570933e-06,0.0,27,3.0,0.000579842715524137,0.00032680502044968307,6.935931196494494e-06,0.0,31,3.0,0.0004849850956816226,0.00029279888258315623,7.345528501900844e-06,0.0,33,4.0,0.0011647731298580766,0.0005815207841806114,7.530990842496976e-06,0.0,26,4.0,0.0010024604853242636,0.0004458120674826205,6.989944267843384e-06,0.0,20,4.0,0.0009598297765478492,0.00036338428617455065,7.78682078816928e-06,0.0,29,2.0,0.001065718592144549,0.0004917199839837849,5.863071692147059e-06,0.0,23,5.0,0.0012696572812274098,0.0005622993339784443,7.980779628269374e-06,0.0,31,1.0
32,1600.0,0.0006609344272874296,0.00032124240533448756,7.973762876645196e-06,0.0,27,3.0,0.0005474140634760261,0.0003173795121256262,6.987482265685685e-06,0.0,31,3.0,0.00046750257024541497,0.0002807013806886971,7.402193205052754e-06,0.0,33,4.0,0.0011183626484125853,0.000572804594412446,7.617299161211122e-06,0.0,26,4.0,0.0009629301493987441,0.00043088608072139323,7.057288257783512e-06,0.0,20,4.0,0.0009470289223827422,0.00035685222246684134,7.8666525951121e-06,0.0,28,2.0,0.0010267312172800303,0.000485310738440603,5.915475412621163e-06,0.0,23,5.0,0.0012229530839249492,0.000550545344594866,8.090704795904458e-06,0.0,31,1.0
33,1650.0,0.0006161410710774362,0.00030923818121664226,8.083909960987512e-06,0.0,27,3.0,0.0005185109912417829,0.000309190945699811,7.045244274195284e-06,0.0,30,4.0,0.0004718853742815554,0.0002697393065318465,7.456565526808845e-06,0.0,32,4.0,0.001068023149855435,0.0005647247890010476,7.707237273280043e-06,0.0,26,4.0,0.0009305648854933679,0.0004165962163824588,7.130511221475899e-06,0.0,19,4.0,0.0008793623419478536,0.00035004992969334126,7.96579297457356e-06,0.0,28,2.0,0.0010166976135224104,0.00047981346142478287,5.968353434582241e-06,0.0,23,5.0,0.0011966796591877937,0.0005401637172326446,8.195080226869322e-06,0.0,31,1.0
34,1700.0,0.0005854814662598073,0.0002992020163219422,8.187098501366563e-06,0.0,27,3.0,0.0005206168279983103,0.00030342995887622237,7.113610990927555e-06,0.0,30,4.0,0.0004343259788583964,0.0002586470218375325,7.509542683692416e-06,0.0,32,4.0,0.0010193049674853683,0.0005576717667281628,7.80267237132648e-06,0.0,26,4.0,0.0008935590740293264,0.00040346055175177753,7.209988780232379e-06,0.0,19,4.0,0.000840660824906081,0.00034371187211945653,8.069228897511493e-06,0.0,28,2.0,0.0009665117249824107,0.0004732281668111682,6.021324679750251e-06,0.0,22,5.0,0.0011828257702291012,0.000531413999851793,8.294533472508192e-06,0.0,30,2.0
35,1750.0,0.0005542716826312244,0.0002942593418993056,8.2849956015707e-06,0.0,26,3.0,0.00046829116763547063,0.00029659413849003613,7.1857716648082715e-06,0.0,30,4.0,0.0004180548421572894,0.0002494870568625629,7.560789981653215e-06,0.0,32,4.0,0.0009820018894970417,0.0005499892286024988,7.901408025645651e-06,0.0,26,4.0,0.0008570356294512749,0.0003911959647666663,7.28866143617779e-06,0.0,19,4.0,0.000810549536254257,0.00033743627136573195,8.170709406840615e-06,0.0,28,2.0,0.0009343397105112672,0.00046679319348186255,6.073796612326987e-06,0.0,22,5.0,0.0011382465017959476,0.0005236252909526229,8.396898010687437e-06,0.0,30,2.0
36,1800.0,0.0005248253000900149,0.00028181090601719916,8.38100731925806e-06,0.0,26,3.0,0.00043761267443187535,0.00029152625938877463,7.260294751176843e-06,0.0,29,4.0,0.00040261721005663276,0.00024026658502407372,7.610938155266922e-06,0.0,32,4.0,0.0009452554513700306,0.0005423349211923778,8.003592483873945e-06,0.0,26,4.0,0.0008284046198241413,0.00038182458956725895,7.364196790149435e-06,0.0,19,4.0,0.0007726734038442373,0.00033115895348601043,8.271423212136142e-06,0.0,28,2.0,0.0009232012671418488,0.0004616913793142885,6.131941063358681e-06,0.0,22,5.0,0.001105553819797933,0.000516189553309232,8.494830581184942e-06,0.0,29,2.0
37,1850.0,0.00048804120160639286,0.0002736189926508814,8.471405635646079e-06,0.0,26,3.0,0.0004166861472185701,0.00028698352980427444,7.3372566475882195e-06,0.0,29,4.0,0.00038708667852915823,0.00023241591406986117,7.659314178454224e-06,0.0,32,4.0,0.0009158719913102686,0.0005346809048205614,8.108087058644742e-06,0.0,26,4.0,0.0007917946786619723,0.00037305353907868266,7.43659757063142e-06,0.0,19,4.0,0.000739606621209532,0.0003251992748118937,8.37354855320882e-06,0.0,28,2.0,0.0008802490774542093,0.0004554137121886015,6.1940186242281925e-06,0.0,22,5.0,0.001065179007127881,0.0005094517255201936,8.593302482040599e-06,0.0,29,2.0
38,1900.0,0.0004827168886549771,0.0002670204557944089,8.558278750570025e-06,0.0,26,3.0,0.0003897369606420398,0.0002832320751622319,7.414993888232857e-06,0.0,29,4.0,0.00037370569771155715,0.00022422226902563125,7.706817996222526e-06,0.0,32,4.0,0.0008873732294887304,0.000527357857208699,8.213970431825146e-06,0.0,26,4.0,0.0007749052019789815,0.00036535828257910907,7.507093414460542e-06,0.0,19,4.0,0.0007017655298113823,0.0003194241726305336,8.476296898152214e-06,0.0,28,2.0,0.0008821893716230989,0.0004504435055423528,6.256107099034125e-06,0.0,22,5.0,0.0010303445160388947,0.0005037323571741581,8.689909918757621e-06,0.0,29,2.0
39,1950.0,0.0004348774382378906,0.00026086755678988993,8.642263310321141e-06,0.0,26,3.0,0.00038791546830907464,0.00028099396149627864,7.490969892387511e-06,0.0,27,4.0,0.0003617645998019725,0.00021649381960742176,7.752936653560027e-06,0.0,31,4.0,0.0008390138391405344,0.0005220326129347086,8.3200848166598e-06,0.0,26,4.0,0.0007267361506819725,0.0003577489696908742,7.574958090117434e-06,0.0,19,4.0,0.0006792077329009771,0.00031258718809112906,8.577417247579433e-06,0.0,27,3.0,0.0008348855772055686,0.00044355192221701145,6.320517968561035e-06,0.0,21,5.0,0.000999419717118144,0.0004981441306881607,8.784822057350539e-06,0.0,29,2.0
40,2000.0,0.0004107781278435141,0.0002544579328969121,8.723097380425315e-06,0.0,26,3.0,0.0003496719291433692,0.00027566830976866186,7.582562830066308e-06,0.0,27,4.0,0.0003429607313591987,0.00021024318994022906,7.806851499481127e-06,0.0,31,4.0,0.0008038923260755837,0.0005147829069755971,8.424465704592876e-06,0.0,25,4.0,0.0006918639992363751,0.00035083547118119895,7.639973773621023e-06,0.0,19,4.0,0.0006392654031515121,0.0003071263199672103,8.68578990775859e-06,0.0,27,3.0,0.0008400032529607415,0.00043821395956911147,6.378979378496297e-06,0.0,21,5.0,0.0009718926157802343,0.0004922961816191673,8.878542757884134e-06,0.0,29,2.0
41,2050.0,0.0003887015045620501,0.0002495886292308569,8.802780030237045e-06,0.0,26,3.0,0.0003281612880527973,0.0002717440656851977,7.668911166547332e-06,0.0,27,4.0,0.0003277113428339362,0.00020229732035659254,7.851077498344239e-06,0.0,30,4.0,0.0007692422950640321,0.0005084014846943319,8.530359991709702e-06,0.0,25,4.0,0.0006605714443139732,0.0003447912458796054,7.70350652601337e-06,0.0,19,4.0,0.0006100037135183811,0.00030103090102784336,8.792387234279886e-06,0.0,27,3.0,0.0007890074630267918,0.00043163428199477494,6.434555416490184e-06,0.0,21,5.0,0.0009505023481324315,0.000487801298731938,8.971514034783468e-06,0.0,29,2.0
42,2100.0,0.0003613279841374606,0.00024403163115493953,8.880379937181715e-06,0.0,26,3.0,0.0003091814578510821,0.0002677594020497054,7.759043000987731e-06,0.0,27,4.0,0.00031389659852720797,0.0001978410145966336,7.898182047938462e-06,0.0,30,4.0,0.0007403615745715797,0.0005013153422623873,8.639014595246408e-06,0.0,25,4.0,0.0006371294148266315,0.0003390224010217935,7.76754768594401e-06,0.0,19,4.0,0.0005785456742160022,0.0002951237256638706,8.896839972294401e-06,0.0,27,3.0,0.0007818876183591783,0.00042592978570610285,6.4877967815846205e-06,0.0,21,5.0,0.0009168618707917631,0.0004821975599043071,9.059704098035581e-06,0.0,29,2.0
43,2150.0,0.0003514060517773032,0.00023966655135154724,8.956629244494252e-06,0.0,26,3.0,0.00031267438316717744,0.00026392482686787844,7.85037536843447e-06,0.0,27,4.0,0.00031118758488446474,0.0001925688557093963,7.94154402683489e-06,0.0,30,4.0,0.000711629749275744,0.0004945615073665977,8.747352694626898e-06,0.0,25,4.0,0.0006019692518748343,0.0003334684297442436,7.830863069102634e-06,0.0,19,4.0,0.0005510462215170264,0.00028876267606392503,9.000821592053398e-06,0.0,27,3.0,0.0007421850459650159,0.00041920208605006337,6.539417881867848e-06,0.0,21,5.0,0.0008743413491174579,0.00047696521505713463,9.145015610556584e-06,0.0,29,2.0
44,2200.0,0.0003445881884545088,0.00023537332890555263,9.03268391994061e-06,0.0,26,3.0,0.0002811300801113248,0.00026112596970051527,7.941327567095868e-06,0.0,27,4.0,0.0003174876037519425,0.00018782084225676954,7.985107913555112e-06,0.0,30,4.0,0.0006760306423529983,0.0004885572707280517,8.856167369231116e-06,0.0,25,4.0,0.0005775194731540978,0.0003290327440481633,7.892947905929759e-06,0.0,19,4.0,0.0005263792118057609,0.00028322264552116394,9.100765055336524e-06,0.0,27,3.0,0.0007277189870364964,0.0004129546578042209,6.588212727365317e-06,0.0,21,5.0,0.0008339768974110484,0.0004721502773463726,9.227919690601993e-06,0.0,29,2.0
45,2250.0,0.0003109368262812495,0.00023063061235006899,9.107091500482056e-06,0.0,26,3.0,0.00026016563060693443,0.0002570394135545939,8.031032848521136e-06,0.0,27,4.0,0.0002724833320826292,0.0001850351836765185,8.029242962948047e-06,0.0,30,4.0,0.0006440427387133241,0.0004816916480194777,8.965299457486253e-06,0.0,25,4.0,0.0005522608407773077,0.00032440299401059747,7.954006832733285e-06,0.0,19,4.0,0.0005120577407069504,0.00027748398133553565,9.198722182190977e-06,0.0,27,3.0,0.0006935031851753592,0.00040607538539916277,6.634274086536607e-06,0.0,21,5.0,0.0007961203227750957,0.00046650960575789213,9.307181244366802e-06,0.0,29,2.0
46,2300.0,0.0003053805266972631,0.00022700340196024626,9.1803176474059e-06,0.0,26,3.0,0.0002486931625753641,0.0002533723891247064,8.11997233540751e-06,0.0,27,4.0,0.00025734741939231753,0.0001809375244192779,8.070420335570816e-06,0.0,30,4.0,0.0006159358308650553,0.00047564320266246796,9.07388766790973e-06,0.0,25,4.0,0.0005202341126278043,0.0003197664045728743,8.015226740099024e-06,0.0,19,4.0,0.0004861260240431875,0.0002718479372560978,9.29443194763735e-06,0.0,27,3.0,0.0006743933772668242,0.00039984978502616286,6.679246325802524e-06,0.0,21,5.0,0.000755795743316412,0.00046044858754612505,9.386846613779198e-06,0.0,29,2.0
47,2350.0,0.0002820085210260004,0.00022283534053713083,9.252260497305542e-06,0.0,26,3.0,0.00024231200222857296,0.0002500082191545516,8.2083042798331e-06,0.0,27,4.0,0.00025060074403882027,0.00017719670722726732,8.108864676614758e-06,0.0,30,4.0,0.0005853648181073368,0.00047027342952787876,9.181075256492477e-06,0.0,25,4.0,0.0005013752379454672,0.00031542990473099053,8.075589903455693e-06,0.0,19,4.0,0.0004499265633057803,0.0002685260260477662,9.3895150712342e-06,0.0,27,3.0,0.0006423927843570709,0.0003928654477931559,6.722583748342004e-06,0.0,21,5.0,0.0007602154510095716,0.00045480349217541516,9.46374984778231e-06,0.0,29,2.0
48,2400.0,0.000274032965535298,0.00021858533727936447,9.323864105681423e-06,0.0,26,3.0,0.0002252547419629991,0.00024607114028185606,8.295241059386171e-06,0.0,27,4.0,0.00023417653574142605,0.00017422052042093128,8.143545528582763e-06,0.0,30,4.0,0.0005619233124889433,0.00046174039016477764,9.28542431211099e-06,0.0,25,4.0,0.00047201651614159346,0.00031173863681033254,8.135448297252879e-06,0.0,19,4.0,0.0004269322380423546,0.00026393256848677993,9.482680070505012e-06,0.0,27,3.0,0.0006227216799743474,0.0003852633817587048,6.763614237570437e-06,0.0,21,5.0,0.0006811187486164272,0.0004481244832277298,9.539146958559286e-06,0.0,29,2.0
49,2450.0,0.00025810961960814893,0.00021536996064241976,9.394959306519013e-06,0.0,26,3.0,0.00020921275427099317,0.0002417921496089548,8.381108273169957e-06,0.0,26,4.0,0.00022303227160591632,0.00017180692520923913,8.173068636097014e-06,0.0,30,4.0,0.0005262054037302732,0.00045490567572414875,9.38769881031476e-06,0.0,25,4.0,0.0004553899634629488,0.0003084820928052068,8.193899702746421e-06,0.0,19,4.0,0.0004269609344191849,0.00025962103973142803,9.573142961016856e-06,0.0,27,3.0,0.0005894372588954866,0.0003764483262784779,6.801761173846899e-06,0.0,21,5.0,0.0006469968357123435,0.00043988163815811276,9.61318892223062e-06,0.0,29,2.0
50,2500.0,0.0002494118525646627,0.0002114400122081861,9.466085430176463e-06,0.0,26,3.0,0.00022435402206610888,0.0002385517582297325,8.459897799184546e-06,0.0,26,4.0,0.00021395637304522097,0.00016828876687213778,8.197463102987967e-06,0.0,30,4.0,0.0005001462996006012,0.0004477416514419019,9.489194781053811e-06,0.0,25,4.0,0.00046335914521478117,0.00030551216332241893,8.252350198745262e-06,0.0,19,4.0,0.00041772527038119733,0.0002574442478362471,9.66295920079574e-06,0.0,27,3.0,0.0005635171546600759,0.0003676566993817687,6.836822649347596e-06,0.0,21,5.0,0.0005984048475511372,0.00043295667273923755,9.685519216873217e-06,0.0,29,2.0
51,2550.0,0.00023226322082336992,0.00020761266932822764,9.534111086395569e-06,0.0,26,3.0,0.0001873812871053815,0.0002352099836571142,8.551895007258281e-06,0.0,26,4.0,0.00020389472774695605,0.00016574836627114564,8.222003089031205e-06,0.0,29,4.0,0.00047461403300985694,0.00044021342182531953,9.58789314609021e-06,0.0,25,4.0,0.00041715538827702403,0.0003013499081134796,8.309328222821932e-06,0.0,19,4.0,0.0003712987818289548,0.0002531089121475816,9.749292985361535e-06,0.0,27,3.0,0.0005435031489469111,0.0003583849174901843,6.869013759569498e-06,0.0,21,5.0,0.0005907779559493065,0.0004240244161337614,9.754787242854945e-06,0.0,29,2.0
52,2600.0,0.0002296366437803954,0.00020463773398660123,9.602541467756964e-06,0.0,26,3.0,0.0001842992496676743,0.00023218788555823267,8.644497938803397e-06,0.0,26,4.0,0.0001920337090268731,0.00016243824211414903,8.243102456617635e-06,0.0,28,4.0,0.000487911602249369,0.00043201472726650536,9.684868018666748e-06,0.0,25,4.0,0.00039683104841969907,0.0002977238909807056,8.365123903786298e-06,0.0,19,4.0,0.000352250412106514,0.0002492942148819566,9.835538548941258e-06,0.0,27,3.0,0.0005121881258673966,0.00034881397732533514,6.899088020873023e-06,0.0,21,5.0,0.0005928882746957242,0.0004182032134849578,9.825714187172707e-06,0.0,28,2.0
53,2650.0,0.0002159267314709723,0.0002011704636970535,9.66956667980412e-06,0.0,26,3.0,0.00017914756608661264,0.00022865631035529077,8.73695080372272e-06,0.0,26,4.0,0.00017951616609934717,0.0001604898425284773,8.268538294942118e-06,0.0,28,4.0,0.00042606305214576423,0.0004253526567481458,9.78042407950852e-06,0.0,25,4.0,0.0003751891490537673,0.0002947855682577938,8.4189887274988e-06,0.0,19,4.0,0.00034134119050577283,0.00024636226589791477,9.916701856127474e-06,0.0,27,3.0,0.00048622660688124597,0.0003397942055016756,6.9279408307920676e-06,0.0,21,5.0,0.0005054161883890629,0.00040789827471598983,9.90528587863082e-06,0.0,28,2.0
54,2700.0,0.00021137334988452494,0.00019801857706625015,9.73444457486039e-06,0.0,26,3.0,0.00016120093641802669,0.00022607897699344903,8.828793397697154e-06,0.0,26,4.0,0.00017016736092045903,0.00015777484804857522,8.291242920677178e-06,0.0,28,4.0,0.000475855718832463,0.0004156921640969813,9.874547686195001e-06,0.0,25,4.0,0.00035662311711348593,0.0002914474462158978,8.472527952108067e-06,0.0,19,4.0,0.00032843841472640634,0.00024313836183864623,9.997905181080569e-06,0.0,27,3.0,0.00046219880459830165,0.00033058025292120874,6.954871423658915e-06,0.0,21,5.0,0.0004646006564144045,0.00039936142275109887,9.974671229429077e-06,0.0,28,2.0
55,2750.0,0.00020490276801865548,0.00019479432376101613,9.799523468245752e-06,0.0,26,3.0,0.00015517017163801938,0.00022284217993728817,8.917421837395523e-06,0.0,26,4.0,0.0001684242015471682,0.00015571191033814102,8.30630051495973e-06,0.0,28,4.0,0.00038663882878609,0.0004089383874088526,9.96454127744073e-06,0.0,25,4.0,0.00037762659485451877,0.0002888197486754507,8.524169061274733e-06,0.0,19,4.0,0.00038245186442509294,0.00023962622799444944,1.0077282240672503e-05,0.0,27,3.0,0.0004495400353334844,0.0003224564716219902,6.979296813369729e-06,0.0,21,5.0,0.00046010396908968687,0.0003917151771020144,1.0047026989923324e-05,0.0,27,2.0
56,2800.0,0.00022087854449637234,0.0001913440355565399,9.860385034698993e-06,0.0,25,3.0,0.00014852391905151308,0.00022024037025403231,9.005384526972193e-06,0.0,26,4.0,0.00015938933938741684,0.0001522518286947161,8.315615559695289e-06,0.0,28,4.0,0.00036311501753516495,0.00040013593388721347,1.0057261533802375e-05,0.0,25,4.0,0.0003297024522908032,0.0002848051080945879,8.573876584705431e-06,0.0,19,4.0,0.000297403457807377,0.0002372833259869367,1.0153944458579645e-05,0.0,27,3.0,0.00040905989590100944,0.0003139495092909783,7.001397989370162e-06,0.0,21,5.0,0.00041738947038538754,0.0003819162957370281,1.0125269909622148e-05,0.0,27,2.0
57,2850.0,0.00020843453239649534,0.00018812283815350384,9.931453860190231e-06,0.0,25,3.0,0.00014540352276526392,0.00021695590112358332,9.090354069485329e-06,0.0,26,4.0,0.00014792596630286425,0.00015081097080837935,8.320384040416684e-06,0.0,27,4.0,0.0003760814724955708,0.00039054398075677454,1.0148953151656315e-05,0.0,25,4.0,0.00031192871392704546,0.0002819466171786189,8.622951099823695e-06,0.0,19,4.0,0.00028752884827554226,0.0002342683292226866,1.0228471182927024e-05,0.0,27,3.0,0.00038964327541179955,0.0003060175513383001,7.0246696850517765e-06,0.0,20,5.0,0.00040126798558048904,0.00037395599065348506,1.0205416401731782e-05,0.0,27,2.0
58,2900.0,0.00018802763952407986,0.00018585358338896185,1.0002496310335118e-05,0.0,24,3.0,0.00015342306869570166,0.00021419483528006822,9.17320267035393e-06,0.0,26,4.0,0.0001427243259968236,0.00014677521539852023,8.323399924847763e-06,0.0,27,4.0,0.00046191748697310686,0.0003802914870902896,1.0239486073260196e-05,0.0,25,4.0,0.00031091287382878363,0.0002792667073663324,8.669083399581723e-06,0.0,19,4.0,0.0002744714147411287,0.00023112029884941876,1.0299308996764012e-05,0.0,27,3.0,0.00036038554389961064,0.000299241510219872,7.062994882289786e-06,0.0,20,5.0,0.0003807269677054137,0.00036383996484801173,1.0283632036589552e-05,0.0,27,2.0
59,2950.0,0.00022185152920428663,0.0001832976413425058,1.0081083928525914e-05,0.0,24,3.0,0.00013248855248093605,0.00021131457469891757,9.254269571101759e-06,0.0,26,4.0,0.0001554862392367795,0.00014387477131094784,8.330327545991167e-06,0.0,27,4.0,0.000313048338284716,0.00037224552943371236,1.0327582458558027e-05,0.0,25,4.0,0.0002887627051677555,0.0002762509393505752,8.713348506717011e-06,0.0,19,4.0,0.0002706649829633534,0.0002285722439410165,1.0369504707341548e-05,0.0,27,3.0,0.000345988548360765,0.00029327967786230147,7.099640697560972e-06,0.0,20,5.0,0.00038424308877438307,0.00035447755362838507,1.036343201121781e-05,0.0,27,2.0
60,3000.0,0.000177578825969249,0.00018034348613582551,1.01517671282636e-05,0.0,24,3.0,0.00014219795411918312,0.00020943205163348466,9.333550224255305e-06,0.0,26,4.0,0.00014192741946317255,0.00014215412375051528,8.336537575814873e-06,0.0,27,4.0,0.00031073697027750313,0.00036185813951306045,1.041743962559849e-05,0.0,25,4.0,0.0002792279119603336,0.0002739648916758597,8.752716894377954e-06,0.0,18,4.0,0.0002584204194135964,0.00022572538000531495,1.0436863703944255e-05,0.0,27,3.0,0.0003246931592002511,0.000287185626802966,7.135976375138853e-06,0.0,19,5.0,0.0004182529228273779,0.0003479856241028756,1.0448380635352805e-05,0.0,26,2.0
61,3050.0,0.00017552236386109143,0.0001770573144312948,1.0217523595201783e-05,0.0,24,3.0,0.00012814789079129696,0.00020623390446417034,9.411398423253559e-06,0.0,26,4.0,0.00013081141514703631,0.0001397400046698749,8.343479748873506e-06,0.0,27,4.0,0.00028562574880197644,0.0003517023869790137,1.050739228958264e-05,0.0,25,4.0,0.00026608319603838027,0.0002707808744162321,8.798061571724247e-06,0.0,18,4.0,0.0002544918388593942,0.0002229207893833518,1.0501355973246973e-05,0.0,27,3.0,0.00029699152219109237,0.00028113179723732173,7.173952781158732e-06,0.0,19,5.0,0.00031496930751018226,0.0003410790814086795,1.0552059393376112e-05,0.0,26,2.0
62,3100.0,0.00017764349468052387,0.00017458015645388514,1.0283746632921975e-05,0.0,24,3.0,0.00011678888404276222,0.00020362572104204446,9.48829165281495e-06,0.0,26,4.0,0.00012278712529223412,0.00013692052743863314,8.351078577106819e-06,0.0,27,4.0,0.00027119656442664564,0.0003407264011912048,1.0581790775177069e-05,0.0,24,4.0,0.0002552355290390551,0.00026858170167542994,8.84719247551402e-06,0.0,18,4.0,0.00024267961271107197,0.00022010768589098006,1.0564971489657182e-05,0.0,27,3.0,0.0002923500433098525,0.0002767705009318888,7.211506272142287e-06,0.0,18,5.0,0.0003020905423909426,0.0003340916591696441,1.0643691894074436e-05,0.0,26,2.0
63,3150.0,0.000168490078067407,0.00017201187438331544,1.0350196134822909e-05,0.0,24,3.0,0.00011785254173446447,0.00020122883142903447,9.563725143379997e-06,0.0,26,4.0,0.00012562623305711895,0.0001353679981548339,8.360335414181463e-06,0.0,27,4.0,0.00025962849031202495,0.00033043601433746517,1.0683215805329382e-05,0.0,24,4.0,0.0002690973924472928,0.0002664257772266865,8.900059583538678e-06,0.0,18,4.0,0.00023425256949849427,0.00021741223463322967,1.062551837094361e-05,0.0,27,3.0,0.0002614941040519625,0.0002712359419092536,7.2465759330953006e-06,0.0,18,5.0,0.0003019312862306833,0.0003287329454906285,1.0741896403487772e-05,0.0,26,2.0
64,3200.0,0.00016383067122660577,0.0001698606210993603,1.0413265044917352e-05,0.0,24,3.0,0.00010960243525914848,0.00019885752408299595,9.636804861656856e-06,0.0,26,4.0,0.00018384100985713303,0.0001321251766057685,8.371172043553088e-06,0.0,27,4.0,0.00028622656827792525,0.0003190506249666214,1.078842342394637e-05,0.0,24,4.0,0.00023632786178495735,0.00026395468739792705,8.957140380516648e-06,0.0,17,4.0,0.00023221086303237826,0.00021486601326614618,1.0684514563763514e-05,0.0,27,3.0,0.0002451632753945887,0.00026679408620111644,7.278636530827498e-06,0.0,18,5.0,0.0003119355533272028,0.0003226549888495356,1.0843121344805695e-05,0.0,26,2.0
65,3250.0,0.00016805861378088593,0.0001675854146014899,1.0477216164872516e-05,0.0,24,3.0,0.00011025029380107298,0.00019626657012850046,9.708468496683054e-06,0.0,26,4.0,0.00011602565791690722,0.00013032271817792207,8.38188952911878e-06,0.0,27,4.0,0.0002609220100566745,0.00031111837597563863,1.0893270882661454e-05,0.0,24,4.0,0.0002285982045577839,0.00026188953779637814,9.008390406961553e-06,0.0,17,4.0,0.00022191586322151124,0.0002122149453498423,1.0741524420154747e-05,0.0,27,3.0,0.00023070804309099913,0.00026246311608701944,7.309821739909239e-06,0.0,18,5.0,0.00027439830591902137,0.0003170232812408358,1.0941078471660148e-05,0.0,26,2.0
66,3300.0,0.0001962898240890354,0.00016493440489284694,1.0539650247665122e-05,0.0,24,3.0,0.00010247086902381852,0.00019422730838414282,9.777540071809199e-06,0.0,26,4.0,0.00011519226973177865,0.00012920857989229262,8.394489668717142e-06,0.0,27,4.0,0.00026664839242585003,0.00029720747261308134,1.0994695003319066e-05,0.0,24,4.0,0.0002303363726241514,0.0002595892583485693,9.064968253369443e-06,0.0,17,4.0,0.0002606353082228452,0.00020945219148416072,1.0800203199323732e-05,0.0,26,3.0,0.00021826601005159318,0.0002583417226560414,7.339138392126188e-06,0.0,18,5.0,0.0002680865000002086,0.0003110344987362623,1.1039396667911205e-05,0.0,26,2.0
67,3350.0,0.0001605996221769601,0.00016281941498164088,1.0600059795251582e-05,0.0,24,3.0,9.925539052346721e-05,0.00019193698244635016,9.842606232268736e-06,0.0,26,4.0,0.0001119435764849186,0.0001271639484912157,8.40755456010811e-06,0.0,27,4.0,0.00022511277347803116,0.000287468486931175,1.1097467904619407e-05,0.0,24,4.0,0.00021506192570086569,0.00025817585992626846,9.117387890000828e-06,0.0,17,4.0,0.00021924912289250642,0.0002071475173579529,1.0853098501684144e-05,0.0,26,3.0,0.0002097805408993736,0.0002546659379731864,7.367570105998311e-06,0.0,18,5.0,0.0002484296855982393,0.00030589711968787014,1.1138941772514954e-05,0.0,25,2.0
68,3400.0,0.00021336230565793812,0.00016034247528295964,1.0659615327313077e-05,0.0,24,3.0,9.618791227694601e-05,0.00019003792840521783,9.90848184301285e-06,0.0,26,4.0,0.00010487135295988992,0.0001250306231668219,8.422234714089427e-06,0.0,27,4.0,0.0002643743937369436,0.0002736762398853898,1.1199371328984853e-05,0.0,24,4.0,0.00021169592218939215,0.00025647872826084495,9.17683973966632e-06,0.0,17,4.0,0.0002102186845149845,0.0002046971785603091,1.0905246199399699e-05,0.0,26,3.0,0.0001955472253030166,0.0002507746103219688,7.393298346869415e-06,0.0,18,5.0,0.0002382174861850217,0.0003016262489836663,1.1243213521083817e-05,0.0,25,2.0
69,3450.0,0.00016626145225018263,0.0001582088734721765,1.0716614269767888e-05,0.0,24,3.0,9.48044253163971e-05,0.00018764716514851898,9.969599886971992e-06,0.0,26,4.0,0.00012899514695163816,0.00012337004591245204,8.437988981313538e-06,0.0,27,4.0,0.00020247235079295933,0.00026293532573617995,1.1302723578410223e-05,0.0,24,4.0,0.00020153794321231544,0.0002541870635468513,9.230940122506581e-06,0.0,17,4.0,0.00021541837486438453,0.00020238757133483887,1.0956341611745302e-05,0.0,26,3.0,0.0001859502081060782,0.00024699902860447764,7.4193053478666116e-06,0.0,18,5.0,0.00023292980040423572,0.00029687568894587457,1.1345027814968489e-05,0.0,25,2.0
70,3500.0,0.00014912406913936138,0.0001564116682857275,1.077260822057724e-05,0.0,24,3.0,0.0001263372687390074,0.00018513119721319526,1.0030217708845157e-05,0.0,26,4.0,0.0001018253096845001,0.00012157380115240812,8.456781870336272e-06,0.0,27,4.0,0.00024408107856288552,0.0002501663693692535,1.140616132033756e-05,0.0,24,4.0,0.00019908433023374528,0.00025262191775254905,9.288939509133343e-06,0.0,17,4.0,0.000199647038243711,0.00020041204697918147,1.1008510227838997e-05,0.0,26,3.0,0.00017720014147926122,0.00024355923233088106,7.4454724199313205e-06,0.0,18,5.0,0.00034138481714762747,0.000292060460196808,1.144249654316809e-05,0.0,25,2.0
71,3550.0,0.0001508261339040473,0.00015468691708520055,1.0837066838575993e-05,0.0,23,3.0,0.0001368273515254259,0.00018467279733158648,1.0088232556881849e-05,0.0,26,4.0,0.00013326657062862068,0.00012004060408798978,8.476534276269376e-06,0.0,27,4.0,0.0001945115946000442,0.00023908748698886484,1.1514769539644476e-05,0.0,23,4.0,0.0001918091147672385,0.0002507261233404279,9.345533726445865e-06,0.0,17,4.0,0.00020828361448366195,0.00019762400188483298,1.105928276956547e-05,0.0,26,3.0,0.00017402457888238132,0.00024011354253161699,7.470471700798953e-06,0.0,18,5.0,0.00023601875000167638,0.0002869892632588744,1.1542838365130592e-05,0.0,25,2.0
72,3600.0,0.00014281074982136488,0.0001525846018921584,1.0895319064729847e-05,0.0,23,3.0,9.207058610627428e-05,0.0001813971030060202,1.0144593034056015e-05,0.0,26,4.0,0.00010092734737554565,0.00011802656081272289,8.496807822666597e-06,0.0,27,4.0,0.00018285372061654925,0.00022852947586216033,1.1626962987065781e-05,0.0,23,4.0,0.00018719720537774265,0.00024936467525549233,9.402245268574916e-06,0.0,17,4.0,0.00024305676924996078,0.00019557253108359873,1.110898574552266e-05,0.0,26,3.0,0.000186504126759246,0.00023733472335152328,7.494564670196269e-06,0.0,18,5.0,0.0002258748427266255,0.0002827596908900887,1.1633809663180728e-05,0.0,25,2.0
73,3650.0,0.0001825661165639758,0.0001512342132627964,1.0946683687507175e-05,0.0,23,3.0,9.790538751985878e-05,0.000179243681486696,1.0197671144851483e-05,0.0,26,4.0,9.926999337039888e-05,0.00011734310101019219,8.51920685818186e-06,0.0,27,4.0,0.0001774371776264161,0.00021735570044256747,1.1735606676666066e-05,0.0,23,4.0,0.00019737952970899642,0.0002474253997206688,9.460865840082988e-06,0.0,17,4.0,0.0001855131413321942,0.0001937195920618251,1.1158464985783212e-05,0.0,26,3.0,0.00016202035476453602,0.00023379184131044894,7.5172879405727144e-06,0.0,18,5.0,0.00021504882897716016,0.0002792781451717019,1.172457905340707e-05,0.0,25,2.0
74,3700.0,0.00014570093480870128,0.0001486627443227917,1.0996443052135874e-05,0.0,23,3.0,8.302085916511714e-05,0.00017721831682138145,1.024816265271511e-05,0.0,26,4.0,0.00010117499914485961,0.00011574931704672053,8.54318932397291e-06,0.0,27,4.0,0.00017338352336082608,0.0002067311288556084,1.184199754789006e-05,0.0,23,4.0,0.0001864088117145002,0.0002456178772263229,9.516455065750051e-06,0.0,17,4.0,0.00018516612180974334,0.00019143146346323192,1.1210657248739153e-05,0.0,26,3.0,0.0001515836629550904,0.00023037788923829794,7.54037000660901e-06,0.0,18,5.0,0.00020088285964448005,0.00027564383344724774,1.1812760931206867e-05,0.0,24,2.0
75,3750.0,0.00013858420425094664,0.0001468278787797317,1.1042007827199996e-05,0.0,23,3.0,8.652032556710765e-05,0.000175902881892398,1.0297677363269031e-05,0.0,26,4.0,9.641877113608643e-05,0.00011461861140560359,8.566120413888711e-06,0.0,27,4.0,0.00019195949425920844,0.00019677114323712885,1.1946841368626337e-05,0.0,23,4.0,0.00017654855037108064,0.0002442069526296109,9.574005161994137e-06,0.0,17,4.0,0.00022839033044874668,0.00019006167713087052,1.1263787200732622e-05,0.0,26,3.0,0.00015493536193389446,0.0002269293909193948,7.562594419141533e-06,0.0,18,5.0,0.00019655727373901755,0.0002719883050303906,1.190276634588372e-05,0.0,24,2.0
76,3800.0,0.00014399767678696662,0.00014488448505289853,1.1085176993219648e-05,0.0,23,3.0,8.01839487394318e-05,0.0001733968674670905,1.0344745533075184e-05,0.0,26,4.0,9.546884393785149e-05,0.00011298245954094455,8.590287507104222e-06,0.0,27,4.0,0.00019714704831130803,0.00018936280685011297,1.2047264135617297e-05,0.0,23,4.0,0.00016910058911889791,0.00024275154282804579,9.628261068428401e-06,0.0,17,4.0,0.00020193270756863058,0.00018775576609186828,1.131419230659958e-05,0.0,26,3.0,0.0001411343546351418,0.00022420089226216078,7.584498234791681e-06,0.0,18,5.0,0.00018919669673778117,0.00026790681295096874,1.1995854947599582e-05,0.0,24,2.0
77,3850.0,0.0001359539310215041,0.00014339303015731275,1.112958761950722e-05,0.0,23,3.0,8.19829001557082e-05,0.00017182185547426343,1.0389167982793879e-05,0.0,26,4.0,9.017856791615486e-05,0.00011160542635479942,8.614915714133531e-06,0.0,27,4.0,0.0001640702976146713,0.00017893417680170387,1.2146017070335802e-05,0.0,23,4.0,0.0001846544473664835,0.00024145969655364752,9.68449967331253e-06,0.0,17,4.0,0.0001751936797518283,0.0001851551787694916,1.1366201761120465e-05,0.0,26,3.0,0.00013692841457668692,0.00022105452080722898,7.6046799222240224e-06,0.0,18,5.0,0.00018210403504781425,0.0002644966298248619,1.2081803106411826e-05,0.0,24,2.0
78,3900.0,0.0001332895044470206,0.0001417441526427865,1.1169764547958039e-05,0.0,23,3.0,7.486801041522995e-05,0.0001696268009254709,1.0431553164380603e-05,0.0,26,4.0,8.88137292349711e-05,0.00011077985254814848,8.639717634650879e-06,0.0,26,4.0,0.00015066076593939215,0.00017173404921777546,1.2241364856890868e-05,0.0,23,4.0,0.00016027070523705333,0.00023999508994165808,9.738877452036832e-06,0.0,17,4.0,0.0001711448421701789,0.00018325155542697757,1.1413721949793398e-05,0.0,26,3.0,0.000129896798171103,0.00021822830603923649,7.6240412454353645e-06,0.0,18,5.0,0.00019189564045518637,0.0002606988127809018,1.2172085007478017e-05,0.0,23,2.0
79,3950.0,0.00013161380775272846,0.00014000986993778497,1.1210375305381604e-05,0.0,23,3.0,7.69817124819383e-05,0.00016780818987172097,1.0472487701917998e-05,0.0,26,4.0,9.05418346519582e-05,0.0001093799655791372,8.67554535943782e-06,0.0,26,4.0,0.00015200141933746636,0.0001647078461246565,1.233440161740873e-05,0.0,23,4.0,0.00021515767730306834,0.00023843385861255229,9.792978744371794e-06,0.0,17,4.0,0.00016797418356873095,0.00018120378081221133,1.145969144999981e-05,0.0,26,3.0,0.00013976971968077123,0.00021618179744109511,7.641620868525933e-06,0.0,18,5.0,0.00017709402891341597,0.00025680585531517863,1.2258102287887596e-05,0.0,23,2.0
80,4000.0,0.00013006014341954142,0.0001385014329571277,1.1251898285991047e-05,0.0,23,3.0,8.430368325207382e-05,0.00016600624076090753,1.0510563697607722e-05,0.0,26,4.0,8.786388934822753e-05,0.00010814161942107603,8.707100278115831e-06,0.0,26,4.0,0.00014476969954557717,0.00015703571261838078,1.2439350030035712e-05,0.0,22,4.0,0.00015561611508019269,0.00023726921062916517,9.84461894404376e-06,0.0,17,4.0,0.00019094545859843493,0.00017978022515308112,1.1512543096614536e-05,0.0,26,3.0,0.00013860335457138717,0.00021339039085432887,7.658155482204165e-06,0.0,18,5.0,0.00017614828539080918,0.0002544149465393275,1.2345079994702246e-05,0.0,23,2.0
81,4050.0,0.00015025143511593342,0.00013737638073507696,1.1290484508208465e-05,0.0,23,3.0,7.51810657675378e-05,0.00016366681666113436,1.0546233170316555e-05,0.0,26,4.0,8.326397801283747e-05,0.00010699401900637895,8.728227840038016e-06,0.0,25,4.0,0.0001393322745570913,0.00015050065121613443,1.2520846212282777e-05,0.0,22,4.0,0.00015115989663172513,0.00023560054250992835,9.895073162624612e-06,0.0,17,4.0,0.00016231308109126985,0.00017758426838554442,1.1561675819393713e-05,0.0,26,3.0,0.00012415916717145592,0.0002106662286678329,7.673662366869394e-06,0.0,18,5.0,0.0001712648809188977,0.00025108447880484164,1.2428718036971986e-05,0.0,23,2.0
82,4100.0,0.00013445796503219754,0.0001354593550786376,1.1327047104714438e-05,0.0,23,3.0,0.00011177940177731216,0.0001612623455002904,1.0580083653621841e-05,0.0,26,4.0,0.0001360184687655419,0.00010636638035066426,8.758612239034846e-06,0.0,25,4.0,0.00013920938363298774,0.00014593169908039272,1.260147928405786e-05,0.0,22,4.0,0.0001685581519268453,0.00023413411690853536,9.949565537681337e-06,0.0,17,4.0,0.0001608127058716491,0.00017567124450579286,1.1606436601141468e-05,0.0,26,3.0,0.00011815335165010765,0.00020782279898412526,7.687760444241576e-06,0.0,18,5.0,0.00017095381917897612,0.0002477177476976067,1.251344565389445e-05,0.0,23,2.0
83,4150.0,0.0001285374310100451,0.00013356420095078647,1.1361255019437522e-05,0.0,23,3.0,7.220535189844668e-05,0.00015944729966577142,1.0611243851599284e-05,0.0,26,4.0,8.651774987811223e-05,0.0001046448087436147,8.787415936239995e-06,0.0,25,4.0,0.00013608841982204467,0.00013975358160678297,1.2675168363784906e-05,0.0,22,4.0,0.00014630166697315872,0.00023293416597880423,1.000111751636723e-05,0.0,17,4.0,0.00017031292372848839,0.00017376687901560217,1.1655065463855863e-05,0.0,26,3.0,0.00011573643132578582,0.00020473393669817597,7.700676178501453e-06,0.0,18,5.0,0.00016636138025205582,0.00024524942273274064,1.2596415217558388e-05,0.0,23,2.0
84,4200.0,0.00012978499580640346,0.00013224966824054718,1.139538835559506e-05,0.0,23,3.0,6.739912350894883e-05,0.00015779231034684926,1.0637925697665196e-05,0.0,24,4.0,8.053702185861766e-05,0.00010403682972537354,8.81290907273069e-06,0.0,25,4.0,0.00012700333900284022,0.0001349273370578885,1.2747449545713607e-05,0.0,22,4.0,0.00014315731823444366,0.00023157140822149813,1.0050139280792791e-05,0.0,17,4.0,0.0001655312953516841,0.0001716474798740819,1.170273117168108e-05,0.0,26,3.0,0.00012557985610328615,0.00020249965018592775,7.711157195444684e-06,0.0,18,5.0,0.00016788004722911865,0.00024265683896373957,1.2676038750214502e-05,0.0,23,2.0
85,4250.0,0.00012467516353353858,0.00013096671318635345,1.1427317986090202e-05,0.0,22,4.0,6.703662074869499e-05,0.00015586121298838407,1.0671043128240854e-05,0.0,24,4.0,0.00013685521844308823,0.00010410300455987453,8.835587323119398e-06,0.0,25,4.0,0.0001570428576087579,0.00013010745169594884,1.2816715752705932e-05,0.0,22,4.0,0.0001643946161493659,0.00023082896950654685,1.010060623229947e-05,0.0,17,4.0,0.00015469886420760304,0.0001701735454844311,1.1746364179998636e-05,0.0,26,3.0,0.00010885793744819239,0.0002001956891035661,7.722331247350667e-06,0.0,18,5.0,0.0001792194088920951,0.0002383179817115888,1.2754626368405297e-05,0.0,23,2.0
86,4300.0,0.00012748157314490527,0.00012938864529132843,1.1462147995189298e-05,0.0,22,4.0,7.19692834536545e-05,0.00015353583148680627,1.069707013812149e-05,0.0,24,4.0,8.357613114640117e-05,0.00010187389852944762,8.856908607413061e-06,0.0,25,4.0,0.00012247245467733592,0.00012637827603612095,1.2883939234598074e-05,0.0,22,4.0,0.00014339963672682643,0.00022925455414224416,1.0149407899007201e-05,0.0,17,4.0,0.00015472185623366386,0.00016839976888149977,1.1792157238232903e-05,0.0,26,3.0,0.00012023133604088798,0.00019831549434456974,7.731844561931212e-06,0.0,18,5.0,0.00014880632807035,0.00023671716917306185,1.2832375432481058e-05,0.0,23,2.0
87,4350.0,0.00012459346908144653,0.00012823156430386007,1.1498701496748254e-05,0.0,22,4.0,6.281329842749983e-05,0.0001513960160082206,1.0721556463977322e-05,0.0,23,4.0,7.918101618997753e-05,0.00010115465556737036,8.876322681317106e-06,0.0,25,4.0,0.00011588270717766136,0.00012314561172388494,1.2951474673172925e-05,0.0,22,4.0,0.0001386364601785317,0.00022759940475225449,1.019645333144581e-05,0.0,17,4.0,0.00016113813035190105,0.00016659291577525437,1.1838472346425988e-05,0.0,26,3.0,0.00012742987019009888,0.00019576685735955834,7.740157343505416e-06,0.0,18,5.0,0.00014395614562090486,0.0002341645013075322,1.290281034016516e-05,0.0,23,2.0
88,4400.0,0.00012325037096161395,0.00012690068979281932,1.1531446943990886e-05,0.0,22,4.0,0.00015620343037880957,0.00014937188825570047,1.0748235581559129e-05,0.0,22,4.0,7.99425906734541e-05,0.00010045399540103972,8.895037353795487e-06,0.0,25,4.0,0.0001311771193286404,0.00011873185576405376,1.3016310731472913e-05,0.0,22,4.0,0.00016217789379879832,0.00022690869809594005,1.024452103592921e-05,0.0,17,4.0,0.00014796550385653973,0.00016487235552631319,1.1881596947205253e-05,0.0,26,3.0,0.00031472384580411017,0.00019357269047759473,7.744953109067865e-06,0.0,18,5.0,0.00019699925906024873,0.00023179015261121094,1.2981640793441329e-05,0.0,23,2.0
89,4450.0,0.0001591624750290066,0.00012635276652872562,1.1566992725420278e-05,0.0,22,4.0,6.264069816097617e-05,0.0001476565230404958,1.0767451385618187e-05,0.0,22,4.0,8.098979014903307e-05,9.95629743556492e-05,8.91370109457057e-06,0.0,25,4.0,0.00015727939899079502,0.00011548211477929726,1.3078113624942489e-05,0.0,22,4.0,0.00013789001968689263,0.00022508045367430896,1.0290807040291838e-05,0.0,17,4.0,0.0001500615617260337,0.0001632185885682702,1.192796480609104e-05,0.0,26,3.0,9.679236973170191e-05,0.00019099815108347684,7.74753061705269e-06,0.0,18,5.0,0.00015320457168854773,0.00022931621060706675,1.3049726476310752e-05,0.0,23,2.0
90,4500.0,0.0001241877762367949,0.00012457743287086487,1.1599848221521825e-05,0.0,22,4.0,6.129673420218751e-05,0.0001453777658753097,1.0788943654915784e-05,0.0,22,4.0,7.530302536906675e-05,9.842005238169804e-05,8.932424861995969e-06,0.0,25,4.0,0.00010907385149039328,0.00011324102524667978,1.3138187568983994e-05,0.0,22,4.0,0.0001544210099382326,0.00022383377654477954,1.0336113518860657e-05,0.0,17,4.0,0.00014845859550405294,0.00016184296691790223,1.1970123523497023e-05,0.0,26,3.0,9.424110612599179e-05,0.00018900379654951394,7.753690624667797e-06,0.0,18,5.0,0.00013924649101682007,0.00022650642495136708,1.3126929843565449e-05,0.0,23,2.0
91,4550.0,0.0001203767751576379,0.00012386383605189621,1.1618917596933898e-05,0.0,22,4.0,5.9243033319944516e-05,0.00014478401863016188,1.0764673788798973e-05,0.0,22,4.0,7.32972621335648e-05,9.886579937301576e-05,8.935565347201191e-06,0.0,25,4.0,0.0001072069862857461,0.00011285308573860675,1.3171587852411903e-05,0.0,22,4.0,0.00012933617108501494,0.00022395295673049986,1.034597971738549e-05,0.0,17,4.0,0.0001481554500060156,0.00016034551663324237,1.1977221220149659e-05,0.0,26,3.0,9.549862443236634e-05,0.00018808708409778774,7.750866643618792e-06,0.0,18,5.0,0.0001374222047161311,0.00022316546528600156,1.3176609172660392e-05,0.0,23,2.0
92,4600.0,0.00011941148841287941,0.0001234520459547639,1.1636158887995407e-05,0.0,22,4.0,5.8320682001067325e-05,0.00014420454681385309,1.0782530807773583e-05,0.0,22,4.0,7.245299639180303e-05,9.851178037934005e-05,8.940182851802092e-06,0.0,25,4.0,0.0001057834379025735,0.00011048957821913064,1.3209785720391665e-05,0.0,22,4.0,0.00012730465095955878,0.00022405800700653344,1.036501180351479e-05,0.0,17,4.0,0.0001448093680664897,0.00016010261606425047,1.197946403408423e-05,0.0,26,3.0,9.389621118316427e-05,0.00018733038450591266,7.745631592115387e-06,0.0,18,5.0,0.0001346794597338885,0.00022246384469326586,1.3237040548119694e-05,0.0,23,2.0
93,4650.0,0.00011896793876076117,0.0001229738409165293,1.1654465197352692e-05,0.0,22,4.0,5.7853281759889796e-05,0.00014335766900330782,1.0802647921082098e-05,0.0,22,4.0,7.188676681835204e-05,9.808973845792934e-05,8.95111861609621e-06,0.0,25,4.0,0.00010445281077409163,0.00010876951273530722,1.3255656995170284e-05,0.0,22,4.0,0.00012579522444866598,0.0002237419248558581,1.0393235243100207e-05,0.0,17,4.0,0.00014290734543465078,0.00015940370212774724,1.2007812074443791e-05,0.0,26,3.0,9.25002241274342e-05,0.00018662828369997442,7.744189133518375e-06,0.0,18,5.0,0.00013270002091303468,0.00022113377053756267,1.3305829270393588e-05,0.0,23,2.0
94,4700.0,0.00011844369146274403,0.0001224758889293298,1.1677047041303013e-05,0.0,22,4.0,5.741116910940036e-05,0.0001423264911863953,1.082385551853804e-05,0.0,22,4.0,7.135649502743036e-05,9.76325900410302e-05,8.965770575741772e-06,0.0,25,4.0,0.00010308155469829217,0.00010703012958401814,1.3305852007761132e-05,0.0,22,4.0,0.00012444397725630552,0.00022318873379845172,1.0426915650896262e-05,0.0,17,4.0,0.00014130459749139845,0.0001585798163432628,1.2047915333823767e-05,0.0,26,3.0,9.113200940191746e-05,0.00018578862363938242,7.745386028545909e-06,0.0,18,5.0,0.00013069776468910277,0.0002195369015680626,1.3380265954765491e-05,0.0,23,2.0
95,4750.0,0.00011787135008489713,0.00012193404108984396,1.17036652227398e-05,0.0,22,4.0,5.6921413488453254e-05,0.00014115819067228585,1.084519135474693e-05,0.0,22,4.0,7.080778595991433e-05,9.71477638813667e-05,8.98266807780601e-06,0.0,25,4.0,0.00010162302351091057,0.00010524698154767975,1.3358299838728271e-05,0.0,22,4.0,0.00012310242163948715,0.00022249108587857336,1.0463103535585105e-05,0.0,17,4.0,0.00013980866060592234,0.00015766870637889951,1.2092566976207308e-05,0.0,26,3.0,8.975196396932006e-05,0.00018479875870980322,7.748263669782318e-06,0.0,18,5.0,0.00012863316806033254,0.0002177658025175333,1.3459015463013202e-05,0.0,23,2.0
96,4800.0,0.00011726762022590265,0.0001213309369632043,1.1733622159226798e-05,0.0,22,4.0,5.6371289247181267e-05,0.00013986520934849977,1.0866219781746622e-05,0.0,22,4.0,7.022111094556749e-05,9.663746459409595e-05,8.9997447503265e-06,0.0,25,4.0,0.00010005375952459872,0.00010345590999349952,1.3411161489784718e-05,0.0,22,4.0,0.00012177044845884666,0.00022168316354509443,1.0499559721210971e-05,0.0,17,4.0,0.000138332208734937,0.00015668368723709136,1.2139113096054643e-05,0.0,26,3.0,8.833542960928753e-05,0.00018367666052654386,7.75100397731876e-06,0.0,18,5.0,0.0001265268074348569,0.00021587347146123648,1.3540279724111315e-05,0.0,23,2.0
97,4850.0,0.00011664726480375975,0.00012065892951795831,1.1766895113396458e-05,0.0,22,4.0,5.576327384915203e-05,0.000138452960527502,1.0886889867833816e-05,0.0,22,4.0,6.959649181226268e-05,9.61023397394456e-05,9.01756084203953e-06,0.0,25,4.0,9.836436220211908e-05,0.00010167912842007354,1.3464551557262894e-05,0.0,22,4.0,0.00012032044469378889,0.00022079216432757676,1.0536852641962469e-05,0.0,17,4.0,0.0001368334487779066,0.0001556349452584982,1.2186882486275863e-05,0.0,26,3.0,8.687748049851507e-05,0.00018243577505927533,7.754864782327786e-06,0.0,18,5.0,0.00012439904094208032,0.00021388751338236034,1.362440798402531e-05,0.0,23,2.0
98,4900.0,0.00011804117821156979,0.00011982470459770411,1.1801628716057166e-05,0.0,22,4.0,5.5105916544562206e-05,0.000136925998958759,1.0906576790148392e-05,0.0,22,4.0,7.156118226703256e-05,9.556438453728333e-05,9.034703907673247e-06,0.0,25,4.0,9.65553117566742e-05,9.992552077164873e-05,1.3517164916265756e-05,0.0,22,4.0,0.00011875291966134682,0.00021982876933179796,1.0573597137408797e-05,0.0,17,4.0,0.00013541526277549565,0.00015453151718247682,1.2234967471158598e-05,0.0,26,3.0,8.538487600162625e-05,0.00018108109361492097,7.757656021567527e-06,0.0,18,5.0,0.0001224623847519979,0.00021175875735934824,1.3704953744309023e-05,0.0,23,2.0
99,4950.0,0.00011652045213850215,0.00011902127880603075,1.1837115380330943e-05,0.0,22,4.0,5.439845335786231e-05,0.00013530133583117276,1.0925390597549267e-05,0.0,22,4.0,6.83424441376701e-05,9.490852971794084e-05,9.0515059127938e-06,0.0,25,4.0,9.463280002819374e-05,9.819681145017967e-05,1.3569642760558054e-05,0.0,22,4.0,0.00011714958964148536,0.00021879741689190269,1.0610947356326506e-05,0.0,17,4.0,0.00013419179595075548,0.0001533752802060917,1.2283813703106716e-05,0.0,26,3.0,8.386861736653373e-05,0.00017961194680538028,7.761141205264721e-06,0.0,18,5.0,0.00012067591887898743,0.000209737554541789,1.3789095646643545e-05,0.0,23,2.0
