,epoch,total_0,decoder_0,sindy_x_0,reg_0,sindy_z_0,active_coeffs_0,coeff_0,total_1,decoder_1,sindy_x_1,reg_1,sindy_z_1,active_coeffs_1,coeff_1,total_2,decoder_2,sindy_x_2,reg_2,sindy_z_2,active_coeffs_2,coeff_2,total_3,decoder_3,sindy_x_3,reg_3,sindy_z_3,active_coeffs_3,coeff_3,total_4,decoder_4,sindy_x_4,reg_4,sindy_z_4,active_coeffs_4,coeff_4
0,0,0.0352990478277206,0.0342570282518863,0.0010420097969472,1.1725321158451152e-08,0.0,60,0.0,0.0374706760048866,0.0361208021640777,0.0013498575426638,1.4622629329608117e-08,0.0,60,0.0,0.0375616997480392,0.036027405411005,0.0015342769911512,1.7622660664073922e-08,0.0,60,0.0,0.0390356183052063,0.0375348851084709,0.0015007210895419,1.2840287944015928e-08,0.0,60,0.0,0.03891298547387123,0.03761393949389458,0.0012990322429686785,1.370412494594575e-08,0.0,60,0.0
1,50,0.0011702424380928,0.0005081633571535,0.0006619750638492,1.0401937089454805e-07,0.0,60,0.0,0.0010747477645054,0.0005858486401848,0.0004887855029664,1.1359665563759337e-07,0.0,60,0.0,0.0015507867792621,0.0007908975821919,0.0007597802905365,1.0886606105486862e-07,0.0,60,0.0,0.0018292277818545,0.0008089282782748,0.0010201880941167,1.114095340426502e-07,0.0,60,0.0,0.0015081451274454594,0.0006309992168098688,0.0008770279819145799,1.1797897769838528e-07,0.0,60,0.0
2,100,0.0008727746317163,0.0003248509310651,0.0005478039383888,1.1979800262906792e-07,0.0,60,0.0,0.0002534188970457,0.0001201275372295,0.0001331121020484,1.7924155315540704e-07,0.0,58,0.0,0.001183638582006,0.0005761321517638,0.0006073915283195,1.1488944551274473e-07,0.0,60,0.0,0.0014370051212608,0.0005947726313024,0.0008421076345257,1.2480002453685304e-07,0.0,60,0.0,0.0010618859669193625,0.00040380944847129285,0.0006579319015145302,1.4459889996487618e-07,0.0,60,0.0
3,150,0.0008104194421321,0.0003314852947369,0.0004788041405845,1.300523848613011e-07,0.0,60,0.0,0.0001111431774916,4.896361133432947e-05,6.195369496708736e-05,2.25877386128559e-07,0.0,57,0.0,0.0013157475041225,0.0007285058381967,0.0005871020839549,1.395519149127722e-07,0.0,59,0.0,0.0019665975123643,0.0011599709978327,0.0008064934518188,1.3309035296060756e-07,0.0,60,0.0,0.0010038032196462154,0.0004284090537112206,0.0005752289434894919,1.6513747880253504e-07,0.0,60,0.0
4,200,0.0007910403073765,0.0003494452394079,0.0004414501891005,1.4490154853774584e-07,0.0,60,0.0,6.57040363876149e-05,2.3688951841904785e-05,4.174489004071802e-05,2.7019419235330133e-07,0.0,54,0.0,0.0016623570118099,0.0009997737361118,0.0006624002126045,1.8299273563116008e-07,0.0,58,0.0,0.0036767190322279,0.0027761682868003,0.0009003939339891,1.5687675158915226e-07,0.0,60,0.0,0.0010414987336844206,0.0004838137829210609,0.0005574941751547158,1.908301783259958e-07,0.0,59,0.0
5,250,0.0007941120420582,0.0003761899424716,0.0004177576047368,1.6450806583634408e-07,0.0,60,0.0,4.473423177842051e-05,1.4207104868546594e-05,3.022587225132156e-05,3.0125241323730734e-07,0.0,51,0.0,0.0024567644577473,0.0015934025868773,0.0008631351520307,2.2682277744934254e-07,0.0,58,0.0,0.0060521000996232,0.0048885671421885,0.0011633440153673,1.8896622577813105e-07,0.0,59,0.0,0.0012413867516443133,0.0006378146354109049,0.0006033584359101951,2.1366638236486324e-07,0.0,59,0.0
6,300,0.0008853367180563,0.0004522815870586,0.0004328728537075,1.8222459630123922e-07,0.0,60,0.0,3.295794522273354e-05,9.742131624079777e-06,2.289424446644261e-05,3.2156978591046936e-07,0.0,51,0.0,0.003764797700569,0.0025913417339324,0.0011731962440535,2.594971135749802e-07,0.0,57,0.0,0.0090562691912055,0.0075020901858806,0.0015539593296125,2.197009365545455e-07,0.0,59,0.0,0.001550600049085915,0.0008856884087435901,0.0006646770634688437,2.3454109054910077e-07,0.0,58,0.0
7,350,0.0011247071670368,0.0006568211247213,0.00046768510947,2.009533943692077e-07,0.0,60,0.0,2.548376687627752e-05,7.161568646552041e-06,1.798806079023052e-05,3.341374963383714e-07,0.0,48,0.0,0.0048165437765419,0.003395123174414,0.0014211382949724,2.8240066285434295e-07,0.0,57,0.0,0.0123326471075415,0.0102669028565287,0.0020654939580708,2.502794984593493e-07,0.0,59,0.0,0.0018793940544128418,0.001143562258221209,0.0007355802226811647,2.5159934580187837e-07,0.0,58,0.0
8,400,0.0014046945143491,0.0009124405914917,0.0004920332576148,2.207614073768127e-07,0.0,60,0.0,2.071591552521568e-05,5.29025692230789e-06,1.5084508959262166e-05,3.411498141758784e-07,0.0,48,0.0,0.0055240946821868,0.003962505608797,0.0015612917486578,2.975838242491591e-07,0.0,56,0.0,0.014982296153903,0.0123981880024075,0.002583832712844,2.756324590791337e-07,0.0,59,0.0,0.0021834669169038534,0.0013683340512216091,0.0008148670895025134,2.655793309713772e-07,0.0,58,0.0
9,450,0.0015975167043507,0.0010905608069151,0.0005067191668786,2.3677581850733986e-07,0.0,60,0.0,1.7547070456203073e-05,4.222577899781754e-06,1.2978192899026908e-05,3.462992026470602e-07,0.0,47,0.0,0.0059638461098074,0.0043282262049615,0.0016353131504729,3.067186469252192e-07,0.0,53,0.0,0.0176801532506942,0.0146191865205764,0.0030606721993535,2.941828256552981e-07,0.0,59,0.0,0.0024680872447788715,0.0015745306154713035,0.0008932785713113844,2.7807030278381717e-07,0.0,57,0.0
10,500,0.001717607374303,0.0012032318627461,0.0005141244037076,2.510721230919444e-07,0.0,60,0.0,1.5302612155210227e-05,3.49028482560243e-06,1.1463035662018228e-05,3.492911275770894e-07,0.0,47,0.0,0.0064156409353017,0.0046655549667775,0.0017497719964012,3.1403911293637066e-07,0.0,53,0.0,0.020103994756937,0.0166337024420499,0.0034699835814535,3.084597892666352e-07,0.0,59,0.0,0.0026939648669213057,0.0017244042828679085,0.0009692710591480136,2.893601163123094e-07,0.0,57,0.0
11,550,0.0018240747740492,0.0012977863661944,0.0005260233883745,2.651148349741561e-07,0.0,60,0.0,1.3670955013367347e-05,3.008474322996335e-06,1.0312151971447747e-05,3.50328576814718e-07,0.0,47,0.0,0.0067882305011153,0.004907967057079,0.0018799431854858,3.201667198027281e-07,0.0,53,0.0,0.0231258533895015,0.0192405767738819,0.0038849557749927,3.198507272372808e-07,0.0,59,0.0,0.002906645881012082,0.001873636618256569,0.0010327105410397053,2.987884215599479e-07,0.0,57,0.0
12,600,0.0019131880253553,0.0013763445895165,0.0005365652614273,2.78258028174605e-07,0.0,60,0.0,1.231016267411178e-05,2.6387047000753228e-06,9.320872777607292e-06,3.505857648633537e-07,0.0,45,0.0,0.0072598829865455,0.0052110031247138,0.0020485541317611,3.2610515177111665e-07,0.0,53,0.0,0.0255370754748582,0.0212660785764455,0.00427066674456,3.296073884939688e-07,0.0,59,0.0,0.0030763326212763786,0.001998904161155224,0.001077120890840888,3.074745791309397e-07,0.0,57,0.0
13,650,0.0019768788479268,0.0014312653802335,0.0005453236517496,2.898243565141456e-07,0.0,60,0.0,1.120603883464355e-05,2.3129075543693034e-06,8.542871910321992e-06,3.502593415305455e-07,0.0,44,0.0,0.007715995889157,0.0054942392744123,0.0022214250639081,3.315627452593617e-07,0.0,53,0.0,0.028030252084136,0.0233583282679319,0.0046715857461094,3.378448525381828e-07,0.0,59,0.0,0.0032038891222327948,0.002095622941851616,0.0011079513933509588,3.147642075873591e-07,0.0,57,0.0
14,700,0.0020362555515021,0.0014830998843535,0.0005528560141101,2.9975720394759264e-07,0.0,60,0.0,1.0243943506793585e-05,2.071352128041326e-06,7.823490705050062e-06,3.49100588437068e-07,0.0,42,0.0,0.0079835671931505,0.0055861142463982,0.0023971162736415,3.3693584100547014e-07,0.0,52,0.0,0.0297838822007179,0.0247434359043836,0.0050401021726429,3.44998568380106e-07,0.0,59,0.0,0.003369079204276204,0.002218421082943678,0.0011503370478749275,3.2107627134791983e-07,0.0,56,0.0
15,750,0.0021033559460192,0.0015415550442412,0.0005614922847598,3.0844674370200664e-07,0.0,60,0.0,9.604874321667012e-06,1.988788426388055e-06,7.267244654940441e-06,3.4884158139902866e-07,0.0,42,0.0,0.0083839492872357,0.0057708509266376,0.0026127577293664,3.412781950373756e-07,0.0,52,0.0,0.031109744682908,0.0257190708070993,0.0053903223015367,3.5154977240381413e-07,0.0,59,0.0,0.0035130539909005165,0.0023342417553067207,0.0011784860398620367,3.2625257517793216e-07,0.0,56,0.0
16,800,0.0021929219365119,0.0016128916759043,0.0005797141348011,3.161692063713417e-07,0.0,59,0.0,9.017252523335628e-06,1.859281496763288e-06,6.809234491811367e-06,3.487363642307173e-07,0.0,41,0.0,0.0087348883971571,0.005930598359555,0.0028039440512657,3.4541844229352137e-07,0.0,52,0.0,0.0326846651732921,0.0268949605524539,0.0057893474586308,3.577149243483291e-07,0.0,59,0.0,0.003635937115177512,0.0024772589094936848,0.0011583453742787242,3.3273187227678136e-07,0.0,55,0.0
17,850,0.0022745539899915,0.0016815500566735,0.0005926811718381,3.226435296710406e-07,0.0,59,0.0,8.567526492697652e-06,1.7391854498782775e-06,6.479702733486192e-06,3.486379966943787e-07,0.0,40,0.0,0.0090365335345268,0.006058735307306,0.0029774492140859,3.495952398679947e-07,0.0,52,0.0,0.0342794097959995,0.0279828608036041,0.0062961881048977,3.617462311922282e-07,0.0,58,0.0,0.003748253220692277,0.002575278514996171,0.0011726365191861987,3.3821137890299724e-07,0.0,55,0.0
18,900,0.0023469033185392,0.0017406716942787,0.0006059033330529,3.282169984686334e-07,0.0,59,0.0,8.253429768956266e-06,1.7410629880032502e-06,6.164195383462356e-06,3.4817105643014656e-07,0.0,40,0.0,0.0090518537908792,0.0061277188360691,0.0029237810522317,3.5383482099859975e-07,0.0,51,0.0,0.0354888960719108,0.0286982096731662,0.0067903227172791,3.653138094250608e-07,0.0,57,0.0,0.0038326214998960495,0.002656969940289855,0.0011753087164834142,3.427003321121447e-07,0.0,55,0.0
19,950,0.0024291691370308,0.0018081637099385,0.0006206721882335,3.331531672756683e-07,0.0,59,0.0,7.81104972702451e-06,1.5611673234161572e-06,5.902364137000404e-06,3.475182381862396e-07,0.0,40,0.0,0.0094240754842758,0.0063343569636344,0.0030893608927726,3.580188376872684e-07,0.0,51,0.0,0.0372179858386516,0.0295709650963544,0.0076466533355414,3.684138789594727e-07,0.0,56,0.0,0.003914682660251856,0.0027335938066244125,0.0011807422852143645,3.464580800027761e-07,0.0,55,0.0
20,1000,0.0025218704249709,0.0018851908389478,0.0006363419815897,3.376131871846155e-07,0.0,59,0.0,7.778316103213001e-06,1.765681986398704e-06,5.665817752742441e-06,3.468159945896332e-07,0.0,40,0.0,0.0096161747351288,0.0063729146495461,0.0032428978011012,3.621179587298684e-07,0.0,51,0.0,0.037927221506834,0.0297391358762979,0.0081877131015062,3.7117780493645124e-07,0.0,56,0.0,0.004015407059341669,0.0028276361990720034,0.0011874211486428976,3.4974729601344734e-07,0.0,55,0.0
21,1050,0.002592435805127,0.0019428313244134,0.0006492623360827,3.419366976231686e-07,0.0,57,0.0,7.335075679293368e-06,1.54621125147969e-06,5.442447672976414e-06,3.464163569333323e-07,0.0,39,0.0,0.0098468130454421,0.0065295421518385,0.0033169051166623,3.662074163912621e-07,0.0,50,0.0,0.0387895219027996,0.0299921762198209,0.008796970359981,3.746446850527718e-07,0.0,56,0.0,0.004099185112863779,0.0029030246660113335,0.00119580770842731,3.526961904753989e-07,0.0,55,0.0
22,1100,0.0026735442224889,0.0020091505721211,0.0006640482461079,3.451940244758589e-07,0.0,57,0.0,6.921102340129437e-06,1.3768747066933429e-06,5.198598501010565e-06,3.456294734860421e-07,0.0,39,0.0,0.0100750410929322,0.0066305436193943,0.0034441275056451,3.698772559346253e-07,0.0,50,0.0,0.0398395620286464,0.0304164122790098,0.0094227753579616,3.780450015256065e-07,0.0,56,0.0,0.0041338661685585976,0.002933233743533492,0.0012002771254628897,3.553545582235529e-07,0.0,55,0.0
23,1150,0.0027643586508929,0.002083167200908,0.0006808435427956,3.478966164038866e-07,0.0,57,0.0,6.698579909425462e-06,1.3199133945818176e-06,5.0338380788161885e-06,3.448285781360028e-07,0.0,39,0.0,0.010292231105268,0.0067137158475816,0.0035781417973339,3.7331335533963284e-07,0.0,50,0.0,0.0405120737850666,0.0304554309695959,0.0100562637671828,3.813657087903266e-07,0.0,56,0.0,0.0041897716000676155,0.0029824550729244947,0.001206959132105112,3.5772833939518023e-07,0.0,55,0.0
24,1200,0.0028370504733175,0.0021375196520239,0.0006991804693825,3.504968617562554e-07,0.0,57,0.0,6.8924582592444494e-06,1.6117304539875477e-06,4.936654477205593e-06,3.440732712078898e-07,0.0,38,0.0,0.0105825196951627,0.0068612159229815,0.0037209270521998,3.764722578125657e-07,0.0,50,0.0,0.0412056408822536,0.0304760616272687,0.0107291955500841,3.851658618714282e-07,0.0,56,0.0,0.004213754087686539,0.0030063230078667402,0.0012070712400600314,3.598606781451963e-07,0.0,55,0.0
25,1250,0.0029315222054719,0.0022132475860416,0.0007179211825132,3.534636334734387e-07,0.0,57,0.0,6.377569206961198e-06,1.2298208957872705e-06,4.803987394552678e-06,3.437609166212497e-07,0.0,36,0.0,0.0109058851376175,0.0070390701293945,0.0038664361927658,3.794720839778165e-07,0.0,50,0.0,0.0423238724470138,0.0308878012001514,0.0114356819540262,3.892564279794897e-07,0.0,56,0.0,0.004244951531291008,0.0030329206492751837,0.0012116689467802644,3.619007031829824e-07,0.0,55,0.0
26,1300,0.003026149701327,0.0022899161558598,0.0007358770817518,3.564787505183631e-07,0.0,57,0.0,6.290989404078573e-06,1.2598112562045571e-06,4.687618002208183e-06,3.435603446177993e-07,0.0,36,0.1428571428571428,0.011025222018361,0.0070246681571006,0.0040001710876822,3.8232664678616857e-07,0.0,50,0.0,0.0425699800252914,0.0305155273526906,0.0120540596544742,3.9343206026387634e-07,0.0,56,0.0,0.004292768891900778,0.003077190835028887,0.00121521414257586,3.637061922745488e-07,0.0,55,0.0
27,1350,0.0030882570426911,0.0023324999492615,0.0007553961477242,3.608068936955533e-07,0.0,56,0.0,6.3449788285652176e-06,1.4420141951632104e-06,4.559492936095921e-06,3.434713846672821e-07,0.0,35,0.1428571428571428,0.0112089747563004,0.0070990468375384,0.004109542351216,3.851210692573659e-07,0.0,49,0.0,0.0396323204040527,0.0279938131570816,0.0116381086409091,3.981382121764909e-07,0.0,55,0.0,0.004316017031669617,0.003097173757851124,0.0012184778461232781,3.6531977798404114e-07,0.0,55,0.0
28,1400,0.0031851446256041,0.0024087580386549,0.0007760223816148,3.642619788024604e-07,0.0,56,0.0,5.912832421017811e-06,1.1559880022105062e-06,4.413515398482559e-06,3.433288782161981e-07,0.0,34,0.1428571428571428,0.011493151076138,0.0072343149222433,0.0042584487237036,3.876696439419902e-07,0.0,49,0.0,0.0411972105503082,0.0287278685718774,0.0124689396470785,4.02299605184453e-07,0.0,55,0.0,0.004349024500697851,0.0031296361703425646,0.00121902150567621,3.6674086345556134e-07,0.0,55,0.0
29,1450,0.0032571880146861,0.0024639253970235,0.0007928950362838,3.6764967603630804e-07,0.0,55,0.0,5.994051207380835e-06,1.2748942026519217e-06,4.3760646804003045e-06,3.430924095937371e-07,0.0,34,0.1428571428571428,0.0117070823907852,0.007312991656363,0.0043937005102634,3.9015725405988633e-07,0.0,49,0.0,0.0423788167536258,0.029298797249794,0.0130796153098344,4.0620912500344286e-07,0.0,55,0.0,0.004378445912152529,0.0031502065248787403,0.0012278712820261717,3.683466047732509e-07,0.0,54,0.0
30,1500,0.0033932821825146,0.0025384877808392,0.0008544250158593,3.693612597999163e-07,0.0,54,0.0,5.751992830482777e-06,1.1163156159454957e-06,4.2927658796543255e-06,3.429115054132126e-07,0.0,34,0.1428571428571428,0.0119423335418105,0.0074266078881919,0.0045153340324759,3.92539902804856e-07,0.0,49,0.0,0.0433193668723106,0.0296817123889923,0.0136372447013854,4.0981475990520266e-07,0.0,55,0.0,0.004424544516950846,0.003192504867911339,0.0012316699139773846,3.6960895499760227e-07,0.0,54,0.0
31,1550,0.003461901564151,0.0025951890274882,0.0008663407061249,3.7189386148384084e-07,0.0,54,0.0,6.394423053279752e-06,1.5925132856864366e-06,4.459035608306294e-06,3.428742445521493e-07,0.0,33,0.1428571428571428,0.0120371356606483,0.0074139311909675,0.0046228091232478,3.94808864712104e-07,0.0,49,0.0,0.0437817312777042,0.030255202203989,0.0135261183604598,4.1152617313855444e-07,0.0,54,0.0,0.004454051144421101,0.0032173413783311844,0.0012363390997052193,3.707089888393966e-07,0.0,54,0.0
32,1600,0.0035119329113513,0.0026341427583247,0.0008774154703132,3.745742560568033e-07,0.0,54,0.0,5.704318027710542e-06,1.0159396879316771e-06,4.345741217548493e-06,3.426369517001149e-07,0.0,33,0.1428571428571428,0.0123677626252174,0.0076213739812374,0.0047459919005632,3.970196189584385e-07,0.0,49,0.0,0.0448061265051364,0.030714550986886,0.0140911601483821,4.138672409226274e-07,0.0,54,0.0,0.004497031215578318,0.0032545800786465406,0.0012420796556398273,3.7165548860684794e-07,0.0,54,0.0
33,1650,0.0035968776792287,0.0027084753382951,0.0008880240493454,3.783632962495176e-07,0.0,53,0.0,5.7289812502858695e-06,1.095921447813453e-06,4.2906754060823005e-06,3.423843963901163e-07,0.0,33,0.1428571428571428,0.0125022800639271,0.0076258569024503,0.004876023158431,3.99136069972883e-07,0.0,49,0.0,0.0459254197776317,0.0313442945480346,0.0145807079970836,4.164390077221469e-07,0.0,54,0.0,0.004534596111625433,0.0032872487790882587,0.001246974803507328,3.7251612639011e-07,0.0,54,0.0
34,1700,0.0036371555179357,0.0027350503951311,0.0009017239208333,3.81252220904571e-07,0.0,53,0.0,5.620819138130173e-06,1.0663869716154295e-06,4.21225422542193e-06,3.421777137191384e-07,0.0,33,0.1428571428571428,0.0127659374848008,0.0077752508223056,0.0049902847968041,4.011557166450075e-07,0.0,49,0.0,0.0471147708594799,0.0319483950734138,0.0151659557595849,4.191140021703177e-07,0.0,54,0.0,0.004574648104608059,0.0033220015466213226,0.0012522733304649591,3.733375422143581e-07,0.0,54,0.0
35,1750,0.0037161346990615,0.0027985963970422,0.0009171545971184,3.837624547031737e-07,0.0,53,0.0,5.535313903237693e-06,1.0457441703692891e-06,4.146870651311474e-06,3.4269899629180145e-07,0.0,32,0.1428571428571428,0.0129101080819964,0.0078083486296236,0.0051013561896979,4.030893592243956e-07,0.0,49,0.0,0.0484698377549648,0.0327314920723438,0.0157379247248172,4.2171868130935763e-07,0.0,54,0.0,0.004630443174391985,0.0033669795375317335,0.0012630898272618651,3.740532008578157e-07,0.0,54,0.0
36,1800,0.0037938763853162,0.0028617156203836,0.0009317747899331,3.8607106489507714e-07,0.0,53,0.0,5.359212082112208e-06,9.41575592605659e-07,4.075033302797237e-06,3.426031298658927e-07,0.0,32,0.1428571428571428,0.013122565113008,0.0079324804246425,0.0051896800287067,4.049935569128138e-07,0.0,49,0.0,0.0497300922870636,0.0333691053092479,0.0163605604320764,4.241374540470133e-07,0.0,54,0.0,0.004657161887735128,0.00339023326523602,0.001266553532332182,3.747179562196834e-07,0.0,54,0.0
37,1850,0.0038676250260323,0.0029211838264018,0.0009460531873628,3.882012151734672e-07,0.0,53,0.0,5.259124009171501e-06,9.065749395631428e-07,4.010179964097915e-06,3.423694465709559e-07,0.0,32,0.1428571428571428,0.0132340611889958,0.0079475492238998,0.0052861054427921,4.0685060298528697e-07,0.0,49,0.0,0.0514206439256668,0.0344181135296821,0.0170021038502454,4.2641121922315516e-07,0.0,54,0.0,0.004682973492890596,0.0034083703067153692,0.0012742278631776571,3.7536125319093117e-07,0.0,54,0.0
38,1900,0.003920966759324,0.0029624728485941,0.0009581039194017,3.9019982978061307e-07,0.0,53,0.0,5.3385829232865945e-06,1.0090799378303927e-06,3.987346644862555e-06,3.421566816541599e-07,0.0,32,0.1428571428571428,0.0134294778108596,0.0080674653872847,0.0053616035729646,4.086365663624747e-07,0.0,49,0.0,0.0527702569961547,0.0351911596953868,0.0175786688923835,4.2874913219748123e-07,0.0,54,0.0,0.004754011984914541,0.0034711838234215975,0.0012824524892494082,3.7590257306874264e-07,0.0,53,0.0
39,1950,0.0040012854151427,0.0030277236364781,0.0009731695754453,3.921104507753626e-07,0.0,53,0.0,5.173328645469155e-06,9.388025432599534e-07,3.892597305821255e-06,3.419287111228187e-07,0.0,32,0.1428571428571428,0.0136054456233978,0.0081713879480957,0.0054336469620466,4.103541471067729e-07,0.0,49,0.0,0.0545429065823555,0.03629856929183,0.0182439032942056,4.3091816337437205e-07,0.0,54,0.0,0.004780432675033808,0.0034883879125118256,0.0012916678097099066,3.765331371141656e-07,0.0,53,0.0
40,2000,0.0040805018506944,0.0030949676875025,0.0009851400973275,3.938496035971184e-07,0.0,53,0.0,5.112295184517279e-06,9.003512673189107e-07,3.870290584018221e-06,3.416535889755324e-07,0.0,32,0.1428571428571428,0.0135115664452314,0.008004168048501,0.0055069872178137,4.120198298096512e-07,0.0,49,0.0,0.0559937991201877,0.0370924808084964,0.0189008861780166,4.329309604145237e-07,0.0,54,0.0,0.004800440743565559,0.0035029060672968626,0.0012971574906259775,3.7714744394179434e-07,0.0,53,0.0
41,2050,0.0041264253668487,0.0031267248559743,0.0009993052808567,3.955738634431327e-07,0.0,53,0.0,5.199828592594713e-06,1.0341378811062896e-06,3.824302439170424e-06,3.4138821547458065e-07,0.0,32,0.1428571428571428,0.0137901697307825,0.0082105956971645,0.0055791609920561,4.136595066484006e-07,0.0,49,0.0,0.0573943182826042,0.0379074327647686,0.0194864496588706,4.347880349087063e-07,0.0,54,0.0,0.00482925632968545,0.0035219979472458363,0.0013068804983049631,3.777002461902157e-07,0.0,53,0.0
42,2100,0.0042455848306417,0.0032311144750565,0.0010140731465071,3.972677973251848e-07,0.0,53,0.0,4.981700385542354e-06,8.902965760171355e-07,3.7502670693356777e-06,3.4113676861124986e-07,0.0,32,0.1428571428571428,0.0138033702969551,0.008162354119122,0.0056406003423035,4.152844041982462e-07,0.0,49,0.0,0.0592183880507946,0.0391200929880142,0.0200978592038154,4.365084294022381e-07,0.0,54,0.0,0.0048765698447823524,0.00355916959233582,0.0013170222518965602,3.781773614264239e-07,0.0,53,0.0
43,2150,0.0042592044919729,0.0032650053035467,0.0009938008151948,3.984225145359233e-07,0.0,52,0.0,4.921948402625276e-06,8.519271545992524e-07,3.729132004082203e-06,3.408889313050168e-07,0.0,32,0.1428571428571428,0.0139192212373018,0.0082885408774018,0.0056302640587091,4.1669804318189563e-07,0.0,49,0.0,0.0606986433267593,0.0399747751653194,0.0207234285771846,4.381012388421368e-07,0.0,54,0.0,0.0049109673127532005,0.0035906918346881866,0.0013198970118537545,3.785955868806923e-07,0.0,53,0.0
44,2200,0.0043488075025379,0.003333639819175,0.0010147679131478,3.999517161901167e-07,0.0,52,0.0,4.954907126375474e-06,8.894696179595485e-07,3.724756652445649e-06,3.406807422834391e-07,0.0,32,0.1428571428571428,0.013975272886455,0.0083135766908526,0.0056612784974277,4.1822841012617573e-07,0.0,49,0.0,0.0622073411941528,0.0408810414373874,0.0213258620351552,4.3967443730252853e-07,0.0,54,0.0,0.004931294359266758,0.0036023545544594526,0.0013285607565194368,3.789618574501219e-07,0.0,53,0.0
45,2250,0.0043897018767893,0.0033623687922954,0.0010269318008795,4.015599870399457e-07,0.0,52,0.0,4.826448730455013e-06,8.359376693078957e-07,3.650052121884073e-06,3.4045874031107815e-07,0.0,32,0.1428571428571428,0.0140399551019072,0.0083709871396422,0.0056685474701225,4.197313501208555e-07,0.0,49,0.0,0.0637736096978187,0.0418410748243331,0.02193209156394,4.412547696119873e-07,0.0,54,0.0,0.004990699701011181,0.003654190106317401,0.0013361304299905896,3.7927497942291666e-07,0.0,53,0.0
46,2300,0.0044529628939926,0.0034417852293699,0.0010107754496857,4.0253814859170244e-07,0.0,50,0.0,4.790618731931318e-06,8.243682145803177e-07,3.625995987022179e-06,3.402547861242056e-07,0.0,32,0.1428571428571428,0.0141029972583055,0.0083983857184648,0.0057041901163756,4.212016335713997e-07,0.0,49,0.0,0.065203346312046,0.0426870770752429,0.0225158277899026,4.42902319264249e-07,0.0,54,0.0,0.005008435342460871,0.003665907308459282,0.0013421487528830767,3.795600491685036e-07,0.0,53,0.0
47,2350,0.0045222882181406,0.0035048683639615,0.0010170160094276,4.035833853777149e-07,0.0,50,0.0,4.766819074575324e-06,8.465296446047432e-07,3.580272505132598e-06,3.400170385248203e-07,0.0,32,0.1428571428571428,0.0143154636025428,0.0085677644237875,0.0057472758926451,4.2273052258678966e-07,0.0,49,0.0,0.066892609000206,0.0437733195722103,0.0231188423931598,4.445304000455508e-07,0.0,54,0.0,0.005043249577283859,0.0036939054261893034,0.0013489642878994346,3.7974973565724213e-07,0.0,53,0.0
48,2400,0.0045649562962353,0.0035418116021901,0.0010227399179711,4.048520736432693e-07,0.0,50,0.0,4.958696990797762e-06,9.872823056866764e-07,3.6318956517789047e-06,3.395190049104713e-07,0.0,31,0.1428571428571428,0.0143516352400183,0.0085798725485801,0.0057713380083441,4.2425685364833043e-07,0.0,49,0.0,0.0679538547992706,0.0444031842052936,0.0235502254217863,4.460656271021435e-07,0.0,54,0.0,0.0050871726125478745,0.0037314200308173895,0.00135537248570472,3.7989914858371776e-07,0.0,53,0.0
49,2450,0.0046073724515736,0.0035710625816136,0.001035903696902,4.060570688579901e-07,0.0,50,0.0,4.738663847092539e-06,8.450122663816728e-07,3.5540888347895816e-06,3.395623764390621e-07,0.0,30,0.1428571428571428,0.0144563103094697,0.0086429137736558,0.0058129704557359,4.257023533682514e-07,0.0,49,0.0,0.069692850112915,0.0455038547515869,0.0241885501891374,4.4750012762051483e-07,0.0,54,0.0,0.005121375899761915,0.0037572388537228107,0.0013637571828439832,3.800134322773374e-07,0.0,53,0.0
50,2500,0.0046964827924966,0.0036537337582558,0.0010423416970297,4.072262527188286e-07,0.0,50,0.0,4.832883860217407e-06,9.676814443082549e-07,3.525921329128323e-06,3.392813141545048e-07,0.0,30,0.1428571428571428,0.0144423143938183,0.0086067961528897,0.0058350907638669,4.271499562946701e-07,0.0,49,0.0,0.070665031671524,0.0461663864552974,0.0244981963187456,4.489050695610786e-07,0.0,53,0.0,0.005144557915627956,0.003773760749027133,0.001370417419821024,3.8011123137948744e-07,0.0,53,0.0
51,2550,0.0047045825049281,0.0036535847466439,0.0010505893733352,4.0828851410879e-07,0.0,50,0.0,4.774828539666487e-06,9.653293773226324e-07,3.470568572083721e-06,3.389306471035525e-07,0.0,30,0.1428571428571428,0.0145810768008232,0.0087023181840777,0.0058783306740224,4.285597583475465e-07,0.0,49,0.0,0.0723903179168701,0.0472418330609798,0.0251480396836996,4.502201988998422e-07,0.0,53,0.0,0.005175587721168995,0.00380161521025002,0.0013735919492319226,3.802159653787385e-07,0.0,53,0.0
52,2600,0.0047843921929597,0.0037242856342345,0.001059697358869,4.092891288109968e-07,0.0,50,0.0,4.679216090153204e-06,8.780680218478665e-07,3.4625857097125845e-06,3.385625859664288e-07,0.0,30,0.1428571428571428,0.0146585181355476,0.0087281204760074,0.0059299669228494,4.299049294331781e-07,0.0,49,0.0,0.0738051831722259,0.0480478256940841,0.0257569029927253,4.514118927545496e-07,0.0,53,0.0,0.005218119826167822,0.00383598729968071,0.0013817520812153816,3.803257300205587e-07,0.0,53,0.0
53,2650,0.0047739576548337,0.0037047979421913,0.0010687494650483,4.101916033505404e-07,0.0,50,0.0,4.649122274713591e-06,8.783931662037503e-07,3.432520088608726e-06,3.38209048322824e-07,0.0,30,0.1428571428571428,0.0145845981314778,0.0086243851110339,0.0059597818180918,4.312239241244242e-07,0.0,49,0.0,0.0753993317484855,0.0490902327001094,0.0263086427003145,4.5250376956573756e-07,0.0,53,0.0,0.005233546253293753,0.0038445224054157734,0.0013886431697756052,3.8041028460611415e-07,0.0,53,0.0
54,2700,0.0048433835618197,0.0037650268059223,0.00107794534415,4.111691112029803e-07,0.0,50,0.0,4.751045707962476e-06,9.762765103005222e-07,3.436859287830885e-06,3.3790982456594065e-07,0.0,30,0.1428571428571428,0.0147929172962903,0.0088099287822842,0.0059825568459928,4.3248724068689626e-07,0.0,49,0.0,0.0769405141472816,0.0500547364354133,0.0268853195011615,4.535860966825568e-07,0.0,53,0.0,0.005242960061877966,0.0038509636651724577,0.0013916157186031342,3.804835273513163e-07,0.0,53,0.0
55,2750,0.0049194036982953,0.0038334538694471,0.0010855379514396,4.121190784189821e-07,0.0,50,0.0,4.5716924432781525e-06,8.509661029165727e-07,3.383020612091059e-06,3.377058988007775e-07,0.0,30,0.1428571428571428,0.0148981101810932,0.0088878199458122,0.0060098567046225,4.337286725331069e-07,0.0,49,0.0,0.078452244400978,0.0510547459125518,0.0273970458656549,4.546622562884295e-07,0.0,53,0.0,0.0052913459949195385,0.003896009176969528,0.001394956256262958,3.805248240951187e-07,0.0,53,0.0
56,2800,0.0049541322514414,0.0038602591957896,0.0010934600140899,4.130314152916981e-07,0.0,50,0.0,4.60872888652375e-06,9.050019684764266e-07,3.366216105860076e-06,3.375106132352812e-07,0.0,30,0.1428571428571428,0.015044311992824,0.009005032479763,0.0060388441197574,4.349045923390804e-07,0.0,49,0.0,0.0799855813384056,0.0520606040954589,0.027924520894885,4.556813735234755e-07,0.0,53,0.0,0.005327117163687944,0.003923278301954269,0.001403458183631301,3.8057828533055726e-07,0.0,53,0.0
57,2850,0.0049767978489398,0.0038734953850507,0.00110288860742,4.139109819334408e-07,0.0,50,0.0,4.672769591707038e-06,9.88040369520604e-07,3.3474298106739298e-06,3.3729929782566614e-07,0.0,30,0.1428571428571428,0.015104915946722,0.0090591162443161,0.0060453643091022,4.360761636235111e-07,0.0,49,0.0,0.0814511105418205,0.0530154407024383,0.028435219079256,4.5668838311030413e-07,0.0,53,0.0,0.005338778253644705,0.003932286985218525,0.0014061105903238058,3.806093502589647e-07,0.0,53,0.0
58,2900,0.0050410008989274,0.0039300764910876,0.0011105092708021,4.147923675645871e-07,0.0,50,0.0,4.70071336167166e-06,1.0104921557285709e-06,3.3531534882058622e-06,3.370680019543215e-07,0.0,30,0.1428571428571428,0.0152348661795258,0.0091516217216849,0.0060828081332147,4.371946147330165e-07,0.0,49,0.0,0.0829945281147956,0.0539753437042236,0.0290187336504459,4.5764926426272723e-07,0.0,53,0.0,0.0053622848354279995,0.00394859816879034,0.001413305988535285,3.806596566846565e-07,0.0,53,0.0
59,2950,0.0051056235097348,0.003987384494394,0.0011178229469805,4.157873547683266e-07,0.0,50,0.0,4.500670911511406e-06,8.552460712962784e-07,3.308565055704093e-06,3.368594150288118e-07,0.0,30,0.1428571428571428,0.0151553535833954,0.009044362232089,0.006110553164035,4.383020950626815e-07,0.0,49,0.0,0.0848584473133087,0.0552238523960113,0.0296341329813003,4.5862753950132173e-07,0.0,53,0.0,0.005394096951931715,0.0039749592542648315,0.0014187569031491876,3.8074185226832924e-07,0.0,53,0.0
60,3000,0.0051457886584103,0.0040163756348192,0.0011289962567389,4.16710946637977e-07,0.0,50,0.0,4.655409611586947e-06,9.860808631856344e-07,3.3327098662994104e-06,3.366188252584834e-07,0.0,30,0.1428571428571428,0.0153260882943868,0.0091908499598503,0.00613479828462,4.393537835767347e-07,0.0,49,0.0,0.086204819381237,0.0560700893402099,0.03013426810503,4.595903817516956e-07,0.0,53,0.0,0.005441257730126381,0.004017564933747053,0.00142331188544631,3.8081759612396127e-07,0.0,53,0.0
61,3050,0.0051526157185435,0.0040164534002542,0.0011357446201145,4.175419121565938e-07,0.0,50,0.0,4.468477072805399e-06,8.533569939572772e-07,3.2790469504107023e-06,3.360731000157102e-07,0.0,29,0.1428571428571428,0.0153667209669947,0.0092038037255406,0.0061624767258763,4.4039200020051794e-07,0.0,49,0.0,0.0876603573560714,0.0570232272148132,0.0306366700679063,4.60525399148537e-07,0.0,53,0.0,0.005457135383039713,0.0040271650068461895,0.0014295893488451838,3.8087245002316195e-07,0.0,53,0.0
62,3100,0.0052312519401311,0.0040881200693547,0.001142713590525,4.183693533832411e-07,0.0,50,0.0,4.422171514306683e-06,8.310592534144234e-07,3.2554171411902644e-06,3.356951481237047e-07,0.0,29,0.1428571428571428,0.0154618080705404,0.0092850988730788,0.0061762672848999,4.413854242102389e-07,0.0,49,0.0,0.0894727259874343,0.0582324229180812,0.0312398392707109,4.6154701749401283e-07,0.0,53,0.0,0.005477894097566605,0.00404370529577136,0.0014338078908622265,3.8091357623670774e-07,0.0,53,0.0
63,3150,0.0052616661414504,0.0041081071831285,0.0011531399795785,4.191529399122373e-07,0.0,50,0.0,4.425747647474054e-06,8.822093491289706e-07,3.208059752068948e-06,3.354783189024602e-07,0.0,29,0.1428571428571428,0.0154891870915889,0.0092757930979132,0.0062129516154527,4.4234352003513777e-07,0.0,49,0.0,0.0906581133604049,0.0589361265301704,0.0317215248942375,4.6252088736764563e-07,0.0,53,0.0,0.005499659106135368,0.004059648606926203,0.0014396298211067915,3.809853126313101e-07,0.0,53,0.0
64,3200,0.0053377454169094,0.0041771843098104,0.0011601411970332,4.19931666328921e-07,0.0,50,0.0,4.477709353523096e-06,9.567107781549566e-07,3.1833512821322074e-06,3.376469805971283e-07,0.0,28,0.1428571428571428,0.0156623385846614,0.0094476891681551,0.0062142056412994,4.4325503267828026e-07,0.0,49,0.0,0.0923822820186615,0.0601293742656707,0.0322524420917034,4.634801484826312e-07,0.0,53,0.0,0.005532553419470787,0.004087804351001978,0.0014443682739511132,3.811085207416909e-07,0.0,53,0.0
65,3250,0.0053600198589265,0.0041916402988135,0.0011679593008011,4.206792993954878e-07,0.0,50,0.0,4.6036866478971206e-06,1.0956863434330444e-06,3.170088575643604e-06,3.379118993507291e-07,0.0,28,0.1428571428571428,0.0155942793935537,0.0093623846769332,0.0062314504757523,4.441525902620924e-07,0.0,49,0.0,0.0944091826677322,0.0615886561572551,0.0328200608491897,4.6440507617262483e-07,0.0,53,0.0,0.005545292980968952,0.004099775105714798,0.0014451363822445273,3.8135871704980673e-07,0.0,53,0.0
66,3300,0.0054004243575036,0.0042251399718225,0.0011748630786314,4.2139365064031153e-07,0.0,50,0.0,4.325901045376668e-06,8.297760700770596e-07,3.158293111482635e-06,3.378316932867165e-07,0.0,28,0.1428571428571428,0.0156876258552074,0.0094378506764769,0.0062493304722011,4.450476467354747e-07,0.0,49,0.0,0.0953261107206344,0.0620322190225124,0.0332934334874153,4.653089433759306e-07,0.0,53,0.0,0.005600855220109224,0.004147691186517477,0.0014527825405821204,3.8160177950885554e-07,0.0,53,0.0
67,3350,0.0054045319557189,0.0042203739285469,0.0011837360216304,4.221065523779544e-07,0.0,50,0.0,4.335436642577406e-06,8.16361364286422e-07,3.18145703204209e-06,3.376181325620564e-07,0.0,28,0.1428571428571428,0.0158413853496313,0.0095663387328386,0.0062746023759245,4.459133435830154e-07,0.0,49,0.0,0.0966711863875389,0.0629223808646202,0.0337483324110507,4.661624473101256e-07,0.0,53,0.0,0.005575414746999741,0.004119423218071461,0.0014556099195033312,3.8183503647815087e-07,0.0,53,0.0
68,3400,0.0054289628751575,0.0042376173660159,0.0011909226886928,4.2275397049706953e-07,0.0,50,0.0,4.447402716323268e-06,9.51377217006666e-07,3.158608478770475e-06,3.374172479198023e-07,0.0,28,0.1428571428571428,0.0158243533223867,0.0095459166914224,0.0062779895961284,4.467494250093296e-07,0.0,49,0.0,0.0982360243797302,0.0639673173427581,0.0342682376503944,4.672587294862751e-07,0.0,53,0.0,0.005599882919341326,0.004140856210142374,0.0014586449833586812,3.820548499788856e-07,0.0,53,0.0
69,3450,0.0055236010812222,0.0043235360644757,0.0011996417306363,4.23383113457021e-07,0.0,50,0.0,4.284996975911781e-06,8.090564165286196e-07,3.1387467060994823e-06,3.371939385488077e-07,0.0,28,0.1428571428571428,0.0157578773796558,0.009502132423222,0.0062552974559366,4.473931483062188e-07,0.0,49,0.0,0.1001978889107704,0.0654249638319015,0.0347724556922912,4.683319048126578e-07,0.0,53,0.0,0.005623202305287123,0.004159960895776749,0.001462859334424138,3.8226062315516174e-07,0.0,53,0.0
70,3500,0.0055291368626058,0.004320980515331,0.0012077318970113,4.239975908149063e-07,0.0,50,0.0,4.311513293941971e-06,8.728056855034083e-07,3.101788252024562e-06,3.36919782739642e-07,0.0,28,0.1428571428571428,0.0158033575862646,0.0095425602048635,0.0062603475525975,4.480384347971267e-07,0.0,49,0.0,0.1009333506226539,0.065761886537075,0.0351709984242916,4.693799553479039e-07,0.0,53,0.0,0.005672607570886612,0.004202315118163824,0.0014699100283905864,3.824494285709079e-07,0.0,53,0.0
71,3550,0.0056227520108222,0.0044080428779125,0.0012142846826463,4.245698335125781e-07,0.0,50,0.0,4.274454113328829e-06,8.19030560705869e-07,3.1188142202154268e-06,3.3660958820291853e-07,0.0,28,0.1428571428571428,0.0158262364566326,0.0095679452642798,0.0062578422948718,4.487620799409342e-07,0.0,49,0.0,0.1028006598353385,0.0670936480164527,0.0357065424323082,4.704445188963291e-07,0.0,53,0.0,0.005646198056638241,0.004178069066256285,0.0014677464496344328,3.8260640167209203e-07,0.0,53,0.0
72,3600,0.0056985933333635,0.0044738459400832,0.0012243222445249,4.251265295351914e-07,0.0,50,0.0,4.385077318147523e-06,9.212404847858124e-07,3.1274851153284544e-06,3.363516043464188e-07,0.0,28,0.1428571428571428,0.0159864798188209,0.0097099570557475,0.0062760733999311,4.49483565034825e-07,0.0,49,0.0,0.10403623431921,0.0678883716464042,0.0361473932862281,4.714689509910386e-07,0.0,53,0.0,0.005679834168404341,0.004206492565572262,0.0014729587128385901,3.827546208867716e-07,0.0,53,0.0
73,3650,0.005666694138199,0.00443832622841,0.0012279422953724,4.256457657447754e-07,0.0,50,0.0,4.325865120335948e-06,8.734663765608275e-07,3.1162583127297694e-06,3.361405163104792e-07,0.0,28,0.1428571428571428,0.0161458179354667,0.0097676096484065,0.0063777565956115,4.500340651247825e-07,0.0,48,0.0,0.1059130504727363,0.0692049413919448,0.0367076434195041,4.724857660676207e-07,0.0,53,0.0,0.00567172234877944,0.004196805879473686,0.0014745338121429086,3.829031527402549e-07,0.0,53,0.0
74,3700,0.005678302142769,0.0044405437074601,0.0012373324716463,4.26159289190764e-07,0.0,50,0.0,4.328362138039665e-06,8.865991958373343e-07,3.1058384593052324e-06,3.3592476711419295e-07,0.0,28,0.1428571428571428,0.0161962565034627,0.0097509017214179,0.0064449035562574,4.502751380641712e-07,0.0,48,0.0,0.1071043759584426,0.0699841901659965,0.0371197089552879,4.734128822292405e-07,0.0,53,0.0,0.00571910897269845,0.004240482114255428,0.0014782435027882457,3.8304699501168216e-07,0.0,53,0.0
75,3750,0.0057767643593251,0.0045138644054532,0.0012624730588868,4.2723485194073874e-07,0.0,49,0.0,4.510390226641903e-06,1.0470179176991223e-06,3.1276795198209584e-06,3.35692590169856e-07,0.0,28,0.1428571428571428,0.0161763224750757,0.0096775433048605,0.0064983288757503,4.509006998887344e-07,0.0,48,0.0,0.1086091250181198,0.0710575655102729,0.0375510826706886,4.743053239053552e-07,0.0,53,0.0,0.005747941322624683,0.004264059476554394,0.0014834987232461572,3.8317102735163644e-07,0.0,53,0.0
76,3800,0.0058249994181096,0.0045505999587476,0.0012739716330543,4.278432754745154e-07,0.0,49,0.0,4.463733148440952e-06,9.961555633708483e-07,3.132121264570742e-06,3.354560078605573e-07,0.0,28,0.1428571428571428,0.0161611419171094,0.0095669860020279,0.0065937042236328,4.529763941718557e-07,0.0,47,0.0,0.1099548637866973,0.0722807273268699,0.0376736596226692,4.747023467643885e-07,0.0,52,0.0,0.005727773066610098,0.0042444197461009026,0.0014829699648544192,3.8327488027789514e-07,0.0,53,0.0
77,3850,0.0057926950976252,0.0045081996358931,0.0012840670533478,4.283775751900976e-07,0.0,49,0.0,4.246189746481832e-06,8.172659704541729e-07,3.0937155770516256e-06,3.352081421326148e-07,0.0,28,0.1428571428571428,0.0162843111902475,0.0097353709861636,0.0065484852530062,4.5389782599158934e-07,0.0,47,0.0,0.1125757098197937,0.0737581700086593,0.0388170666992664,4.7533777092212404e-07,0.0,52,0.0,0.00570989865809679,0.004227799363434315,0.0014817160554230213,3.833783353002218e-07,0.0,53,0.0
78,3900,0.0058758929371833,0.0045807282440364,0.001294735702686,4.28844799671424e-07,0.0,49,0.0,4.308023562771268e-06,8.838505891617388e-07,3.089208121309639e-06,3.349648522998905e-07,0.0,28,0.1428571428571428,0.0162360165268182,0.0096509000286459,0.0065846624784171,4.5457741748577973e-07,0.0,47,0.0,0.1146190464496612,0.0751034021377563,0.039515171200037,4.759821479183302e-07,0.0,52,0.0,0.005743452347815037,0.004258340690284967,0.001484728534705937,3.834555570847442e-07,0.0,53,0.0
79,3950,0.0059091509319841,0.0046075512655079,0.001301170210354,4.292718074339064e-07,0.0,49,0.0,4.287213869247353e-06,8.82477081631805e-07,3.0700277875439497e-06,3.3470917060185457e-07,0.0,28,0.1428571428571428,0.0162810534238815,0.0097270021215081,0.0065535963512957,4.551681342945813e-07,0.0,47,0.0,0.1158891022205352,0.0759280323982238,0.0399605892598629,4.765898893310805e-07,0.0,52,0.0,0.005740857217460871,0.004253919702023268,0.0014865539269521832,3.835224049453245e-07,0.0,53,0.0
80,4000,0.0059592397883534,0.0046453550457954,0.0013134549371898,4.296556710414734e-07,0.0,49,0.0,4.393233666633023e-06,9.908917490975e-07,3.0678806979267392e-06,3.344612196087837e-07,0.0,28,0.1428571428571428,0.0162412170320749,0.0096765747293829,0.0065641859546303,4.557041393127293e-07,0.0,47,0.0,0.1179228946566581,0.0774397179484367,0.0404826998710632,4.772957140630751e-07,0.0,52,0.0,0.0057697417214512825,0.004281654022634029,0.0014877037610858679,3.8360133203241276e-07,0.0,53,0.0
81,4050,0.0060119736008346,0.0046914345584809,0.0013201093534007,4.3000466121156933e-07,0.0,49,0.0,4.279143468011171e-06,8.519136827089824e-07,3.093028453804436e-06,3.3420099043723894e-07,0.0,28,0.1428571428571428,0.0147342337295413,0.0088967559859156,0.0058370227925479,4.55386953035486e-07,0.0,46,0.0,0.1192380636930465,0.078384019434452,0.0408535711467266,4.77761716410896e-07,0.0,52,0.0,0.0057886503636837006,0.004298040177673101,0.0014902265975251794,3.8363040744116006e-07,0.0,53,0.0
82,4100,0.0060164276510477,0.0046894922852516,0.0013265049783512,4.303678622363805e-07,0.0,49,0.0,4.381388407637132e-06,1.0042834901469178e-06,3.0428493573708693e-06,3.3425587275814905e-07,0.0,27,0.1428571428571428,0.0149634974077343,0.0091398190706968,0.0058232233859598,4.556551118639618e-07,0.0,46,0.0,0.1204922273755073,0.0793242305517196,0.0411675199866294,4.782140194947715e-07,0.0,52,0.0,0.005777221638709307,0.004286422859877348,0.0014904149575158954,3.83682703386512e-07,0.0,53,0.0
83,4150,0.0060568763874471,0.0047219069674611,0.0013345389161258,4.306826042466129e-07,0.0,49,0.0,4.309867108531762e-06,9.496536108599684e-07,3.025849764526356e-06,3.3436393209740345e-07,0.0,27,0.1428571428571428,0.0150221660733222,0.00922357942909,0.0057981298305094,4.560661750474537e-07,0.0,46,0.0,0.1219371110200882,0.0803643241524696,0.0415723137557506,4.78797801406472e-07,0.0,52,0.0,0.005811911541968584,0.004317398648709059,0.001494129071943462,3.8370677657439956e-07,0.0,53,0.0
84,4200,0.0060825455002486,0.0047399075701832,0.001342206611298,4.309762857701571e-07,0.0,49,0.0,4.236763288645307e-06,9.024374207911024e-07,3.000110609718832e-06,3.342151444485353e-07,0.0,27,0.1428571428571428,0.0150285437703132,0.0092269470915198,0.0058011398650705,4.56533257420233e-07,0.0,46,0.0,0.1234605312347412,0.0815196633338928,0.0419403873383998,4.794213168679562e-07,0.0,52,0.0,0.00582577520981431,0.004330444615334272,0.0014949468895792961,3.8374909649974143e-07,0.0,53,0.0
85,4250,0.0061447089537978,0.0047970819287002,0.0013471958227455,4.312925057092798e-07,0.0,49,0.0,4.271703346603317e-06,9.399601594850536e-07,2.9977782105561346e-06,3.3396491971871e-07,0.0,27,0.1428571428571428,0.0148424431681633,0.0090989982709288,0.0057429885491728,4.567339715322305e-07,0.0,46,0.0,0.1247722506523132,0.0825454220175743,0.0422263517975807,4.800544388672279e-07,0.0,52,0.0,0.005827457178384066,0.0043321833945810795,0.0014948899624869227,3.837729991573724e-07,0.0,53,0.0
86,4300,0.006140352692455,0.0047842329367995,0.0013556880876421,4.315988348935207e-07,0.0,49,0.0,4.363468178780749e-06,9.759917247720296e-07,3.0538174087269e-06,3.336589600166917e-07,0.0,27,0.1428571428571428,0.0148865170776844,0.0091561656445264,0.0057298941537737,4.572039529193717e-07,0.0,46,0.0,0.1265748441219329,0.0839540064334869,0.0426203608512878,4.807261007044872e-07,0.0,52,0.0,0.005821874365210533,0.004327250178903341,0.001494240597821772,3.837915016902116e-07,0.0,53,0.0
87,4350,0.0061713722534477,0.0048163314349949,0.0013546079862862,4.325854376929783e-07,0.0,48,0.0,4.258954049873864e-06,9.321665856987238e-07,2.993494035763433e-06,3.33293542098545e-07,0.0,27,0.1428571428571428,0.0150551479309797,0.0093288887292146,0.0057258019223809,4.5765730760649603e-07,0.0,46,0.0,0.1280974149703979,0.0850995928049087,0.0429973416030406,4.814245926354488e-07,0.0,52,0.0,0.005826008506119251,0.004330612253397703,0.0014950126642361283,3.8380736100407375e-07,0.0,53,0.0
88,4400,0.0061975950375199,0.004847761709243,0.0013493997976183,4.335004177846713e-07,0.0,48,0.0,4.336034180596471e-06,9.956103212971357e-07,3.0074622827669373e-06,3.329616049541073e-07,0.0,27,0.1428571428571428,0.0151326106861233,0.0094213960692286,0.005710756406188,4.58076101494953e-07,0.0,46,0.0,0.1289056539535522,0.0856588557362556,0.0432463139295578,4.821239940611122e-07,0.0,52,0.0,0.005836153402924538,0.004338315688073635,0.0014974537771195173,3.8381222111638635e-07,0.0,53,0.0
89,4450,0.0062201195396482,0.0048710890114307,0.0013485966483131,4.3414078731984773e-07,0.0,48,0.0,4.284947408450535e-06,9.607942956790794e-07,2.9914622245996725e-06,3.3269083132836386e-07,0.0,27,0.1428571428571428,0.0151383839547634,0.0094430046156048,0.0056949211284518,4.584660189266289e-07,0.0,46,0.0,0.1304902136325836,0.0868939980864524,0.0435957387089729,4.827891757486213e-07,0.0,52,0.0,0.005825456231832504,0.004330025520175695,0.001495047239586711,3.8381827494049503e-07,0.0,53,0.0
90,4500,0.0062541137449443,0.0049063041806221,0.0013473749859258,4.346462958437769e-07,0.0,48,0.0,4.388870820548618e-06,1.063717604665726e-06,2.992723011630005e-06,3.324302610963059e-07,0.0,27,0.1428571428571428,0.0151585722342133,0.0094726094976067,0.0056855035945773,4.588407591654686e-07,0.0,46,0.0,0.1322181671857834,0.0882520452141761,0.0439656414091587,4.83419853480882e-07,0.0,52,0.0,0.005832212045788765,0.0043351734057068825,0.0014966547023504972,3.838314057702519e-07,0.0,53,0.0
91,4550,0.0062912907451391,0.0049414825625717,0.0013493731385096,4.3507773739293043e-07,0.0,48,0.0,4.310560598241864e-06,1.010025243886048e-06,2.9683756110898685e-06,3.321596864225285e-07,0.0,27,0.1428571428571428,0.0151069946587085,0.0094763785600662,0.005630156956613,4.590894491229848e-07,0.0,46,0.0,0.1335810124874115,0.0893062502145767,0.0442742779850959,4.840408678319363e-07,0.0,52,0.0,0.005838785320520401,0.004340290557593107,0.0014981110580265522,3.838539441858302e-07,0.0,53,0.0
92,4600,0.0062823891639709,0.0049264724366366,0.0013554814504459,4.3545156813706853e-07,0.0,48,0.0,4.203065145702567e-06,9.044073863151424e-07,2.9667714898096165e-06,3.3188666748174e-07,0.0,27,0.1428571428571428,0.0150968926027417,0.0094875069335103,0.0056089265272021,4.5946194404677954e-07,0.0,46,0.0,0.1350655853748321,0.0904972553253173,0.044567834585905,4.846651222578657e-07,0.0,52,0.0,0.005844484083354473,0.004346304573118687,0.0014977958053350449,3.838553652713017e-07,0.0,53,0.0
93,4650,0.0063257897272706,0.0049676429480314,0.0013577108038589,4.357879674898868e-07,0.0,48,0.0,4.143192199990153e-06,8.262877031484095e-07,2.985301989610889e-06,3.31602450387436e-07,0.0,27,0.1428571428571428,0.0151173546910285,0.0095314690843224,0.0055854255333542,4.598634575359029e-07,0.0,46,0.0,0.1363047510385513,0.0914832279086113,0.04482102394104,4.852731194660009e-07,0.0,52,0.0,0.005842264741659164,0.004342005588114262,0.0014998754486441612,3.8385971379284456e-07,0.0,53,0.0
94,4700,0.0063324733637273,0.0049712834879755,0.0013607540167868,4.360506977718617e-07,0.0,48,0.0,4.375420303404098e-06,1.0435630883876e-06,3.000544211317901e-06,3.313128615900496e-07,0.0,27,0.1428571428571428,0.0151381148025393,0.0095399273559451,0.0055977273732423,4.602464969138964e-07,0.0,46,0.0,0.1383821815252304,0.0931317210197448,0.0452499650418758,4.859043656324502e-07,0.0,52,0.0,0.005852757021784782,0.004353474359959364,0.001498898956924677,3.838622717466933e-07,0.0,53,0.0
95,4750,0.0063469531014561,0.0049850423820316,0.0013614743947982,4.363329821899242e-07,0.0,48,0.0,4.125693521928042e-06,8.159005915331363e-07,2.978765905936598e-06,3.310270813017269e-07,0.0,27,0.1428571428571428,0.0150914462283253,0.0095306150615215,0.0055603706277906,4.606629602221801e-07,0.0,46,0.0,0.1392014473676681,0.093785636126995,0.045415312051773,4.864833158535475e-07,0.0,52,0.0,0.005888743791729212,0.004388120025396347,0.0015002399450168014,3.8385473999369424e-07,0.0,53,0.0
96,4800,0.0063889371231198,0.0050199585966765,0.001368541852571,4.365902270819788e-07,0.0,48,0.0,4.1902098928403575e-06,8.470025818496651e-07,3.0124681416054955e-06,3.30739112541778e-07,0.0,27,0.1428571428571428,0.0152074629440903,0.0096526583656668,0.0055543440394103,4.610663211224164e-07,0.0,46,0.0,0.1409998089075088,0.0952609255909919,0.0457383915781974,4.870692009717459e-07,0.0,52,0.0,0.005870083812624216,0.0043691652826964855,0.001500534825026989,3.838793816157704e-07,0.0,53,0.0
97,4850,0.0064396187663078,0.0050697401165962,0.0013694420922547,4.3684255501830194e-07,0.0,48,0.0,4.157684543315554e-06,8.561552249375382e-07,2.9710913622693624e-06,3.304382687474572e-07,0.0,27,0.1428571428571428,0.0152452997863292,0.0097009195014834,0.0055439192801713,4.614674367076077e-07,0.0,46,0.0,0.1427903622388839,0.0966691225767135,0.0461207553744316,4.876554839938763e-07,0.0,52,0.0,0.005871179513633251,0.004368247464299202,0.0015025485772639513,3.838658244603721e-07,0.0,53,0.0
98,4900,0.0064353314228355,0.005057277623564,0.0013776164269074,4.370744193238352e-07,0.0,48,0.0,4.299316515243845e-06,1.0065851938634296e-06,2.9625757633766625e-06,3.301558137991379e-07,0.0,27,0.1428571428571428,0.0151820685714483,0.009630300104618,0.0055513069964945,4.618817115442653e-07,0.0,46,0.0,0.1440016776323318,0.0976358279585838,0.0463653616607189,4.882354573965131e-07,0.0,52,0.0,0.005856896750628948,0.0043551004491746426,0.001501412596553564,3.838662223643041e-07,0.0,53,0.0
99,4950,0.0064653363078832,0.0050865495577454,0.0013783496106043,4.373208355445968e-07,0.0,48,0.0,4.205422101222212e-06,9.134872129834548e-07,2.9620771329064155e-06,3.2985792586259777e-07,0.0,27,0.1428571428571428,0.0151866013184189,0.0096678920090198,0.0055182473734021,4.622951621513494e-07,0.0,46,0.0,0.1457839161157608,0.0990871116518974,0.0466963201761245,4.888046873929852e-07,0.0,52,0.0,0.005876162555068731,0.004374513402581215,0.0015012654475867748,3.8384990830309107e-07,0.0,53,0.0
100,5000,0.0064752018079161,0.0050913235172629,0.0013834408018738,4.3756216427937044e-07,0.0,48,0.0,4.155908300162992e-06,8.573379091103561e-07,2.9690102110180305e-06,3.29560322143152e-07,0.0,27,0.1428571428571428,0.0151997571811079,0.0096776438876986,0.0055216499604284,4.6271068754322187e-07,0.0,46,0.0,0.1472312957048416,0.1003029271960258,0.0469278767704963,4.893615255241457e-07,0.0,52,0.0,0.00586263881996274,0.004361593630164862,0.0015006613684818149,3.838621012164367e-07,0.0,53,0.0
