,epoch,decoder_0,sindy_x_0,reg_0,sindy_z_0,active_coeffs_0,decoder_1,sindy_x_1,reg_1,sindy_z_1,active_coeffs_1,decoder_2,sindy_x_2,reg_2,sindy_z_2,active_coeffs_2,decoder_3,sindy_x_3,reg_3,sindy_z_3,active_coeffs_3,decoder_avg,sindy_x_avg,reg_avg,sindy_z_avg,active_coeffs_avg
0,1,0.17074370384216309,0.0011444445699453354,9.88237025012495e-06,0.0,60,0.15522490441799164,0.0014008083380758762,9.88237570709316e-06,0.0,60,0.16876161098480225,0.0014504797291010618,9.882358426693827e-06,0.0,60,0.18140575289726257,0.0014101173728704453,9.882362064672634e-06,0.0,60,0.16903399303555489,0.0013514625024981797,9.882366612146143e-06,0.0,60.0
1,51,0.009100306779146194,0.0010271542705595493,6.231472980289254e-06,0.0,60,0.015178676694631577,0.0017701280303299427,6.770746949769091e-06,0.0,60,0.011451995000243187,0.0014731864212080836,6.168465006339829e-06,0.0,60,0.012761149555444717,0.0012853884836658835,6.1500804804381914e-06,0.0,60,0.012123032007366419,0.0013889643014408648,6.3301913542090915e-06,0.0,60.0
2,101,0.005908082239329815,0.0008581025758758187,4.939357040711911e-06,0.0,53,0.007084848824888468,0.0013061545323580503,5.131601483299164e-06,0.0,55,0.007982555776834488,0.0011625364422798157,5.260280886432156e-06,0.0,56,0.008350776508450508,0.0010788810905069113,4.641638952307403e-06,0.0,51,0.00733156583737582,0.001101418660255149,4.993219590687659e-06,0.0,53.75
3,151,0.0019352780655026436,0.0007799220620654523,3.866950919473311e-06,0.0,36,0.0026772029232233763,0.0010873624123632908,4.437923507794039e-06,0.0,46,0.0036883684806525707,0.0010728674242272973,4.7357780204038136e-06,0.0,51,0.007097267080098391,0.0009789339965209365,3.8091141050244914e-06,0.0,36,0.0038495291373692453,0.0009797714737942442,4.212441638173914e-06,0.0,42.25
4,201,0.0011259509483352304,0.0007669659098610282,3.836193172901403e-06,0.0,31,0.0015080400044098496,0.001022440381348133,4.3729928620450664e-06,0.0,35,0.0018895637476816773,0.0009165905648842454,4.320384505263064e-06,0.0,39,0.00571004394441843,0.0009478837018832564,3.802929768426111e-06,0.0,29,0.002558399661211297,0.0009134701394941658,4.083125077158911e-06,0.0,33.5
5,251,0.0009328334708698094,0.0007088573183864355,4.286350304028019e-06,0.0,24,0.00116973917465657,0.0007955877226777375,5.071553459856659e-06,0.0,28,0.0014796449104323983,0.0008144392049871385,4.397426437208196e-06,0.0,34,0.0018436897080391645,0.0009415432577952743,4.2934111661452334e-06,0.0,24,0.0013564768159994856,0.0008151068759616464,4.512185341809527e-06,0.0,27.5
6,301,0.0008385229739360511,0.0006237425841391087,5.137737389304675e-06,0.0,22,0.0009884340688586235,0.0006432193331420422,5.703774604626233e-06,0.0,26,0.001247098669409752,0.0007588799926452339,4.743987574329367e-06,0.0,28,0.0013442870695143938,0.0009335478534922004,4.332271601015236e-06,0.0,20,0.001104585695429705,0.0007398474408546463,4.979442792318878e-06,0.0,24.0
7,351,0.0006835332605987787,0.0005676020518876612,5.417808552010683e-06,0.0,21,0.0008067121380008757,0.0005806041299365461,5.906079877604498e-06,0.0,25,0.0010077293263748288,0.0006961717153899372,5.359047463571187e-06,0.0,22,0.001087204203940928,0.0009165947558358312,4.5184938244346995e-06,0.0,18,0.0008962947322288528,0.0006902431632624939,5.300357429405267e-06,0.0,21.5
8,401,0.0005317073664627969,0.0005096718668937683,5.6301419135706965e-06,0.0,21,0.0006233330350369215,0.0005369324353523552,6.187729468365433e-06,0.0,23,0.0007656293455511332,0.0006753026391379535,5.7082697821897455e-06,0.0,22,0.0009078625589609146,0.0008929480100050569,4.796078883373411e-06,0.0,18,0.0007071330765029415,0.0006537137378472835,5.5805550118748215e-06,0.0,21.0
9,451,0.00042226570076309144,0.000466412486275658,5.804110514873173e-06,0.0,21,0.0004872717254329473,0.0004923888482153416,6.456392839027103e-06,0.0,23,0.0006145145162008703,0.0006553401472046971,6.03320540903951e-06,0.0,22,0.000752864230889827,0.000813913531601429,5.075370154372649e-06,0.0,16,0.000569229043321684,0.0006070137533242814,5.842269729328109e-06,0.0,20.5
10,501,0.00032252739765681326,0.00042860739631578326,5.963375315332087e-06,0.0,20,0.0003970115212723613,0.000489040685351938,6.670629318250576e-06,0.0,21,0.0005248450906947255,0.0006390238413587213,6.366051366057945e-06,0.0,22,0.0005957111134193838,0.0007051355787552893,5.295476967148716e-06,0.0,16,0.00046002378076082096,0.000565451875445433,6.073883241697331e-06,0.0,19.75
11,551,0.000273006473435089,0.0004026541137136519,6.099302026996156e-06,0.0,20,0.0003770659095607698,0.000431122345617041,6.887751169415424e-06,0.0,20,0.00046031177043914795,0.0006223323871381581,6.704162842652295e-06,0.0,22,0.0004681019636336714,0.000631077797152102,5.479435913002817e-06,0.0,16,0.00039462152926716954,0.0005217966609052382,6.292662988016673e-06,0.0,19.5
12,601,0.0002532464568503201,0.00037817671545781195,6.230061444512103e-06,0.0,20,0.0003143330104649067,0.00044614062062464654,7.109093075996498e-06,0.0,19,0.0004231548809912056,0.0006049731164239347,7.043294772302033e-06,0.0,22,0.0004106691631022841,0.0005802445230074227,5.642217274726136e-06,0.0,16,0.0003503508778521791,0.000502383743878454,6.506166641884192e-06,0.0,19.25
13,651,0.00024244413361884654,0.0003596984897740185,6.3248685364669655e-06,0.0,19,0.0003237127384636551,0.0004245800373610109,7.313056812563445e-06,0.0,19,0.00041122297989204526,0.0005840452504344285,7.373625976470066e-06,0.0,22,0.00036646018270403147,0.0005239105084910989,5.813145889987936e-06,0.0,14,0.0003359600086696446,0.0004730585715151392,6.706174303872103e-06,0.0,18.5
14,701,0.00022977995104156435,0.000345442647812888,6.430147095670691e-06,0.0,18,0.00026544512365944684,0.00041496133781038225,7.495141289837193e-06,0.0,18,0.00039912707870826125,0.0005660276510752738,7.701619324507192e-06,0.0,22,0.0003519589954521507,0.00048335979226976633,5.960167072771583e-06,0.0,14,0.0003115777872153558,0.0004524478572420776,6.8967686956966645e-06,0.0,18.0
15,751,0.000232503647566773,0.00032648994238115847,6.570607638423098e-06,0.0,18,0.00023865883122198284,0.00038305262569338083,7.676510904275347e-06,0.0,17,0.00038922508247196674,0.0005430899909697473,8.001996320672333e-06,0.0,22,0.00034165760735049844,0.0004641525156330317,6.0970055528741796e-06,0.0,14,0.00030051129215280525,0.0004291962686693296,7.086530104061239e-06,0.0,17.75
16,801,0.0002272744313813746,0.0003108382225036621,6.706634394504363e-06,0.0,18,0.00021951730013825,0.0003693108446896076,7.861905032768846e-06,0.0,17,0.00037767065805383027,0.0005194429541006684,8.286445336125325e-06,0.0,22,0.0003442523011472076,0.0004722164012491703,6.235919045138871e-06,0.0,13,0.0002921786726801656,0.0004179521056357771,7.272725952134351e-06,0.0,17.5
17,851,0.00023009302094578743,0.00029691681265830994,6.826751814514864e-06,0.0,18,0.00019575055921450257,0.00035550203756429255,8.022362635529134e-06,0.0,17,0.0003623613156378269,0.0005126355099491775,8.521838935848791e-06,0.0,20,0.000346585875377059,0.00042855014908127487,6.323274647002108e-06,0.0,13,0.000283697692793794,0.0003984011273132637,7.4235570082237246e-06,0.0,17.0
18,901,0.0002466676523908973,0.000285057962173596,6.924123681528727e-06,0.0,18,0.00017712799308355898,0.00034035040880553424,8.177886229532305e-06,0.0,17,0.0003537383454386145,0.0004819036403205246,8.754631380725186e-06,0.0,20,0.00039225342334248126,0.00040748255560174584,6.4323353399231564e-06,0.0,13,0.000292446853563888,0.00037869864172535017,7.572244157927344e-06,0.0,17.0
19,951,0.0002138808195013553,0.00027305263211019337,7.041134722385323e-06,0.0,16,0.00016515639435965568,0.00032629893394187093,8.316224921145476e-06,0.0,17,0.0003553577116690576,0.0004501570947468281,8.978854566521477e-06,0.0,20,0.0004103663959540427,0.0003836987307295203,6.532610314025078e-06,0.0,13,0.0002861903303710278,0.0003583018478821032,7.717206131019338e-06,0.0,16.5
20,1001,0.0002046593144768849,0.0002701185876503587,7.15046189725399e-06,0.0,16,0.00015671583241783082,0.0003133052377961576,8.450078894384205e-06,0.0,16,0.00034815349499695003,0.0004257589753251523,9.192123798129614e-06,0.0,20,0.0004293060628697276,0.00036451328196562827,6.627018137805862e-06,0.0,13,0.00028470867619034834,0.0003434240206843242,7.854920681893418e-06,0.0,16.25
21,1051,0.00020016533380839974,0.0002631261886563152,7.231799827422947e-06,0.0,16,0.00015635545423720032,0.0003003181191161275,8.593432539782953e-06,0.0,16,0.0003527236985974014,0.0004061854269821197,9.394571861776058e-06,0.0,20,0.00046367364120669663,0.00034680849057622254,6.710474735882599e-06,0.0,13,0.0002932295319624245,0.00032910955633269623,7.982569741216139e-06,0.0,16.25
22,1101,0.0002079044934362173,0.00025039204047061503,7.298031960090157e-06,0.0,15,0.00014954316429793835,0.0002881243999581784,8.746924322622363e-06,0.0,16,0.000354937685187906,0.0003895253757946193,9.58101918513421e-06,0.0,20,0.00048815927584655583,0.0003308710583951324,6.786350240872707e-06,0.0,13,0.0003001361546921544,0.0003147282186546363,8.103081427179859e-06,0.0,16.0
23,1151,0.00019455549772828817,0.0002492806816007942,7.365793862845749e-06,0.0,15,0.00013719055277761072,0.0002807251294143498,8.91542458703043e-06,0.0,16,0.0003663782263174653,0.00038045583642087877,9.749197488417849e-06,0.0,20,0.000512524857185781,0.00031613121973350644,6.856052550574532e-06,0.0,13,0.0003026622835022863,0.0003066482167923823,8.22161712221714e-06,0.0,16.0
24,1201,0.00019356617121957242,0.00024452205980196595,7.411962087644497e-06,0.0,15,0.0001269289496121928,0.000272100034635514,9.07932553673163e-06,0.0,16,0.00037631660234183073,0.0003691735619213432,9.903702448355034e-06,0.0,20,0.0005294732400216162,0.0003038563299924135,6.921258318470791e-06,0.0,13,0.00030657124079880305,0.0002974129965878092,8.329062097800488e-06,0.0,16.0
25,1251,0.00019786495249718428,0.00023843230155762285,7.451605597452726e-06,0.0,15,0.00012376674567349255,0.0002649048110470176,9.240103281626943e-06,0.0,16,0.0003579301992431283,0.0003604334488045424,1.0037997526524123e-05,0.0,20,0.0005525706801563501,0.00029557253583334386,6.98109306540573e-06,0.0,12,0.0003080331443925388,0.0002898357743106317,8.42769986775238e-06,0.0,15.75
26,1301,0.00020592550572473556,0.00023387114924844354,7.4953427429136354e-06,0.0,14,0.00011884536797879264,0.00025714479852467775,9.39692745305365e-06,0.0,16,0.00035667928750626743,0.0003522610932122916,1.0154970368603244e-05,0.0,20,0.0005614766268990934,0.0002800572838168591,7.076588190102484e-06,0.0,12,0.00031073169702722225,0.000280833581200568,8.530957188668253e-06,0.0,15.5
27,1351,0.00020388852863106877,0.00023241426970344037,7.5346547419030685e-06,0.0,14,0.00011440807429607958,0.0002510172198526561,9.550941285851877e-06,0.0,16,0.0003694682673085481,0.00034410381340421736,1.025587880576495e-05,0.0,19,0.0005757480394095182,0.00027110837982036173,7.144349638110725e-06,0.0,12,0.00031587822741130367,0.0002746609206951689,8.621456117907655e-06,0.0,15.25
28,1401,0.00019165102276019752,0.0002261976624140516,7.5820094025402796e-06,0.0,13,0.00011128364712931216,0.0002438222581986338,9.702179340820294e-06,0.0,16,0.0003705957205966115,0.0003331878688186407,1.0366767128289212e-05,0.0,19,0.0005912408814765513,0.0002626446366775781,7.2087541411747225e-06,0.0,12,0.0003161928179906681,0.00026646310652722605,8.714927503206127e-06,0.0,15.0
29,1451,0.0001975347549887374,0.0002230818208772689,7.622938028362114e-06,0.0,13,0.00011171089136041701,0.00023758935276418924,9.848719855654053e-06,0.0,16,0.0003472237440291792,0.0003290375170763582,1.0447532076796051e-05,0.0,19,0.0005939502734690905,0.00025103893131017685,7.26486905477941e-06,0.0,11,0.000312604915961856,0.0002601869055069983,8.796014753897907e-06,0.0,14.75
30,1501,0.00019476505985949188,0.00022143554815556854,7.657615242351312e-06,0.0,13,0.00011997034016530961,0.000230213045142591,9.993834282795433e-06,0.0,16,0.00034870169474743307,0.0003197495243512094,1.0511489563214127e-05,0.0,19,0.0006177886971272528,0.0002449073945172131,7.31088903194177e-06,0.0,11,0.00032030644797487184,0.0002540763780416455,8.86845703007566e-06,0.0,14.75
31,1551,0.00018302797980140895,0.0002198814763687551,7.691600330872461e-06,0.0,13,0.0001221778366016224,0.00022476397862192243,1.0132487659575418e-05,0.0,16,0.0003351177438162267,0.000316914840368554,1.0563643627392594e-05,0.0,19,0.0006385813467204571,0.0002389653818681836,7.363334589172155e-06,0.0,11,0.0003197262267349288,0.0002501314193068538,8.937766551753157e-06,0.0,14.75
32,1601,0.00017768997349776328,0.00021455173555295914,7.718786946497858e-06,0.0,13,0.00010388328519184142,0.00021818680397700518,1.0263406693411525e-05,0.0,16,0.0003331732004880905,0.0003116611042059958,1.060445993061876e-05,0.0,19,0.0006522390758618712,0.00023423484526574612,7.417711003654404e-06,0.0,11,0.0003167463837598916,0.00024465862225042656,9.001091143545636e-06,0.0,14.75
33,1651,0.00017872184980660677,0.00021032652875874192,7.74535055825254e-06,0.0,13,0.0001251529174624011,0.00021221990755293518,1.0390633178758435e-05,0.0,16,0.0003428734780754894,0.0003028601058758795,1.0636415026965551e-05,0.0,19,0.0007024530204944313,0.00022987002739682794,7.466053830285091e-06,0.0,11,0.00033730031645973213,0.00023881914239609614,9.059613148565404e-06,0.0,14.75
34,1701,0.00016732099174987525,0.00020766269881278276,7.767438546579797e-06,0.0,13,0.00010009659308707342,0.00020695151761174202,1.0515033864066936e-05,0.0,16,0.0003247561980970204,0.00029915006598457694,1.066103777702665e-05,0.0,19,0.0007049389532767236,0.00022515167074743658,7.514964181609685e-06,0.0,11,0.00032427818405267317,0.00023472898828913458,9.114618592320767e-06,0.0,14.75
35,1751,0.00017071120964828879,0.00020686708739958704,7.786868991388474e-06,0.0,13,0.0001166550355264917,0.00020369705453049392,1.0633238161972258e-05,0.0,16,0.0003244637919124216,0.00029662379529327154,1.067795619746903e-05,0.0,19,0.0007788019138388336,0.00022310542408376932,7.561400252598105e-06,0.0,11,0.0003476579877315089,0.00023257334032678045,9.164865900856967e-06,0.0,14.75
36,1801,0.0002025082503678277,0.00020544257131405175,7.802787877153605e-06,0.0,13,9.634264279156923e-05,0.00019871698168572038,1.0745802683231886e-05,0.0,16,0.0003243453975301236,0.0002886633446905762,1.0692358046071604e-05,0.0,19,0.000804356241133064,0.00022076799359638244,7.6076994446339086e-06,0.0,11,0.00035688813295564614,0.0002283977228216827,9.212162012772751e-06,0.0,14.75
37,1851,0.00016224992577917874,0.0001998356165131554,7.814684067852795e-06,0.0,13,0.00010511143045732751,0.00019477280147839338,1.085047006199602e-05,0.0,16,0.00031947827665135264,0.0002827348653227091,1.0701133760449011e-05,0.0,19,0.0008296406595036387,0.0002202106115873903,7.649850886082277e-06,0.0,11,0.0003541200730978744,0.00022438847372541204,9.254034694095026e-06,0.0,14.75
38,1901,0.0001611246116226539,0.0001981767127290368,7.830735739844386e-06,0.0,13,9.970348764909431e-05,0.00019175901252310723,1.0951284821203444e-05,0.0,16,0.00031726493034511805,0.0002809444267768413,1.0707763976824936e-05,0.0,19,0.0008740061311982572,0.00022054855071473867,7.69287726143375e-06,0.0,11,0.00036302479020378087,0.000222857175685931,9.295665449826629e-06,0.0,14.75
39,1951,0.0001547341380501166,0.00019570483709685504,7.839794307074044e-06,0.0,13,9.764445712789893e-05,0.00018860276031773537,1.1040831850550603e-05,0.0,16,0.00031595706241205335,0.0002774849708657712,1.071160841092933e-05,0.0,19,0.0009418493136763573,0.00022278791584540159,7.732929589110427e-06,0.0,11,0.00037754624281660654,0.0002211451210314408,9.3312910394161e-06,0.0,14.75
40,2001,0.00016255619993899018,0.00019447688828222454,7.847690540074836e-06,0.0,13,8.890249591786414e-05,0.00018665370589587837,1.1124511729576625e-05,0.0,16,0.00032407892285846174,0.00026993604842573404,1.071379392669769e-05,0.0,19,0.000988769461400807,0.00022430528770200908,7.771553100610618e-06,0.0,11,0.00039107677002903074,0.0002188429825764615,9.364387324239942e-06,0.0,14.75
41,2051,0.00016064677038230002,0.00019663413695525378,7.852513590478338e-06,0.0,13,8.924124267650768e-05,0.00018303994147572666,1.120255546993576e-05,0.0,16,0.0003167096874676645,0.00026936802896670997,1.0713966730691027e-05,0.0,19,0.0010107472771778703,0.000224628223804757,7.810415809217375e-06,0.0,11,0.0003943362444260856,0.00021841758280061185,9.394862900080625e-06,0.0,14.75
42,2101,0.00015064387116581202,0.00019242028065491468,7.85696192906471e-06,0.0,13,8.999818965094164e-05,0.0001806898508220911,1.1272562005615328e-05,0.0,16,0.0003138603060506284,0.00026330287801101804,1.071486076398287e-05,0.0,19,0.0010384812485426664,0.0002275654551340267,7.846833796065766e-06,0.0,11,0.00039824590385251213,0.00021599461615551263,9.422804623682168e-06,0.0,14.75
43,2151,0.000152331092976965,0.000190476217539981,7.859041033952963e-06,0.0,13,9.292076720157638e-05,0.00017970016051549464,1.1333507245581131e-05,0.0,16,0.0003167332906741649,0.0002763593220151961,1.0715074495237786e-05,0.0,18,0.0010555119952186942,0.0002280447952216491,7.88135002949275e-06,0.0,11,0.0004043742865178501,0.0002186451238230802,9.447243201066158e-06,0.0,14.5
44,2201,0.00015682904631830752,0.00018953447579406202,7.860151526983827e-06,0.0,13,8.721046469872817e-05,0.00017708842642605305,1.1389813153073192e-05,0.0,16,0.0003085980424657464,0.0002597364946268499,1.0719422789406963e-05,0.0,18,0.0010779669973999262,0.0002269266260555014,7.916559297882486e-06,0.0,11,0.00040765113772067707,0.0002133215057256166,9.471486691836617e-06,0.0,14.5
45,2251,0.00015161886403802782,0.00018760231614578515,7.860412551963236e-06,0.0,13,7.739482680335641e-05,0.00017728170496411622,1.1440903108450584e-05,0.0,16,0.0003052971151191741,0.00025673190248198807,1.0724562343966682e-05,0.0,18,0.0010993576142936945,0.0002300188789376989,7.949199243739713e-06,0.0,11,0.0004084171050635632,0.00021290870063239709,9.493769312030054e-06,0.0,14.5
46,2301,0.0001927475823322311,0.00018575745343696326,7.862109669076744e-06,0.0,13,7.983330579008907e-05,0.0001734302641125396,1.1484762580948882e-05,0.0,16,0.0003025904588866979,0.00025420976453460753,1.0725697393354494e-05,0.0,18,0.0010493219597265124,0.0002270449767820537,7.981856469996274e-06,0.0,11,0.0004061233266838826,0.00021011061471654102,9.513606528344098e-06,0.0,14.5
47,2351,0.00016724148008506745,0.00018409936456009746,7.86118926043855e-06,0.0,13,8.403612446272746e-05,0.00017152314831037074,1.1524614819791168e-05,0.0,16,0.00030399998649954796,0.00025103113148361444,1.073251314664958e-05,0.0,18,0.0010731439106166363,0.00022567709675058722,8.014678314793855e-06,0.0,11,0.0004071053754159948,0.00020808268527616747,9.533248885418288e-06,0.0,14.5
48,2401,0.00015775299107190222,0.00018229277338832617,7.860719051677734e-06,0.0,13,7.450261182384565e-05,0.00016999845684040338,1.1558122423593886e-05,0.0,16,0.00030815647915005684,0.0002505436132196337,1.073912517313147e-05,0.0,18,0.0011125364108011127,0.00022835403797216713,8.04826595413033e-06,0.0,11,0.00041323712321172934,0.0002077972203551326,9.551558150633355e-06,0.0,14.5
49,2451,0.0001618020614841953,0.00018087563512381166,7.859098332119174e-06,0.0,13,7.984718831721693e-05,0.00016791524831205606,1.1588334928092081e-05,0.0,16,0.0003103927883785218,0.0002459409006405622,1.0749259672593325e-05,0.0,18,0.001040556700900197,0.00022349483333528042,8.078324754023924e-06,0.0,11,0.00039814968477003276,0.00020455665435292758,9.568754421707126e-06,0.0,14.5
50,2501,0.00016292152577079833,0.00017978163668885827,7.859608558646869e-06,0.0,13,6.953397678444162e-05,0.00016662025882396847,1.1612402886385098e-05,0.0,16,0.0003004944883286953,0.00024461327120661736,1.0762364581751171e-05,0.0,18,0.001058940659277141,0.0002241723268525675,8.109876034723129e-06,0.0,11,0.0003979726625402691,0.0002037968733930029,9.586063015376567e-06,0.0,14.5
51,2551,0.00017130874039139599,0.0001784439809853211,7.857220225560013e-06,0.0,13,7.427752279909328e-05,0.00016334405518136919,1.1634308975772001e-05,0.0,16,0.00029592346982099116,0.0002432385372230783,1.0772409950732253e-05,0.0,18,0.0010420407634228468,0.00022325958707369864,8.141495527524967e-06,0.0,11,0.0003958876241085818,0.0002020715401158668,9.601358669897309e-06,0.0,14.5
52,2601,0.0001609784667380154,0.0001766709319781512,7.855872354411986e-06,0.0,13,6.917748396517709e-05,0.00016079869237728417,1.1651900422293693e-05,0.0,16,0.00029754775459878147,0.00023976237571332604,1.0781260243675206e-05,0.0,18,0.0010529056889936328,0.00022334592358674854,8.172093657776713e-06,0.0,11,0.0003951523485739017,0.0002001444809138775,9.6152816695394e-06,0.0,14.5
53,2651,0.0001657802058616653,0.0001757937716320157,7.853584975237027e-06,0.0,13,7.223610737128183e-05,0.00015854772937018424,1.166352831205586e-05,0.0,16,0.00029562762938439846,0.00023863765818532556,1.0792444300022908e-05,0.0,18,0.0010233373614028096,0.00022037791495677084,8.204569894587621e-06,0.0,11,0.0003892453260050388,0.0001983392685360741,9.628531870475854e-06,0.0,14.5
54,2701,0.00016971569857560098,0.00017470991588197649,7.855384865251835e-06,0.0,13,7.005488441791385e-05,0.00015637579781468958,1.1674625966406893e-05,0.0,16,0.00029556284425780177,0.00023667966888751835,1.0804961675603408e-05,0.0,18,0.0009772031335160136,0.00021512324747163802,8.237376277975272e-06,0.0,11,0.00037813414019183256,0.0001957221575139556,9.643087196309352e-06,0.0,14.5
55,2751,0.00016563202370889485,0.000172643645782955,7.852610906411428e-06,0.0,13,6.807969475630671e-05,0.00015423697186633945,1.1683227967296261e-05,0.0,16,0.0002931562776211649,0.00023422054073307663,1.0814764209499117e-05,0.0,18,0.0009970933897420764,0.0002163464087061584,8.270537364296615e-06,0.0,11,0.0003809903464571107,0.00019436189177213237,9.655285111875855e-06,0.0,14.5
56,2801,0.00018390915647614747,0.00017252042016480118,7.853801434976049e-06,0.0,13,8.467024599667639e-05,0.000150663559907116,1.1689266102621332e-05,0.0,16,0.00030128686921671033,0.00023150253400672227,1.0823619049915578e-05,0.0,18,0.0009571954724378884,0.00021192395070102066,8.30701355880592e-06,0.0,11,0.00038176543603185564,0.00019165261619491503,9.66842503657972e-06,0.0,14.5
57,2851,0.00016651021724101156,0.00017093012866098434,7.85101656219922e-06,0.0,13,7.277925033122301e-05,0.00014938921958673745,1.1695224202412646e-05,0.0,16,0.00030148314544931054,0.00022873375564813614,1.0829957318492234e-05,0.0,18,0.0009429105557501316,0.00021106464555487037,8.342735782207455e-06,0.0,11,0.0003709207921929192,0.00019002943736268207,9.679733466327889e-06,0.0,14.5
58,2901,0.0001738362043397501,0.00016929276171140373,7.851108421164099e-06,0.0,13,7.350606756517664e-05,0.00014619907597079873,1.1698681191774085e-05,0.0,16,0.0002944717416539788,0.00022771467047277838,1.0836425644811243e-05,0.0,18,0.0009393689688295126,0.00021035732061136514,8.379342034459114e-06,0.0,11,0.00037029574559710454,0.0001883909571915865,9.691389323052135e-06,0.0,14.5
59,2951,0.00017622436280362308,0.0001689640193944797,7.85116571933031e-06,0.0,13,7.319840369746089e-05,0.00014311636914499104,1.1701111361617222e-05,0.0,16,0.0002891856129281223,0.00022481491032522172,1.0841283256013412e-05,0.0,18,0.0008947740425355732,0.00020602905715350062,8.416236596531235e-06,0.0,11,0.0003583456054911949,0.00018573108900454827,9.702449233373045e-06,0.0,14.5
60,3001,0.00021750919404439628,0.00016671967750880867,7.8524935815949e-06,0.0,13,7.380298484349623e-05,0.0001400113687850535,1.1722003364411648e-05,0.0,16,0.000288668874418363,0.000221380585571751,1.0845810720638838e-05,0.0,18,0.0009058819268830121,0.0002073717041639611,8.454660928691737e-06,0.0,11,0.0003714657450473169,0.00018387083400739357,9.71874214883428e-06,0.0,14.5
61,3051,0.00018432651995681226,0.00016643948038108647,7.8559305620729e-06,0.0,13,0.00011317164899082854,0.000137290422571823,1.1738179637177382e-05,0.0,15,0.0002859513333532959,0.00021902821026742458,1.0849138561752625e-05,0.0,18,0.0008606325136497617,0.0002023543493123725,8.49407570058247e-06,0.0,11,0.0003610205039876746,0.00018127811563317664,9.734331115396344e-06,0.0,14.25
62,3101,0.0001790552632883191,0.00016493773728143424,7.855629519326612e-06,0.0,13,7.571270543849096e-05,0.00013663772551808506,1.174242152046645e-05,0.0,15,0.00028609437867999077,0.00021685297542717308,1.085160329239443e-05,0.0,18,0.000861290842294693,0.00020178279373794794,8.534640073776245e-06,0.0,11,0.00035053829742537346,0.00018005280799116008,9.746073601490934e-06,0.0,14.25
63,3151,0.00018033021478913724,0.00016422082262579352,7.858478966227267e-06,0.0,13,7.049208215903491e-05,0.00013366145140025765,1.173985128843924e-05,0.0,15,0.000278511579381302,0.00021187326638028026,1.0855610526050441e-05,0.0,18,0.0008515850640833378,0.00020106829470023513,8.577644621254876e-06,0.0,11,0.000345229735103203,0.00017770595877664164,9.757896350492956e-06,0.0,14.25
64,3201,0.00018781080143526196,0.00016257178504019976,7.860340701881796e-06,0.0,13,7.168986485339701e-05,0.00013158096408005804,1.1734417057596147e-05,0.0,15,0.00028374389512464404,0.00020758480241056532,1.0858225323318038e-05,0.0,18,0.0008125908789224923,0.00019445329962763935,8.62025535752764e-06,0.0,11,0.0003389588600839488,0.00017404771278961562,9.768309610080905e-06,0.0,14.25
65,3251,0.0001882262440631166,0.0001611206098459661,7.863955033826642e-06,0.0,13,7.732906669843942e-05,0.00012884565512649715,1.1729520338121802e-05,0.0,15,0.000288932555122301,0.00020637499983422458,1.0860135262191761e-05,0.0,18,0.0008214337867684662,0.00019480116316117346,8.663375410833396e-06,0.0,11,0.0003439804131630808,0.00017278560699196532,9.7792465112434e-06,0.0,14.25
66,3301,0.00019171035091858357,0.00015847226313780993,7.866626219765749e-06,0.0,13,7.08404986653477e-05,0.00012545697973109782,1.1725512194971088e-05,0.0,15,0.0002778627385850996,0.0002023879496846348,1.0861585906241089e-05,0.0,18,0.0007942913798615336,0.00019253049686085433,8.70777694217395e-06,0.0,11,0.0003336762420076411,0.00016971192235359922,9.79037531578797e-06,0.0,14.25
67,3351,0.00020178868726361543,0.00015925703337416053,7.869891305745114e-06,0.0,13,7.369507511612028e-05,0.00012322879047133029,1.1719503163476475e-05,0.0,15,0.00028008478693664074,0.00020015689369756728,1.086262273020111e-05,0.0,18,0.0007696537068113685,0.00018727773567661643,8.752583198656794e-06,0.0,11,0.00033130556403193623,0.00016748011330491863,9.801150099519873e-06,0.0,14.25
68,3401,0.0002005639544222504,0.00015718919166829437,7.87282351666363e-06,0.0,13,7.48619349906221e-05,0.00012060591689078137,1.1716028893715702e-05,0.0,15,0.0002856130595318973,0.00019561522640287876,1.0863172974495683e-05,0.0,17,0.0007742178277112544,0.0001870676060207188,8.797715963737573e-06,0.0,11,0.00033381419416400604,0.00016511948524566833,9.812435337153147e-06,0.0,14.0
69,3451,0.00020171322103124112,0.00015622428327333182,7.876398740336299e-06,0.0,13,7.659890979994088e-05,0.00011716160224750638,1.1712420928233769e-05,0.0,15,0.00027203146601095796,0.00019542306836228818,1.0855090295081027e-05,0.0,17,0.0007642486598342657,0.00018640371854417026,8.8448732640245e-06,0.0,11,0.0003286480641691014,0.00016380316810682416,9.822195806918899e-06,0.0,14.0
70,3501,0.00020440344815142453,0.0001552052708575502,7.879081749706529e-06,0.0,13,7.098456262610853e-05,0.00011400556104490533,1.170908672065707e-05,0.0,15,0.0002696945157367736,0.00019537017215043306,1.0867282071558293e-05,0.0,17,0.0007431434351019561,0.00018292358436156064,8.890076060197316e-06,0.0,11,0.0003220564904040657,0.0001618761471036123,9.836381650529802e-06,0.0,14.0
71,3551,0.0002023621491389349,0.00015441222058143467,7.882701538619585e-06,0.0,13,7.288395863724872e-05,0.000111906134407036,1.1706120858434588e-05,0.0,15,0.0002671740367077291,0.00019423635967541486,1.0880836271098815e-05,0.0,17,0.0007300430443137884,0.0001781889150151983,8.936718586483039e-06,0.0,11,0.0003181157971994253,0.00015968590741977096,9.851594313659007e-06,0.0,14.0
72,3601,0.00020159919222351164,0.0001538813958177343,7.88748457125621e-06,0.0,13,7.089176506269723e-05,0.00010813651169883087,1.170421910501318e-05,0.0,15,0.00026634850655682385,0.00019272163626737893,1.089088800654281e-05,0.0,17,0.0007173929479904473,0.000176243411260657,8.980957318271976e-06,0.0,11,0.00031405810295837,0.00015774573876115028,9.865887250271044e-06,0.0,14.0
73,3651,0.00021445020684041083,0.00015568621165584773,7.888664185884409e-06,0.0,13,7.59130489313975e-05,0.00010670606570784003,1.1700893082888797e-05,0.0,15,0.0002668884990271181,0.00019024794164579362,1.0899261724262033e-05,0.0,17,0.0007070249412208796,0.0001764999469742179,9.025839972309768e-06,0.0,11,0.0003160691740049515,0.00015728504149592482,9.878664741336252e-06,0.0,14.0
74,3701,0.0002429493615636602,0.00015531059761997312,7.892966095823795e-06,0.0,13,7.234893564600497e-05,0.00010262508294545114,1.1701265066221822e-05,0.0,15,0.00026531610637903214,0.0001873858564067632,1.090743717213627e-05,0.0,17,0.0006917831487953663,0.00017487831064499915,9.070248779607937e-06,0.0,11,0.0003180993880960159,0.00015504996190429665,9.892979278447456e-06,0.0,14.0
75,3751,0.00025360670406371355,0.00015397222887258977,7.896076567703858e-06,0.0,13,7.43327327654697e-05,0.00010035685409093276,1.1706581972248387e-05,0.0,14,0.00026691093808040023,0.0001863698853412643,1.0913268852164038e-05,0.0,17,0.0006715325871482491,0.00017192706582136452,9.113322448683903e-06,0.0,11,0.00031659574051445816,0.00015315650853153784,9.907312460200046e-06,0.0,13.75
76,3801,0.0002341775834793225,0.00015091347449924797,7.898864168964792e-06,0.0,13,7.653354259673506e-05,9.624249651096761e-05,1.1714876563928556e-05,0.0,14,0.00026022427482530475,0.00018481904407963157,1.0916900464508217e-05,0.0,17,0.0006609675474464893,0.00016793448594398797,9.156251508102287e-06,0.0,11,0.0003079757370869629,0.00014997737525845878,9.921723176375963e-06,0.0,13.75
77,3851,0.00023231490922626108,0.00015149899991229177,7.904056474217214e-06,0.0,13,7.356284913839772e-05,9.58196833380498e-05,1.1721479495463427e-05,0.0,14,0.0002551657962612808,0.00018286582781001925,1.091980539058568e-05,0.0,17,0.0006421327707357705,0.00016580948431510478,9.196791324939113e-06,0.0,11,0.0003007940813404275,0.0001489984988438664,9.935533171301358e-06,0.0,13.75
78,3901,0.00023472374596167356,0.00015062933380249888,7.907729923317675e-06,0.0,13,9.46959262364544e-05,9.360106923850253e-05,1.1726981938409153e-05,0.0,14,0.000258618121733889,0.00017909318557940423,1.0921846296696458e-05,0.0,17,0.0006341582047753036,0.00016551886801607907,9.238610800821334e-06,0.0,11,0.00030554899967683014,0.00014721061415912118,9.948792239811155e-06,0.0,13.75
79,3951,0.000238075343077071,0.00015121465548872948,7.91110778664006e-06,0.0,13,7.245437154779211e-05,9.131838305620477e-05,1.1731584891094826e-05,0.0,14,0.0002621566818561405,0.00017903804837260395,1.0921527973550837e-05,0.0,17,0.0006250958540476859,0.00016582335229031742,9.274631338485051e-06,0.0,11,0.00029944556263217237,0.0001468486098019639,9.959712997442693e-06,0.0,13.75
80,4001,0.00024062732700258493,0.00015188651741482317,7.914513844298199e-06,0.0,13,7.08658408257179e-05,9.071313979802653e-05,1.17358804345713e-05,0.0,14,0.00026366341626271605,0.00017582022701390088,1.0921055036305916e-05,0.0,17,0.0005890132742933929,0.00016227606101892889,9.31250451685628e-06,0.0,11,0.00029104246459610295,0.00014517398631141987,9.970988458007923e-06,0.0,13.75
81,4051,0.0002461476542521268,0.00015233753947541118,7.918846677057445e-06,0.0,13,6.835543899796903e-05,8.782712393440306e-05,1.1739792171283625e-05,0.0,14,0.0002499266993254423,0.00017343382933177054,1.0918889529420994e-05,0.0,17,0.0005867747240699828,0.00015994634304661304,9.34858326218091e-06,0.0,11,0.00028780112916138023,0.00014338620894704945,9.981527909985743e-06,0.0,13.75
82,4101,0.00024915969697758555,0.00015275695477612317,7.922666554804891e-06,0.0,13,7.205758447526023e-05,8.831203740555793e-05,1.1743403774744365e-05,0.0,14,0.0002500867412891239,0.00017178032430820167,1.0916771316260565e-05,0.0,17,0.0005848017754033208,0.00016009612591005862,9.384316399518866e-06,0.0,11,0.0002890264495363226,0.00014323636059998535,9.991789511332172e-06,0.0,13.75
83,4151,0.00025698269018903375,0.0001547580905025825,7.923870725790039e-06,0.0,13,7.663550059078261e-05,8.629173680674285e-05,1.174664794234559e-05,0.0,14,0.0002467725716996938,0.0001701345609035343,1.0912335710600019e-05,0.0,17,0.0005659542512148619,0.00015892345982138067,9.415603926754557e-06,0.0,11,0.000286586253423593,0.00014252696200856008,9.99961457637255e-06,0.0,13.75
84,4201,0.00026847675326280296,0.00015619373880326748,7.929218554636464e-06,0.0,13,6.776329246349633e-05,8.52640368975699e-05,1.1749121767934412e-05,0.0,14,0.0002523852454032749,0.0001684967865003273,1.0909353477472905e-05,0.0,17,0.0005548977060243487,0.00015678571071475744,9.44624116527848e-06,0.0,11,0.00028588074928848073,0.00014168506822898053,1.0008483741330565e-05,0.0,13.75
85,4251,0.0002773995802272111,0.00015811958292033523,7.932665539556183e-06,0.0,13,6.87649953761138e-05,8.562394214095548e-05,1.1749795703508426e-05,0.0,14,0.00025303917936980724,0.000165969438967295,1.0904223927354906e-05,0.0,17,0.0005570761859416962,0.00015778829401824623,9.476068044023123e-06,0.0,11,0.0002890699852287071,0.00014187531451170798,1.001568830361066e-05,0.0,13.75
86,4301,0.0002797868801280856,0.0001591302134329453,7.935312169138342e-06,0.0,13,7.111359445843846e-05,8.413247996941209e-05,1.1750225894502364e-05,0.0,14,0.00024002417922019958,0.00016422913176938891,1.0898407708737068e-05,0.0,17,0.0005466801230795681,0.00015541529865004122,9.506698916084133e-06,0.0,11,0.00028440119422157295,0.00014072678095544688,1.0022661172115477e-05,0.0,13.75
87,4351,0.00028249251772649586,0.00015901523875072598,7.93674189480953e-06,0.0,13,7.757207640679553e-05,8.226011414080858e-05,1.1749621080525685e-05,0.0,14,0.00024203468638006598,0.00016192981274798512,1.0893988473981153e-05,0.0,17,0.0005324027733877301,0.0001555407070554793,9.536800462228712e-06,0.0,11,0.0002836255134752719,0.00013968646817374974,1.002928797788627e-05,0.0,13.75
88,4401,0.00029012851882725954,0.00015969491505529732,7.940371688164305e-06,0.0,13,6.771586777176708e-05,8.242363401222974e-05,1.1747921234928071e-05,0.0,14,0.0002454773639328778,0.00016136557678692043,1.0886339623539243e-05,0.0,17,0.0005427811411209404,0.00015449953207280487,9.562509148963727e-06,0.0,11,0.0002865257229132112,0.0001394959144818131,1.0034285423898837e-05,0.0,13.75
89,4451,0.00030182203045114875,0.0001604576245881617,7.943352102302015e-06,0.0,13,7.304447353817523e-05,8.249996608356014e-05,1.174546287074918e-05,0.0,14,0.00024148248485289514,0.00015828169125597924,1.088008502847515e-05,0.0,17,0.0005297595635056496,0.00015320580860134214,9.588217835698742e-06,0.0,11,0.00028652713808696717,0.0001386112726322608,1.0039279459306272e-05,0.0,13.75
90,4501,0.00030355562921613455,0.0001604481367394328,7.945459401526023e-06,0.0,13,7.746645860606804e-05,8.206628262996674e-05,1.1742475180653855e-05,0.0,14,0.00023799118935130537,0.00015704755787737668,1.0875562111323234e-05,0.0,17,0.0005140496650710702,0.0001535594929009676,9.613471775082871e-06,0.0,11,0.00028326573556114454,0.00013828036753693596,1.0044242117146496e-05,0.0,13.75
91,4551,0.00029397924663499,0.0001617349626030773,7.947536687424872e-06,0.0,13,6.735884380759671e-05,7.98457331256941e-05,1.1739118235709611e-05,0.0,14,0.00024364172713831067,0.00015462565352208912,1.0866754564631265e-05,0.0,17,0.0005265462095849216,0.0001534720358904451,9.637445145926904e-06,0.0,11,0.00028288150679145474,0.0001374195962853264,1.0047713658423163e-05,0.0,13.75
92,4601,0.0003055145207326859,0.0001611218467587605,7.94898187450599e-06,0.0,13,0.00010498640040168539,7.914289744803682e-05,1.173466989712324e-05,0.0,14,0.0002361958468100056,0.00015317775250878185,1.086088832380483e-05,0.0,17,0.0005289172986522317,0.0001519794896012172,9.674329703557305e-06,0.0,10,0.00029390351664915215,0.0001363554965791991,1.0054717449747841e-05,0.0,13.5
93,4651,0.00030015752417966723,0.00016094089369289577,7.949939572426956e-06,0.0,13,6.845661118859425e-05,7.837695738999173e-05,1.1728607205441222e-05,0.0,14,0.00023965579748619348,0.00015115026326384395,1.085258372768294e-05,0.0,17,0.0005256473086774349,0.0001522908132756129,9.707305252959486e-06,0.0,10,0.00028347931038297247,0.00013568973190558609,1.0059608939627651e-05,0.0,13.5
94,4701,0.0003092670813202858,0.00016135975602082908,7.951150109875016e-06,0.0,13,6.60216755932197e-05,7.874372386140749e-05,1.1723777788574807e-05,0.0,14,0.00023402854276355356,0.00015001253632362932,1.0845306860574055e-05,0.0,17,0.0005363362724892795,0.0001523046230431646,9.733489605423529e-06,0.0,10,0.00028641339304158464,0.00013560515981225763,1.0063431091111852e-05,0.0,13.5
95,4751,0.0003080316528212279,0.00016173318726941943,7.951435691211373e-06,0.0,13,6.851423677289858e-05,7.851295231375843e-05,1.1717516827047803e-05,0.0,14,0.00023655325639992952,0.00014822171942796558,1.0838237358257174e-05,0.0,17,0.0005356325418688357,0.00015254160098265857,9.759123713592999e-06,0.0,10,0.0002871829219657229,0.0001352523649984505,1.0066578397527337e-05,0.0,13.5
96,4801,0.000318127655191347,0.0001606981095392257,7.952533451316413e-06,0.0,13,7.236471719807014e-05,7.829342212062329e-05,1.1710686521837488e-05,0.0,14,0.0002317782345926389,0.00014678963634651154,1.082953986042412e-05,0.0,17,0.0005212672404013574,0.00015212853031698614,9.781477274373174e-06,0.0,10,0.00028588446184585337,0.00013447742458083667,1.0068559276987799e-05,0.0,13.5
97,4851,0.0003263668331783265,0.00016186204447876662,7.953287422424182e-06,0.0,13,7.033665315248072e-05,7.762911991449073e-05,1.1704710232152138e-05,0.0,14,0.00023916376812849194,0.00014553267101291567,1.0822484000527766e-05,0.0,17,0.0005398053326644003,0.00015068089123815298,9.802563909033779e-06,0.0,10,0.00029391814678092487,0.0001339261816610815,1.0070761391034466e-05,0.0,13.5
98,4901,0.00032598237157799304,0.00016225663421209902,7.951953193696681e-06,0.0,13,6.762325938325375e-05,7.679630653001368e-05,1.1697340596583672e-05,0.0,14,0.0002316755271749571,0.00014408736024051905,1.0814617780852132e-05,0.0,17,0.0005461836699396372,0.00015024417371023446,9.818341823120136e-06,0.0,10,0.00029286620701896027,0.00013334611867321655,1.0070563348563155e-05,0.0,13.5
99,4951,0.00031518214382231236,0.00016020088514778763,7.953211024869233e-06,0.0,13,7.626110163982958e-05,7.657548121642321e-05,1.1689946404658258e-05,0.0,14,0.0002302886132383719,0.000141928467201069,1.0806546015373897e-05,0.0,17,0.0005507353926077485,0.00015045209147501737,9.839158337854315e-06,0.0,10,0.0002931168128270656,0.0001322892312600743,1.0072215445688926e-05,0.0,13.5
100,5000,0.00033969583455473185,0.00015884594176895916,7.953064596222248e-06,0.0,13,7.006156374700367e-05,7.553074101451784e-05,1.1682587683026213e-05,0.0,14,0.00023287949443329126,0.00014209163782652467,1.0796972674143035e-05,0.0,17,0.0005549368797801435,0.00014978740364313126,9.855233656708151e-06,0.0,10,0.00029939344312879257,0.00013156393106328323,1.0071964652524912e-05,0.0,13.5
