,epoch,decoder_0,sindy_x_0,reg_0,sindy_z_0,active_coeffs_0,coeff_0,decoder_1,sindy_x_1,reg_1,sindy_z_1,active_coeffs_1,coeff_1,decoder_2,sindy_x_2,reg_2,sindy_z_2,active_coeffs_2,coeff_2,decoder_3,sindy_x_3,reg_3,sindy_z_3,active_coeffs_3,coeff_3
0,0.0,0.0702208429574966,0.0028526438400149,1.9999999494757503e-05,0.0,60,0.0,0.0720761865377426,0.0017969668842852,1.9999999494757503e-05,0.0,60,0.0,0.0700995773077011,0.0021945373155176,1.9999999494757503e-05,0.0,60,0.0,0.07046739757061005,0.0019932573195546865,1.9999999494757503e-05,0.0,60,0.0
1,50.0,0.0050175348296761,0.002537177875638,1.7540960470796563e-05,0.0,60,0.0,0.0059763332828879,0.001365453354083,1.7246517018065788e-05,0.0,60,0.0,0.0048046158626675,0.0020960632245987,1.580460593686439e-05,0.0,60,0.0,0.005823358427733183,0.0016494251322001219,1.8402548448648304e-05,0.0,60,0.0
2,100.0,0.0017884671688079,0.0013168742880225,1.7185491742566228e-05,0.0,60,0.0,0.0026928805746138,0.0009517862345091,1.6399106243625283e-05,0.0,60,0.0,0.0017482378752902,0.0011746260570362,1.354690994048724e-05,0.0,60,0.0,0.001582260592840612,0.0010600985260680318,1.7684156773611903e-05,0.0,60,0.0
3,150.0,0.0008323824149556,0.0006216164329089,1.6562597011215985e-05,0.0,60,0.0,0.0009289233712479,0.0007322351448237,1.5556963262497447e-05,0.0,60,0.0,0.00081172818318,0.0006153927533887,1.4781832760490944e-05,0.0,60,0.0,0.00074558932101354,0.000528434116858989,1.7619551726966165e-05,0.0,60,0.0
4,200.0,0.0005586613551713,0.0004595133359543,1.6921878341236152e-05,0.0,60,0.0,0.0005327654071152,0.0004396463627927,1.620409602764994e-05,0.0,60,0.0,0.0004110083100385,0.0003581825876608,1.5064243598317262e-05,0.0,60,0.0,0.0005225248751230538,0.0003880694566760212,1.7444406694266945e-05,0.0,60,0.0
5,250.0,0.0004196405643597,0.0003984185168519,1.7623009625822306e-05,0.0,55,0.0,0.0003804615698754,0.0002704134676605,1.7627209672355093e-05,0.0,55,0.0,0.0002830863813869,0.0002744879166129,1.569606683915481e-05,0.0,53,0.0,0.0004121697857044637,0.0003371282364241779,1.7830163415055722e-05,0.0,56,0.0
6,300.0,0.0003395446692593,0.0003495241980999,1.848299143603072e-05,0.0,55,0.0,0.0002976150135509,0.0002237131120637,1.8799444660544395e-05,0.0,55,0.0,0.0002234814601251,0.0002311298740096,1.619499016669579e-05,0.0,53,0.0,0.0003372729988768697,0.0002970065106637776,1.841502307797782e-05,0.0,56,0.0
7,350.0,0.0002885991416405,0.0003042082826141,1.947714918060228e-05,0.0,55,0.0,0.0002398157666902,0.0001931873412104,1.9651206457638185e-05,0.0,55,0.0,0.000190078804735,0.0002030307077802,1.650215926929377e-05,0.0,53,0.0,0.0002705322694964707,0.00025942904176190495,1.915295433718711e-05,0.0,56,0.0
8,400.0,0.0002473947242833,0.0002695989969652,2.04695388674736e-05,0.0,55,0.0,0.0001952155580511,0.000165298115462,2.030377982009668e-05,0.0,55,0.0,0.0001653774816077,0.0001790204842109,1.6969912394415587e-05,0.0,53,0.0,0.00020955076615791768,0.00022027225350029767,2.0053228581673466e-05,0.0,56,0.0
9,450.0,0.0002096975513268,0.0002396090712863,2.138710988219828e-05,0.0,55,0.0,0.000159197312314,0.0001410015247529,2.0832068912568506e-05,0.0,55,0.0,0.0001427461538696,0.0001552417088532,1.7652128008194268e-05,0.0,53,0.0,0.00016206837608478963,0.00018629203259479254,2.091107307933271e-05,0.0,56,0.0
10,500.0,0.0001747690112097,0.0002128874475602,2.2166746930452064e-05,0.0,51,0.0,0.0001307136553805,0.0001243409351445,2.1312938770279288e-05,0.0,51,0.0,0.0001170331815956,0.0001323570904787,1.8516182535677217e-05,0.0,49,0.0,0.00012342704576440156,0.00016551358567085117,2.16612133954186e-05,0.0,52,0.0
11,550.0,0.0001443895744159,0.0001871432759799,2.2891890694154423e-05,0.0,51,0.0,0.000107522617327,0.0001124321715906,2.168446553696413e-05,0.0,51,0.0,9.283525287173688e-05,0.0001072772574843,1.9283805158920583e-05,0.0,49,0.0,9.745669376570731e-05,0.00013999130169395357,2.229369420092553e-05,0.0,51,0.0
12,600.0,0.000119450429338,0.0001652192731853,2.3628779672435485e-05,0.0,51,0.0,8.84512992342934e-05,0.0001027536782203,2.199135815317277e-05,0.0,51,0.0,7.26061625755392e-05,8.872761827660725e-05,1.998203333641868e-05,0.0,49,0.0,7.909753185231239e-05,0.00012000666902167723,2.3094049538485706e-05,0.0,51,0.0
13,650.0,9.895351831801236e-05,0.0001440791238564,2.449480780342128e-05,0.0,51,0.0,7.377099245786667e-05,9.32487309910357e-05,2.2324275050777945e-05,0.0,51,0.0,5.774506280431524e-05,7.48273596400395e-05,2.063218380499165e-05,0.0,49,0.0,6.749369640601799e-05,0.0001035513705573976,2.395946648903191e-05,0.0,51,0.0
14,700.0,8.16457177279517e-05,0.0001233731018146,2.526252865209244e-05,0.0,51,0.0,6.337295053526759e-05,8.406990673393011e-05,2.2708281903760508e-05,0.0,51,0.0,4.83056137454696e-05,6.478980503743514e-05,2.127234620274976e-05,0.0,49,0.0,5.855703784618527e-05,9.115853754337877e-05,2.4786029825918376e-05,0.0,51,0.0
15,750.0,6.631694122916088e-05,0.0001039593771565,2.5939154511434023e-05,0.0,46,0.1428571428571428,5.170308577362448e-05,7.843725325074047e-05,2.305692214576993e-05,0.0,48,0.0,3.967347220168449e-05,6.006960029480979e-05,2.184249387937598e-05,0.0,45,0.0,5.273173519526608e-05,8.271824481198564e-05,2.554929415055085e-05,0.0,44,0.0
16,800.0,5.439460801426321e-05,8.715839794604108e-05,2.658976336533669e-05,0.0,46,0.1428571428571428,4.462503420654684e-05,6.88892396283336e-05,2.3371710994979367e-05,0.0,48,0.0,3.331659536343068e-05,4.983071266906336e-05,2.236610816908069e-05,0.0,45,0.0,4.716573312180117e-05,7.688090408919379e-05,2.6175364837399684e-05,0.0,44,0.0
17,850.0,4.7132612962741405e-05,7.403655763482675e-05,2.7099207727587785e-05,0.0,46,0.1428571428571428,3.832756192423403e-05,6.209800631040707e-05,2.3616761609446257e-05,0.0,48,0.0,2.920671431638766e-05,4.491496292757802e-05,2.277636667713523e-05,0.0,45,0.0,4.425768929650076e-05,7.184785499703139e-05,2.672984373930376e-05,0.0,44,0.0
18,900.0,3.860734068439342e-05,6.349654722725973e-05,2.754440902208444e-05,0.0,46,0.1428571428571428,3.6768637073691934e-05,5.76188976992853e-05,2.3807873731129803e-05,0.0,48,0.0,2.4494291210430678e-05,4.032238939544186e-05,2.313568620593287e-05,0.0,45,0.0,4.115138654015027e-05,6.705903069814667e-05,2.7248463084106334e-05,0.0,44,0.0
19,950.0,3.4506083466112614e-05,5.546455940930173e-05,2.80136737274006e-05,0.0,46,0.1428571428571428,3.216468030586839e-05,5.295746814226732e-05,2.397422940703109e-05,0.0,48,0.0,2.151405351469293e-05,3.673036553664133e-05,2.343606138310861e-05,0.0,45,0.0,4.056892794324085e-05,6.316950748441741e-05,2.7726200642064214e-05,0.0,44,0.0
20,1000.0,2.927873356384225e-05,4.718359559774399e-05,2.8409225706127472e-05,0.0,46,0.1428571428571428,2.495123226253781e-05,4.9902046157512814e-05,2.4123866751324385e-05,0.0,42,0.1428571428571428,1.84652344614733e-05,3.3341493690386415e-05,2.368794594076462e-05,0.0,43,0.0,3.856925468426198e-05,5.885314385523088e-05,2.816318374243565e-05,0.0,41,0.0
21,1050.0,2.5242668925784528e-05,4.152094334131107e-05,2.874020538001787e-05,0.0,46,0.1428571428571428,2.199726623075549e-05,4.4925647671334445e-05,2.4247301553259604e-05,0.0,42,0.1428571428571428,1.6722276996006258e-05,3.038482645933982e-05,2.3918146325740963e-05,0.0,43,0.0,3.3640972105786204e-05,5.430774035630748e-05,2.858378502423875e-05,0.0,41,0.0
22,1100.0,2.204815973527729e-05,3.651937004178762e-05,2.903553468058817e-05,0.0,46,0.1428571428571428,1.989403972402215e-05,4.16019101976417e-05,2.4373544874833897e-05,0.0,42,0.1428571428571428,1.401011468260549e-05,2.807422788464464e-05,2.4122497052303515e-05,0.0,43,0.0,3.270565503044054e-05,5.025926657253876e-05,2.897843296523206e-05,0.0,41,0.0
23,1150.0,2.0527268134173937e-05,3.2085386919789016e-05,2.931211383838672e-05,0.0,46,0.1428571428571428,1.827170308388304e-05,3.858383934129961e-05,2.4486751499352977e-05,0.0,42,0.1428571428571428,1.2585697731992695e-05,2.609646617202088e-05,2.429201776976697e-05,0.0,43,0.0,3.1248862796928734e-05,4.648476533475332e-05,2.9338430977077223e-05,0.0,41,0.0
24,1200.0,1.77803412952926e-05,2.940330159617588e-05,2.9587517929030582e-05,0.0,46,0.1428571428571428,1.957307358679828e-05,3.620667121140286e-05,2.4577257136115804e-05,0.0,42,0.1428571428571428,1.2149297617725097e-05,2.452005355735309e-05,2.443133962515276e-05,0.0,43,0.0,2.9151129638194107e-05,4.276445906725712e-05,2.9685481422347948e-05,0.0,41,0.0
25,1250.0,1.682064430497121e-05,2.594635952846147e-05,2.980522003781516e-05,0.0,44,0.1428571428571428,1.750560841173865e-05,3.352636122144759e-05,2.465280704200268e-05,0.0,40,0.1428571428571428,1.1067981176893228e-05,2.2915995941730216e-05,2.4543056497350332e-05,0.0,43,0.0,2.7820991817861795e-05,3.914018452633172e-05,3.002942685270682e-05,0.0,40,0.0
26,1300.0,1.53122946358053e-05,2.3764563593431376e-05,2.995525755977724e-05,0.0,44,0.1428571428571428,1.538623655505944e-05,3.1223818950820714e-05,2.472010237397626e-05,0.0,40,0.1428571428571428,9.770546967047268e-06,2.119199962180573e-05,2.463054988766089e-05,0.0,43,0.0,2.5635428755776957e-05,3.630177889135666e-05,3.0290915674413554e-05,0.0,40,0.0
27,1350.0,1.3597589713754132e-05,2.212269464507699e-05,3.006126280524768e-05,0.0,44,0.1428571428571428,1.4602046576328576e-05,2.905182191170752e-05,2.4752398530836217e-05,0.0,40,0.1428571428571428,9.762527042767031e-06,1.9995721231680363e-05,2.469957689754665e-05,0.0,43,0.0,2.4172088160412386e-05,3.378586552571505e-05,3.053555337828584e-05,0.0,40,0.0
28,1400.0,1.2763570339302532e-05,2.05825999728404e-05,3.0122710086288865e-05,0.0,44,0.1428571428571428,1.5335530406446196e-05,2.790725375234615e-05,2.4781315005384386e-05,0.0,40,0.1428571428571428,8.540591807104647e-06,1.857157985796221e-05,2.4746374037931677e-05,0.0,43,0.0,2.286496601300314e-05,3.134263170068152e-05,3.076065331697464e-05,0.0,40,0.0
29,1450.0,1.3030194168095475e-05,1.8979591914103366e-05,3.014244794030673e-05,0.0,44,0.1428571428571428,1.4450954040512444e-05,2.6678484573494643e-05,2.4796510842861608e-05,0.0,40,0.1428571428571428,8.120290658553131e-06,1.778456862666644e-05,2.477540692780167e-05,0.0,43,0.0,2.1598805687972344e-05,2.9144357540644705e-05,3.096155705861747e-05,0.0,40,0.0
30,1500.0,1.1264875865890644e-05,1.7870086594484746e-05,3.0125049306661825e-05,0.0,42,0.1428571428571428,1.3015299373364542e-05,2.522140312066768e-05,2.47991229116451e-05,0.0,38,0.1428571428571428,1.2113820048398338e-05,1.7234979168279096e-05,2.478897476976272e-05,0.0,42,0.0,1.9540279026841745e-05,2.7307425625622272e-05,3.114093851763755e-05,0.0,40,0.0
31,1550.0,1.0990861483151091e-05,1.6803855032776482e-05,3.009023566846736e-05,0.0,42,0.1428571428571428,1.2325432180659844e-05,2.413508809695486e-05,2.480954390193801e-05,0.0,38,0.1428571428571428,7.5019715950475074e-06,1.597758637217339e-05,2.4806266083032824e-05,0.0,42,0.0,1.8571496184449643e-05,2.576334372861311e-05,3.130075128865428e-05,0.0,40,0.0
32,1600.0,1.110467746912036e-05,1.5700625226600096e-05,3.003640267706941e-05,0.0,42,0.1428571428571428,1.3183018381823786e-05,2.3377742763841525e-05,2.4792909243842587e-05,0.0,38,0.1428571428571428,8.413423529418651e-06,1.4718931197421624e-05,2.479421164025553e-05,0.0,42,0.0,1.7244434275198728e-05,2.42630994762294e-05,3.143647700198926e-05,0.0,40,0.0
33,1650.0,1.0518603630771397e-05,1.5346640793723054e-05,2.996307739522308e-05,0.0,42,0.1428571428571428,9.711797247291544e-06,2.224527815997135e-05,2.477133421052713e-05,0.0,38,0.1428571428571428,1.533645081508439e-05,1.5072700080054346e-05,2.477155612723436e-05,0.0,42,0.0,1.595024332345929e-05,2.272083656862378e-05,3.156027014483698e-05,0.0,40,0.0
34,1700.0,9.434283128939567e-06,1.4400131476577371e-05,2.9872915547457524e-05,0.0,42,0.1428571428571428,1.0214538633590564e-05,2.178536851715762e-05,2.47414100158494e-05,0.0,38,0.1428571428571428,8.753487236390356e-06,1.3838249287800863e-05,2.4753091565798968e-05,0.0,42,0.0,1.5264658941305242e-05,2.151973603758961e-05,3.1665847927797586e-05,0.0,40,0.0
35,1750.0,1.0982961612171492e-05,2.18617897189688e-05,2.9772760171908885e-05,0.0,38,0.1428571428571428,9.379338735016065e-06,2.058587051578797e-05,2.470381514285691e-05,0.0,38,0.1428571428571428,5.243369287200039e-06,1.327260906691663e-05,2.4721704903640784e-05,0.0,40,0.0,1.3837467122357339e-05,2.0019797375425696e-05,3.176569953211583e-05,0.0,39,0.0
36,1800.0,8.334662197739817e-06,1.3374393347476143e-05,2.966094689327292e-05,0.0,38,0.1428571428571428,9.065637641469948e-06,2.003253757720813e-05,2.465869147272315e-05,0.0,38,0.1428571428571428,5.226200300967321e-06,1.2641728062590118e-05,2.4629869585623965e-05,0.0,40,0.0,1.3574157492257655e-05,1.8668812117539346e-05,3.1861465686233714e-05,0.0,39,0.0
37,1850.0,1.0532778105698526e-05,1.3013243005843831e-05,2.955473792098928e-05,0.0,38,0.1428571428571428,8.20408240542747e-06,1.9273848010925576e-05,2.4604943973827176e-05,0.0,38,0.1428571428571428,7.803198059264105e-06,1.1974507287959568e-05,2.4542221581214108e-05,0.0,40,0.0,1.3291867617226671e-05,1.8168249880545773e-05,3.194730379618704e-05,0.0,39,0.0
38,1900.0,8.698965757503174e-06,1.2455788237275556e-05,2.9461591111612503e-05,0.0,38,0.1428571428571428,8.845836418913677e-06,1.8917920897365548e-05,2.454467903589829e-05,0.0,38,0.1428571428571428,5.675847205566242e-06,1.203388728754362e-05,2.4463655790896155e-05,0.0,40,0.0,1.2563331438286696e-05,1.6614752894383855e-05,3.2020816433941945e-05,0.0,39,0.0
39,1950.0,7.530134098487906e-06,1.1916917173948605e-05,2.935882184829097e-05,0.0,38,0.1428571428571428,9.819485057960264e-06,1.859100666479208e-05,2.4478695195284672e-05,0.0,38,0.1428571428571428,5.267221695248736e-06,1.1408843420213088e-05,2.437920556985773e-05,0.0,40,0.0,1.1155218089697883e-05,1.616386725800112e-05,3.2083524274639785e-05,0.0,39,0.0
40,2000.0,7.664428267162293e-06,1.36037288029911e-05,2.9248843929963183e-05,0.0,37,0.1428571428571428,8.302476089738775e-06,1.8032022126135416e-05,2.4409057004959323e-05,0.0,38,0.1428571428571428,5.261263595457422e-06,1.1008323781425132e-05,2.4290002329507843e-05,0.0,40,0.0,1.1627574167505372e-05,1.4937151718186215e-05,3.213278250768781e-05,0.0,39,0.0
41,2050.0,6.880717592139263e-06,1.130678538174834e-05,2.912769741669763e-05,0.0,37,0.1428571428571428,7.649624421901535e-06,1.752567186485976e-05,2.433385088806972e-05,0.0,38,0.1428571428571428,6.109272817411693e-06,1.0902751455432735e-05,2.41973339143442e-05,0.0,40,0.0,1.1559215636225417e-05,1.5009402886789758e-05,3.216906770830974e-05,0.0,39,0.0
42,2100.0,7.209653631434776e-06,1.0937943443423135e-05,2.9004044336033985e-05,0.0,37,0.1428571428571428,7.381529940175824e-06,1.7111320630647242e-05,2.4254166419268582e-05,0.0,38,0.1428571428571428,4.719398930319585e-06,1.0676600140868686e-05,2.410039815003984e-05,0.0,40,0.0,9.708219295134768e-06,1.3554868928622454e-05,3.219566497136839e-05,0.0,39,0.0
43,2150.0,7.4868635238090064e-06,1.0535800356592516e-05,2.888173003157135e-05,0.0,37,0.1428571428571428,9.496014172327705e-06,1.6692065401002765e-05,2.4193426725105383e-05,0.0,38,0.1428571428571428,6.762098564649932e-06,1.001352120511001e-05,2.399970435362775e-05,0.0,40,0.0,9.952578693628311e-06,1.3311419024830684e-05,3.220795770175755e-05,0.0,39,0.0
44,2200.0,7.0305973167705815e-06,1.046139732352458e-05,2.876974940591026e-05,0.0,37,0.1428571428571428,8.217853974201716e-06,1.64538505487144e-05,2.41337238549022e-05,0.0,38,0.1428571428571428,4.368214831629302e-06,9.7860047389986e-06,2.38963129959302e-05,0.0,40,0.0,8.822827112453524e-06,1.2412983778631315e-05,3.22091109410394e-05,0.0,39,0.0
45,2250.0,7.2043799264065456e-06,1.0497175026102925e-05,2.865307942556683e-05,0.0,37,0.1428571428571428,6.51631353321136e-06,1.6057818356784992e-05,2.4075136025203392e-05,0.0,35,0.1428571428571428,5.493374374054838e-06,9.836415301833767e-06,2.3790506020304747e-05,0.0,40,0.0,9.007451808429323e-06,1.2170626177976374e-05,3.2205251045525074e-05,0.0,37,0.0
46,2300.0,6.136081083241152e-06,9.896042683976702e-06,2.853870864782948e-05,0.0,37,0.1428571428571428,6.794927685405128e-06,1.570047788845841e-05,2.402717109362129e-05,0.0,35,0.1428571428571428,4.653026735468302e-06,9.40830068429932e-06,2.3682428945903663e-05,0.0,40,0.0,1.00487586678355e-05,1.147545117419213e-05,3.217060657334514e-05,0.0,37,0.0
47,2350.0,6.0141555877635255e-06,9.651743312133476e-06,2.8423522962839343e-05,0.0,37,0.1428571428571428,7.60966486268444e-06,1.526518099126406e-05,2.398186916252598e-05,0.0,35,0.1428571428571428,3.762396772799548e-06,9.113293344853446e-06,2.3572547434014268e-05,0.0,40,0.0,8.821781193546485e-06,1.1050388820876833e-05,3.215816832380369e-05,0.0,37,0.0
48,2400.0,6.571193807758391e-06,9.841600331128577e-06,2.83065892290324e-05,0.0,37,0.1428571428571428,7.788808034092654e-06,1.5434405213454738e-05,2.393429167568684e-05,0.0,35,0.1428571428571428,4.6421378101513255e-06,9.07621142687276e-06,2.346061410207767e-05,0.0,40,0.0,7.887740139267407e-06,1.0641478183970321e-05,3.214818934793584e-05,0.0,37,0.0
49,2450.0,5.812234121549409e-06,9.41688813327346e-06,2.8189801014377736e-05,0.0,37,0.1428571428571428,5.898034487472614e-06,1.4925542927812783e-05,2.3884176698629744e-05,0.0,35,0.1428571428571428,5.393430456024362e-06,8.794601853878703e-06,2.3348042304860428e-05,0.0,40,0.0,7.853516763134394e-06,1.0378015758760739e-05,3.213497620890848e-05,0.0,37,0.0
50,2500.0,7.2638349593034945e-06,1.0107810339832213e-05,2.807560849760193e-05,0.0,36,0.1428571428571428,5.753696314059198e-06,1.478846934332978e-05,2.382993625360541e-05,0.0,35,0.1428571428571428,4.969200745108537e-06,8.719115612620953e-06,2.3232340026879683e-05,0.0,40,0.0,7.305226972675882e-06,1.008008166536456e-05,3.211686635040678e-05,0.0,34,0.14285714285714285
51,2550.0,5.570579560298938e-06,8.92598200152861e-06,2.7985210181213915e-05,0.0,36,0.1428571428571428,5.487305315909907e-06,1.4495863979391288e-05,2.377304917899892e-05,0.0,35,0.1428571428571428,1.235310537595069e-05,9.032109119289087e-06,2.3116501324693672e-05,0.0,40,0.0,8.23289155960083e-06,9.865789252216928e-06,3.2072890462586656e-05,0.0,34,0.14285714285714285
52,2600.0,8.744308615860064e-06,9.11551614990458e-06,2.786706681945361e-05,0.0,36,0.1428571428571428,7.5059647315356415e-06,1.4254588677431457e-05,2.3713673726888373e-05,0.0,35,0.1428571428571428,4.0452132452628575e-06,8.280313522845972e-06,2.3002121452009305e-05,0.0,40,0.0,7.446824383805506e-06,9.672745363786817e-06,3.2042069506132975e-05,0.0,34,0.14285714285714285
53,2650.0,6.487474365712842e-06,8.6936443040031e-06,2.7748777938541025e-05,0.0,36,0.1428571428571428,6.259841029532254e-06,1.4242992619983852e-05,2.365520958846901e-05,0.0,35,0.1428571428571428,3.6131914384895936e-06,8.197229362849612e-06,2.290797965542879e-05,0.0,40,0.0,7.208373972389381e-06,9.471646990277804e-06,3.200741775799543e-05,0.0,34,0.14285714285714285
54,2700.0,5.581079676630907e-06,8.395571967412252e-06,2.7632564524537884e-05,0.0,36,0.1428571428571428,6.569140168721788e-06,1.3704866432817653e-05,2.359246354899369e-05,0.0,35,0.1428571428571428,1.1453888873802498e-05,8.566297765355557e-06,2.281312845298089e-05,0.0,40,0.0,7.348556209763046e-06,9.295115887653083e-06,3.197055048076436e-05,0.0,34,0.14285714285714285
55,2750.0,5.035190952185076e-06,8.365809662791435e-06,2.751635656750296e-05,0.0,36,0.1428571428571428,6.831391146988608e-06,3.060260132770054e-05,2.353087802475784e-05,0.0,33,0.1428571428571428,3.836403266177513e-06,1.153286939370446e-05,2.2716532839694992e-05,0.0,38,0.0,6.227768608368933e-06,9.966497600544244e-06,3.1931314879329875e-05,0.0,33,0.14285714285714285
56,2800.0,5.658145710185636e-06,8.102969331957866e-06,2.7400335966376588e-05,0.0,36,0.1428571428571428,5.370958660932956e-06,1.3693068467546254e-05,2.347982081118971e-05,0.0,33,0.1428571428571428,4.362668732937891e-06,7.76955403125612e-06,2.264021895825863e-05,0.0,38,0.0,6.39195468465914e-06,9.049609616340604e-06,3.187096444889903e-05,0.0,33,0.14285714285714285
57,2850.0,4.853308837482473e-06,8.05178024165798e-06,2.728073377511464e-05,0.0,36,0.1428571428571428,7.773732249916065e-06,1.357764813292306e-05,2.34183062275406e-05,0.0,33,0.1428571428571428,3.7960078316245927e-06,7.796679710736498e-06,2.2542113583767787e-05,0.0,38,0.0,6.048472641850822e-06,8.812740816210862e-06,3.180995918228291e-05,0.0,33,0.14285714285714285
58,2900.0,5.118769877299201e-06,7.927498700155411e-06,2.7165384381078184e-05,0.0,36,0.1428571428571428,7.467190243914956e-06,1.3064551239949653e-05,2.334454438823741e-05,0.0,33,0.1428571428571428,3.338735268698656e-06,7.48232559999451e-06,2.2439524400397204e-05,0.0,38,0.0,5.448669980978593e-06,8.639467523607891e-06,3.176280006300658e-05,0.0,33,0.14285714285714285
59,2950.0,4.754004748974694e-06,7.785648449498694e-06,2.705308543227148e-05,0.0,36,0.1428571428571428,5.858566055394476e-06,1.3106673577567562e-05,2.327362926735077e-05,0.0,33,0.1428571428571428,4.396859367261641e-06,7.4965118983527645e-06,2.233801023976412e-05,0.0,38,0.0,5.298121777741471e-06,8.440364581474569e-06,3.171572825522162e-05,0.0,33,0.14285714285714285
60,3000.0,4.5532560761785135e-06,7.732822268735617e-06,2.6946974685415626e-05,0.0,34,0.1428571428571428,6.896282684465405e-06,1.295767469855491e-05,2.320266139577143e-05,0.0,33,0.1428571428571428,9.560244507156312e-06,7.602904588566162e-06,2.2241052647586912e-05,0.0,38,0.0,6.030232725606766e-06,8.22273977973964e-06,3.166757232975215e-05,0.0,33,0.14285714285714285
61,3050.0,4.801614977623103e-06,7.473651749023702e-06,2.68230232904898e-05,0.0,34,0.1428571428571428,6.126899734226754e-06,1.2861527466156986e-05,2.3136533854994923e-05,0.0,33,0.1428571428571428,2.951287115138257e-06,7.167069270508364e-06,2.21437330765184e-05,0.0,38,0.0,5.854519258718938e-06,8.097100362647325e-06,3.161709901178256e-05,0.0,33,0.14285714285714285
62,3100.0,5.041124495619442e-06,7.353545697696973e-06,2.67333016381599e-05,0.0,34,0.1428571428571428,8.606899427832104e-06,1.2925589544465764e-05,2.3067246729624458e-05,0.0,33,0.1428571428571428,7.708233169978485e-06,7.345150152104907e-06,2.204672091465909e-05,0.0,38,0.0,5.779933417215943e-06,7.86675991548691e-06,3.1564864912070334e-05,0.0,33,0.14285714285714285
63,3150.0,5.7310317060910165e-06,7.503750111936824e-06,2.66417337115854e-05,0.0,34,0.1428571428571428,6.048418072168715e-06,1.245782186742872e-05,2.2998565327725373e-05,0.0,33,0.1428571428571428,2.8690453746094136e-06,6.973954441491514e-06,2.1948460926068947e-05,0.0,38,0.0,5.253420567896683e-06,7.752898454782553e-06,3.150909469695762e-05,0.0,33,0.14285714285714285
64,3200.0,4.882394932792522e-06,7.354225999733899e-06,2.654863601492252e-05,0.0,34,0.1428571428571428,6.107602530391887e-06,1.2510989108704962e-05,2.292708995810244e-05,0.0,33,0.1428571428571428,3.2597445169813e-06,7.1720251071383245e-06,2.185026096412912e-05,0.0,38,0.0,5.397439963417128e-06,7.604759048263077e-06,3.1450217647943646e-05,0.0,33,0.14285714285714285
65,3250.0,4.555615305434912e-06,7.068814738886431e-06,2.645752647367772e-05,0.0,34,0.1428571428571428,7.706544238317292e-06,1.2512788089225069e-05,2.285502887389157e-05,0.0,33,0.1428571428571428,2.8973101962037617e-06,6.869838216516655e-06,2.1752548491349444e-05,0.0,38,0.0,5.521479124581674e-06,7.764732799842022e-06,3.138925603707321e-05,0.0,32,0.14285714285714285
66,3300.0,4.134612481720978e-06,6.902399945829529e-06,2.6366295060142875e-05,0.0,34,0.1428571428571428,5.416482963482849e-06,1.2552476619021036e-05,2.277771636727266e-05,0.0,33,0.1428571428571428,5.080267328594346e-06,7.2182824624178465e-06,2.165525802411139e-05,0.0,38,0.0,4.9666487029753625e-06,7.277283657458611e-06,3.1293118809117004e-05,0.0,32,0.14285714285714285
67,3350.0,5.048597813583911e-06,6.807079444115516e-06,2.627274989208672e-05,0.0,34,0.1428571428571428,5.541694918065332e-06,1.1994172382401302e-05,2.2704198272549547e-05,0.0,33,0.1428571428571428,2.971493586301221e-06,6.789878170820884e-06,2.1557434592978097e-05,0.0,38,0.0,4.3972486309939995e-06,7.174046004365664e-06,3.122433554381132e-05,0.0,32,0.14285714285714285
68,3400.0,4.300625732867047e-06,6.812710125814192e-06,2.6181234716204926e-05,0.0,34,0.1428571428571428,4.9031405069399625e-06,1.2111408977943938e-05,2.262946873088368e-05,0.0,33,0.1428571428571428,2.949797135443077e-06,6.843581104476471e-06,2.146030419680756e-05,0.0,38,0.0,4.419328888616292e-06,6.996104275458492e-06,3.115149957011454e-05,0.0,32,0.14285714285714285
69,3450.0,3.7986440020176815e-06,6.558775567100383e-06,2.60897541011218e-05,0.0,34,0.1428571428571428,4.997626547265099e-06,1.187174166261684e-05,2.255108302051667e-05,0.0,33,0.1428571428571428,5.159995907888515e-06,6.872983249195386e-06,2.136336115654558e-05,0.0,38,0.0,4.2231613406329416e-06,6.855203537270427e-06,3.107405427726917e-05,0.0,32,0.14285714285714285
70,3500.0,4.267307303962298e-06,6.575442057510372e-06,2.599626714072656e-05,0.0,34,0.1428571428571428,7.143581569835078e-06,1.1824552530015351e-05,2.24692739720922e-05,0.0,33,0.1428571428571428,3.5212024158681743e-06,8.449806045973673e-06,2.1265690520522185e-05,0.0,37,0.0,4.463782715902198e-06,9.710973245091736e-06,3.0991261155577376e-05,0.0,31,0.14285714285714285
71,3550.0,4.244404863129603e-06,6.488267899840139e-06,2.5906774681061503e-05,0.0,34,0.1428571428571428,4.353920758148888e-06,1.1427872777858283e-05,2.238793604192324e-05,0.0,33,0.1428571428571428,2.689528173505096e-06,6.721805220877286e-06,2.1134161215741187e-05,0.0,37,0.0,3.564400685718283e-06,7.050144631648436e-06,3.0880484700901434e-05,0.0,31,0.14285714285714285
72,3600.0,3.547106416590396e-06,6.410977221094072e-06,2.581475018814672e-05,0.0,34,0.1428571428571428,5.78455910726916e-06,1.2293674444663338e-05,2.2303816876956265e-05,0.0,33,0.1428571428571428,2.7753239919547923e-06,6.730182121827966e-06,2.1027257389505397e-05,0.0,37,0.0,3.849249878840055e-06,6.587783900613431e-06,3.078674853895791e-05,0.0,31,0.14285714285714285
73,3650.0,4.4228668230061885e-06,6.418414159270469e-06,2.5722667487571016e-05,0.0,34,0.1428571428571428,6.54824725643266e-06,1.144273210229585e-05,2.2220097889658064e-05,0.0,33,0.1428571428571428,5.368323400034569e-06,6.482036042143591e-06,2.0928706362610683e-05,0.0,37,0.0,4.205026016279589e-06,6.3792567743803374e-06,3.068409932893701e-05,0.0,31,0.14285714285714285
74,3700.0,3.2916414056671783e-06,6.13300744589651e-06,2.563097223173827e-05,0.0,34,0.1428571428571428,8.665852874401025e-06,1.1378263479855376e-05,2.2135758626973256e-05,0.0,33,0.1428571428571428,3.320472615087056e-06,6.307587227638578e-06,2.0836199837503955e-05,0.0,37,0.0,3.941211616620421e-06,6.149958153400803e-06,3.058125730603933e-05,0.0,31,0.14285714285714285
75,3750.0,4.361430910648778e-06,6.257472705328837e-06,2.5541874492773783e-05,0.0,34,0.1428571428571428,5.15570991410641e-06,1.0992713214363905e-05,2.205010423494969e-05,0.0,33,0.1428571428571428,6.300164386630058e-06,7.13406643626513e-06,2.074137955787592e-05,0.0,36,0.0,3.662952167360345e-06,6.286045390879735e-06,3.04679724649759e-05,0.0,30,0.14285714285714285
76,3800.0,3.869900865538512e-06,6.13871179666603e-06,2.544896960898768e-05,0.0,34,0.1428571428571428,4.918314061796991e-06,1.1240997082495596e-05,2.196730565628968e-05,0.0,33,0.1428571428571428,4.316916601965204e-06,6.264966032176744e-06,2.0642684830818325e-05,0.0,36,0.0,3.2605348678771406e-06,5.746254828409292e-06,3.0336736017488874e-05,0.0,30,0.14285714285714285
77,3850.0,5.233012871030951e-06,6.2436924963549245e-06,2.535426756367088e-05,0.0,34,0.1428571428571428,5.42084899279871e-06,1.108950345951598e-05,2.188256621593609e-05,0.0,33,0.1428571428571428,3.092905672019697e-06,6.46205489829299e-06,2.055327786365524e-05,0.0,36,0.0,3.588300387491472e-06,5.488486294780159e-06,3.0218496249290183e-05,0.0,30,0.14285714285714285
78,3900.0,4.397621069074376e-06,6.434012902900577e-06,2.5260964321205392e-05,0.0,34,0.1428571428571428,5.8475666264712345e-06,1.1112530046375468e-05,2.179475086450111e-05,0.0,33,0.1428571428571428,6.891139491926879e-06,6.362659405567683e-06,2.046331428573467e-05,0.0,36,0.0,3.984458999184426e-06,5.3301073421607725e-06,3.0081631848588586e-05,0.0,30,0.14285714285714285
79,3950.0,4.236875611240976e-06,6.502436917799059e-06,2.5167033527395688e-05,0.0,34,0.1428571428571428,4.9243203648075e-06,1.0784518963191658e-05,2.170950392610393e-05,0.0,33,0.1428571428571428,2.415845074210665e-06,5.91861316934228e-06,2.0372497601783834e-05,0.0,36,0.0,3.632075276982505e-06,5.148660420672968e-06,2.9930355594842695e-05,0.0,30,0.14285714285714285
80,4000.0,5.614007477561245e-06,7.823444320820272e-06,2.5073812139453366e-05,0.0,32,0.2857142857142857,9.006251275422983e-06,1.6303358279401436e-05,2.161946213163901e-05,0.0,31,0.2857142857142857,4.495000212045852e-06,5.970455276838038e-06,2.0283172489143908e-05,0.0,36,0.0,3.4146810321544763e-06,5.190622687223367e-06,2.9765951694571413e-05,0.0,28,0.14285714285714285
81,4050.0,4.165776772424579e-06,6.376507371896878e-06,2.496957677067257e-05,0.0,32,0.2857142857142857,4.36578193330206e-06,1.071753831638489e-05,2.153733476006892e-05,0.0,31,0.2857142857142857,2.1558496428042417e-06,5.977832188364118e-06,2.0191850126138888e-05,0.0,36,0.0,3.113005277555203e-06,4.818158686248353e-06,2.9579075999208726e-05,0.0,28,0.14285714285714285
82,4100.0,3.887033017235808e-06,6.137343007139862e-06,2.4888713596737944e-05,0.0,32,0.2857142857142857,5.3481671784538776e-06,1.0359142834204247e-05,2.145256075891666e-05,0.0,31,0.2857142857142857,6.040740572643699e-06,6.191502052388387e-06,2.010031494137365e-05,0.0,36,0.0,3.047599420824554e-06,4.652231837098952e-06,2.939815203717444e-05,0.0,28,0.14285714285714285
83,4150.0,4.921689196635271e-06,5.975746262265602e-06,2.48214382736478e-05,0.0,32,0.2857142857142857,4.0392696973867714e-06,1.0314499377273025e-05,2.1357940568123013e-05,0.0,31,0.2857142857142857,2.409464968877728e-06,5.879383024876006e-06,2.0008417777717117e-05,0.0,36,0.0,2.7670325835060794e-06,4.484745659283362e-06,2.9209331842139363e-05,0.0,28,0.14285714285714285
84,4200.0,3.13415421260288e-06,6.072762971598422e-06,2.4750759621383626e-05,0.0,32,0.2857142857142857,4.764769983012229e-06,1.0435844160383567e-05,2.12606719287578e-05,0.0,31,0.2857142857142857,3.014597268702346e-06,5.675021839124383e-06,1.991660064959433e-05,0.0,36,0.0,5.120506557432236e-06,4.360357706900686e-06,2.9013815947109833e-05,0.0,28,0.14285714285714285
85,4250.0,4.569569682644215e-06,5.945524208073039e-06,2.4683355150045827e-05,0.0,32,0.2857142857142857,3.671852482511895e-06,1.0051411663880572e-05,2.1178142560529523e-05,0.0,31,0.2857142857142857,2.571943014118005e-06,5.832062925037462e-06,1.9824101400445212e-05,0.0,36,0.0,3.98356860387139e-06,6.599971584364539e-06,2.8812546588596888e-05,0.0,26,0.14285714285714285
86,4300.0,3.702809181049816e-06,5.657117071677931e-06,2.4614710127934813e-05,0.0,32,0.2857142857142857,4.895319761999417e-06,1.018033071886748e-05,2.1090854716021568e-05,0.0,31,0.2857142857142857,3.201883373549208e-06,5.6662861425138544e-06,1.9731491192942485e-05,0.0,36,0.0,2.8477643354563043e-06,4.087847173650516e-06,2.8571841539815068e-05,0.0,26,0.14285714285714285
87,4350.0,3.309438397991471e-06,6.001175734127173e-06,2.454392051731702e-05,0.0,32,0.2857142857142857,4.274526872904971e-06,1.0103944987349678e-05,2.0996656530769545e-05,0.0,31,0.2857142857142857,6.6948996391147375e-06,5.835771389683941e-06,1.963768772839103e-05,0.0,36,0.0,2.9009747777308803e-06,3.7951085687382147e-06,2.8340313292574137e-05,0.0,26,0.14285714285714285
88,4400.0,3.487190042505972e-06,5.839883669978008e-06,2.447571387165226e-05,0.0,32,0.2857142857142857,4.654621989175212e-06,9.775543730938809e-06,2.0901452444377355e-05,0.0,31,0.2857142857142857,2.1289247342792805e-06,5.514337317436002e-06,1.954362051037606e-05,0.0,36,0.0,3.08730795950396e-06,3.6755177461600397e-06,2.8123480660724454e-05,0.0,26,0.14285714285714285
89,4450.0,6.348421266011428e-06,6.023830792400986e-06,2.440442585793789e-05,0.0,32,0.2857142857142857,4.89778358314652e-06,9.593378308636602e-06,2.0805789972655475e-05,0.0,31,0.2857142857142857,2.727429091464728e-06,5.509236416401109e-06,1.94490457943175e-05,0.0,36,0.0,3.2697162168915384e-06,3.7060026443214156e-06,2.7903532100026496e-05,0.0,26,0.14285714285714285
90,4500.0,3.034476776520023e-06,5.738514573749853e-06,2.433592089801096e-05,0.0,32,0.2857142857142857,4.890136551694013e-06,9.567715096636675e-06,2.071841845463496e-05,0.0,30,0.2857142857142857,3.263229245931143e-06,5.718722150049871e-06,1.9353841707925312e-05,0.0,36,0.0,3.2165901302505517e-06,5.724640686821658e-06,2.7678681362885982e-05,0.0,22,0.14285714285714285
91,4550.0,3.511733211780665e-06,5.579493063123664e-06,2.4267303160741e-05,0.0,32,0.2857142857142857,4.075707693118602e-06,9.465183211432304e-06,2.0637820853153244e-05,0.0,30,0.2857142857142857,3.0998041893326445e-06,5.473440069181379e-06,1.9257802705396895e-05,0.0,36,0.0,2.9181678655731957e-06,3.743540901268716e-06,2.7522755772224627e-05,0.0,22,0.14285714285714285
92,4600.0,3.033848770428449e-06,5.637020876747556e-06,2.4198081518989056e-05,0.0,32,0.2857142857142857,3.7943132156215134e-06,9.457929081690963e-06,2.0556706658680923e-05,0.0,30,0.2857142857142857,2.2652661755273584e-06,5.5345831242448185e-06,1.916147448355332e-05,0.0,36,0.0,3.338793248985894e-06,3.5687269246409414e-06,2.730465348577127e-05,0.0,22,0.14285714285714285
93,4650.0,3.870764885505196e-06,5.579823664447758e-06,2.412567482679151e-05,0.0,32,0.2857142857142857,4.46174180979142e-06,9.26748452911852e-06,2.04745647351956e-05,0.0,30,0.2857142857142857,3.229671619919827e-06,5.451559445646126e-06,1.906448414956685e-05,0.0,36,0.0,2.648930831128382e-06,3.39587677444797e-06,2.7085578039987013e-05,0.0,22,0.14285714285714285
94,4700.0,3.0660662559967022e-06,5.555019924941007e-06,2.405522354820277e-05,0.0,32,0.2857142857142857,3.973299953941023e-06,9.20397724257782e-06,2.0392575606820174e-05,0.0,30,0.2857142857142857,2.555908167778398e-06,5.374660759116523e-06,1.896705725812353e-05,0.0,36,0.0,2.35698712458543e-06,3.2649143122398527e-06,2.6860827347263694e-05,0.0,22,0.14285714285714285
95,4750.0,3.3274388897552853e-06,5.881783181393985e-06,2.3984666768228635e-05,0.0,32,0.2857142857142857,4.353589702077443e-06,0.0001302179443882,2.032337579294108e-05,0.0,28,0.2857142857142857,2.248588771180948e-06,5.3049061534693465e-06,1.886888640001416e-05,0.0,36,0.0,2.1333976292226e-06,3.1906204185361275e-06,2.662419319676701e-05,0.0,21,0.14285714285714285
96,4800.0,3.404798462725012e-06,5.5127302402979694e-06,2.3917002181406133e-05,0.0,32,0.2857142857142857,6.553904313477688e-06,9.096385838347489e-06,2.024941932177171e-05,0.0,28,0.2857142857142857,1.9674653231049888e-06,5.3100129662198015e-06,1.877008253359236e-05,0.0,36,0.0,3.4210186186101055e-06,3.0591411359637277e-06,2.6373840228188783e-05,0.0,21,0.14285714285714285
97,4850.0,3.33177331413026e-06,5.347657861420885e-06,2.384957406320609e-05,0.0,32,0.2857142857142857,5.6012395361904055e-06,9.075824891624508e-06,2.021948057517875e-05,0.0,28,0.2857142857142857,1.978851287276484e-06,5.237587174633518e-06,1.867112041509245e-05,0.0,36,0.0,2.9546044970629737e-06,3.051276053156471e-06,2.614509685372468e-05,0.0,21,0.14285714285714285
98,4900.0,3.1335446237790165e-06,5.302944828144973e-06,2.3781451091053896e-05,0.0,32,0.2857142857142857,3.77075957658235e-06,8.969038390205242e-06,2.018045779550448e-05,0.0,28,0.2857142857142857,4.876165803580079e-06,5.35944400326116e-06,1.8572660337667912e-05,0.0,36,0.0,2.9229631763882935e-06,3.0828123271930963e-06,2.5913177523761988e-05,0.0,21,0.14285714285714285
99,4950.0,3.5312700674694497e-06,5.238315679889638e-06,2.371061236772221e-05,0.0,32,0.2857142857142857,4.451634140423266e-06,8.787847946223337e-06,2.013569974224083e-05,0.0,28,0.2857142857142857,2.9289431040524505e-06,5.218626483838307e-06,1.8472397641744465e-05,0.0,36,0.0,2.2064155018597376e-06,2.886066567953094e-06,2.5675324650364928e-05,0.0,21,0.14285714285714285
100,5000.0,4.724215159512824e-06,5.45808143215254e-06,2.363922794756945e-05,0.0,32,0.2857142857142857,3.467712758720154e-06,8.806271580397151e-06,2.0086614313186143e-05,0.0,28,0.2857142857142857,1.8447885850036985e-06,5.1182178140152246e-06,1.837259696912952e-05,0.0,36,0.0,3.6688529689854477e-06,2.8860058591817506e-06,2.5431236281292513e-05,0.0,21,0.14285714285714285
101,5050.0,3.1971824228094192e-06,5.357750524126459e-06,2.357083030801732e-05,0.0,32,0.2857142857142857,6.451806257246062e-06,8.801745025266428e-06,2.003112058446277e-05,0.0,28,0.2857142857142857,1.9243220776843373e-06,5.140482699061977e-06,1.827217420213856e-05,0.0,36,0.0,3.6866940718027763e-06,2.8835465855081566e-06,2.5182955141644925e-05,0.0,21,0.14285714285714285
102,5100.0,4.42698183178436e-06,5.639787104882998e-06,2.3503152988269e-05,0.0,32,0.2857142857142857,4.330477622715989e-06,8.767538020038046e-06,1.996960418182425e-05,0.0,28,0.2857142857142857,3.803967729254509e-06,5.566639174503507e-06,1.817188604036346e-05,0.0,36,0.0,2.5896877104969462e-06,2.8026875042996835e-06,2.4930450308602303e-05,0.0,21,0.14285714285714285
103,5150.0,3.5276816561236046e-06,5.1154502216377296e-06,2.343434425711166e-05,0.0,32,0.2857142857142857,4.347561571194092e-06,8.84506334841717e-06,1.990594682865776e-05,0.0,28,0.2857142857142857,2.417421455902513e-06,4.970801910531009e-06,1.8070320948027074e-05,0.0,36,0.0,2.457719801896019e-06,2.74200419880799e-06,2.4675222448422574e-05,0.0,21,0.14285714285714285
104,5200.0,3.5490379559632856e-06,5.2687501010950655e-06,2.3365237211692147e-05,0.0,32,0.2857142857142857,4.184916633676039e-06,8.694321877555922e-06,1.9841902030748315e-05,0.0,28,0.2857142857142857,4.680619895225391e-06,5.41776080353884e-06,1.7969652617466636e-05,0.0,36,0.0,2.170309926441405e-06,2.6511154374020407e-06,2.441864853608422e-05,0.0,21,0.14285714285714285
105,5250.0,2.6817187972483225e-06,4.993050424673129e-06,2.329424023628235e-05,0.0,32,0.2857142857142857,4.712266218120931e-06,8.97019162948709e-06,1.9781029550358653e-05,0.0,27,0.4285714285714285,4.159097443334758e-06,9.228631824953482e-06,1.786825669114478e-05,0.0,35,0.0,2.5708068278618157e-06,6.220997420314234e-06,2.416045572317671e-05,0.0,20,0.14285714285714285
106,5300.0,3.7672193684556974e-06,5.22108530276455e-06,2.322477121197153e-05,0.0,32,0.2857142857142857,5.686400072590914e-06,8.614837497589178e-06,1.970090852410067e-05,0.0,27,0.4285714285714285,2.374035830143839e-06,5.219044396653771e-06,1.774815609678626e-05,0.0,35,0.0,1.8735632920652279e-06,2.516434051358374e-06,2.386686173849739e-05,0.0,20,0.14285714285714285
107,5350.0,3.3362684916937724e-06,5.1917918426624965e-06,2.315572419320233e-05,0.0,32,0.2857142857142857,3.4991967368114274e-06,8.580587746109813e-06,1.9643106497824192e-05,0.0,27,0.4285714285714285,4.09500034947996e-06,5.22815935255494e-06,1.764039188856259e-05,0.0,35,0.0,1.7640106761973584e-06,2.453386059642071e-06,2.3601211069035344e-05,0.0,20,0.14285714285714285
108,5400.0,4.652084044209914e-06,5.031781256548129e-06,2.3086671717464924e-05,0.0,32,0.2857142857142857,3.578951918825624e-06,8.354004421562422e-06,1.957954373210669e-05,0.0,27,0.4285714285714285,3.644504658950609e-06,5.030917236581445e-06,1.753445940266829e-05,0.0,35,0.0,1.7007471342367353e-06,2.4591918190708384e-06,2.3331696866080165e-05,0.0,20,0.14285714285714285
109,5450.0,3.4894212603830965e-06,4.97896417073207e-06,2.3017531930236142e-05,0.0,32,0.2857142857142857,7.043442565191072e-06,8.426382919424213e-06,1.951537888089661e-05,0.0,27,0.4285714285714285,1.9693313788593514e-06,5.192786375118885e-06,1.7439389921491966e-05,0.0,35,0.0,2.4770340587565443e-06,2.3782595235388726e-06,2.307000795553904e-05,0.0,20,0.14285714285714285
110,5500.0,2.7781075004895683e-06,9.678125934442504e-06,2.294651494594291e-05,0.0,31,0.2857142857142857,3.5211594422435155e-06,8.398576028412208e-06,1.9452845663181503e-05,0.0,27,0.4285714285714285,1.6729296703488217e-06,9.42898986977525e-06,1.7343352737952955e-05,0.0,34,0.1428571428571428,2.6943916964228265e-06,9.720068192109466e-06,2.281229171785526e-05,0.0,18,0.14285714285714285
111,5550.0,2.5007871045090724e-06,4.840022484131623e-06,2.283959838678129e-05,0.0,31,0.2857142857142857,4.65816083305981e-06,8.621380402473733e-06,1.9385935956961475e-05,0.0,27,0.4285714285714285,1.815870746213477e-06,4.770532996190013e-06,1.7232106984010898e-05,0.0,34,0.1428571428571428,2.6610632630763575e-06,3.7628981317539e-06,2.2621950847678818e-05,0.0,18,0.14285714285714285
112,5600.0,3.1657004910812248e-06,5.019790023652604e-06,2.2749914933228865e-05,0.0,31,0.2857142857142857,3.3049300327547826e-06,8.387256457353942e-06,1.932428131112829e-05,0.0,27,0.4285714285714285,2.052707941402332e-06,4.81330971524585e-06,1.713542951620184e-05,0.0,34,0.1428571428571428,2.115628376486711e-06,3.2368063784815604e-06,2.2366506527760066e-05,0.0,18,0.14285714285714285
113,5650.0,3.1748977562529035e-06,4.732399247586727e-06,2.2671179976896383e-05,0.0,31,0.2857142857142857,4.219852144160541e-06,8.509658073307946e-06,1.925889591802843e-05,0.0,27,0.4285714285714285,2.9788616302539594e-06,4.98514600622002e-06,1.7037804354913533e-05,0.0,34,0.1428571428571428,2.8053668756911065e-06,3.0228356990846805e-06,2.2121628717286512e-05,0.0,18,0.14285714285714285
114,5700.0,3.30343323184934e-06,5.111617156217108e-06,2.25997300731251e-05,0.0,31,0.2857142857142857,3.9542164813610725e-06,8.506891390425153e-06,1.919375063152984e-05,0.0,27,0.4285714285714285,1.996587798203109e-06,4.74212174594868e-06,1.6949601558735594e-05,0.0,34,0.1428571428571428,1.5280656953109428e-06,2.8576948807312874e-06,2.189086444559507e-05,0.0,18,0.14285714285714285
115,5750.0,2.3980692276381887e-06,4.688467925006989e-06,2.2533606170327403e-05,0.0,31,0.2857142857142857,3.046307710974361e-06,8.409939255216159e-06,1.9127450286759995e-05,0.0,27,0.4285714285714285,4.861208253714722e-06,5.074424279882805e-06,1.6864616554812528e-05,0.0,34,0.1428571428571428,2.235106194348191e-06,2.7875644263986032e-06,2.1754607587354258e-05,0.0,15,0.42857142857142855
116,5800.0,2.786554887279636e-06,4.759234343509888e-06,2.24689683818724e-05,0.0,31,0.2857142857142857,4.172758053755388e-06,8.273309504147619e-06,1.90578884939896e-05,0.0,27,0.4285714285714285,3.3918270219146507e-06,4.7324060687969904e-06,1.677846557868179e-05,0.0,34,0.1428571428571428,1.5907066881482024e-06,2.631594725244213e-06,2.165706428058911e-05,0.0,15,0.42857142857142855
117,5850.0,2.3344696273852605e-06,4.886139322479721e-06,2.240595131297596e-05,0.0,31,0.2857142857142857,3.953115538024576e-06,8.292429811262991e-06,1.898746631923132e-05,0.0,27,0.4285714285714285,3.5154139368387405e-06,4.709063887275988e-06,1.669283301453106e-05,0.0,34,0.1428571428571428,1.5289028851839248e-06,2.5810281840676907e-06,2.1571762772509828e-05,0.0,15,0.42857142857142855
118,5900.0,2.9653062938450603e-06,4.849061497225193e-06,2.234466955997049e-05,0.0,31,0.2857142857142857,4.831336809729692e-06,8.195736882044002e-06,1.891511237772648e-05,0.0,27,0.4285714285714285,1.89184731880232e-06,4.71955536340829e-06,1.6606712961220182e-05,0.0,34,0.1428571428571428,1.9567949038901133e-06,2.4907762963266578e-06,2.149325518985279e-05,0.0,15,0.42857142857142855
119,5950.0,4.371850081952289e-06,5.17245916853426e-06,2.228398807346821e-05,0.0,31,0.2857142857142857,3.089664687649929e-06,8.171530680556316e-06,1.884736775537021e-05,0.0,27,0.4285714285714285,2.0616316760424525e-06,4.695508323493414e-06,1.6521060388186015e-05,0.0,34,0.1428571428571428,2.0454267541936133e-06,2.6201985292573227e-06,2.1416484742076136e-05,0.0,15,0.42857142857142855
120,6000.0,4.894368430541363e-06,5.057503585703671e-06,2.2221238396014087e-05,0.0,31,0.2857142857142857,4.73517093269038e-06,8.222124961321242e-06,1.8774506315821785e-05,0.0,27,0.4285714285714285,2.2099929992691614e-06,4.1704115574248135e-05,1.6434907593065873e-05,0.0,33,0.1428571428571428,2.177467194997007e-06,2.4438058972009458e-06,2.133966154360678e-05,0.0,15,0.42857142857142855
121,6050.0,2.504861640773015e-06,4.835909749090206e-06,2.216281063738279e-05,0.0,31,0.2857142857142857,3.467465603534947e-06,8.045300091907848e-06,1.870475534815341e-05,0.0,27,0.4285714285714285,1.8624518816068305e-06,4.631236151908524e-06,1.6432919437647797e-05,0.0,33,0.1428571428571428,1.428282530469005e-06,2.3946165583765833e-06,2.12632367038168e-05,0.0,15,0.42857142857142855
122,6100.0,2.4902810764615424e-06,4.6759751057834364e-06,2.210236016253475e-05,0.0,31,0.2857142857142857,3.0519966003339505e-06,8.050657925195992e-06,1.8634518710314296e-05,0.0,27,0.4285714285714285,2.4064199806161923e-06,4.573966634779936e-06,1.6392721590818837e-05,0.0,33,0.1428571428571428,2.8346344151941594e-06,2.4615972051833523e-06,2.1186151570873335e-05,0.0,15,0.42857142857142855
123,6150.0,2.810719706758391e-06,4.940894086757908e-06,2.204488919232972e-05,0.0,31,0.2857142857142857,3.869026386382757e-06,8.169158718374092e-06,1.8564120182418264e-05,0.0,27,0.4285714285714285,1.6974064465102856e-06,4.495836037676781e-06,1.63340155268088e-05,0.0,33,0.1428571428571428,2.18740524360328e-06,2.4752766876190435e-06,2.1107603970449418e-05,0.0,15,0.42857142857142855
124,6200.0,2.758503796940204e-06,4.880985216004774e-06,2.1985117200529203e-05,0.0,31,0.2857142857142857,3.518366384014371e-06,8.248103767982684e-06,1.849366890382953e-05,0.0,27,0.4285714285714285,1.7019813185470412e-06,4.476466529013123e-06,1.6264304576907307e-05,0.0,33,0.1428571428571428,3.5366326756047783e-06,2.3934974251460517e-06,2.103069164149929e-05,0.0,15,0.42857142857142855
125,6250.0,2.556892468419392e-06,4.77748244520626e-06,2.192672764067538e-05,0.0,31,0.2857142857142857,3.736939788723248e-06,8.163123311533127e-06,1.842096571635921e-05,0.0,27,0.4285714285714285,3.2721718525863253e-06,4.595966402121121e-06,1.6186431821552105e-05,0.0,33,0.1428571428571428,1.4978922990849242e-06,2.294159003213281e-06,2.0952249542460777e-05,0.0,15,0.42857142857142855
126,6300.0,2.771256731648464e-06,4.801807790499879e-06,2.186739584431052e-05,0.0,31,0.2857142857142857,2.8997299068578286e-06,8.019445886020549e-06,1.8349515812587924e-05,0.0,27,0.4285714285714285,5.549950856220676e-06,4.4331281969789416e-06,1.6104313544929028e-05,0.0,33,0.1428571428571428,1.6069957382569555e-06,2.235470446976251e-06,2.0871328160865232e-05,0.0,15,0.42857142857142855
127,6350.0,2.561244400567375e-06,4.592722234519897e-06,2.180825686082244e-05,0.0,31,0.2857142857142857,2.7610583401838085e-06,7.999444278539158e-06,1.8276698028785177e-05,0.0,27,0.4285714285714285,1.80792085302528e-06,4.23272786065354e-06,1.602445263415575e-05,0.0,33,0.1428571428571428,1.1131330666103167e-06,2.1671717149729375e-06,2.0788362235180102e-05,0.0,15,0.42857142857142855
128,6400.0,3.1319821118813707e-06,4.639013695850736e-06,2.17479610000737e-05,0.0,31,0.2857142857142857,2.9986122171976604e-06,7.897887371655088e-06,1.820620309445076e-05,0.0,27,0.4285714285714285,1.9912242805730784e-06,4.240990620019147e-06,1.5942159734549932e-05,0.0,33,0.1428571428571428,1.5805155726411613e-06,2.16752687265398e-06,2.070463051495608e-05,0.0,15,0.42857142857142855
129,6450.0,3.232434437450138e-06,4.672703653341159e-06,2.1689826098736376e-05,0.0,31,0.2857142857142857,4.882904249825515e-06,8.083939064817969e-06,1.8151635231333785e-05,0.0,27,0.4285714285714285,5.391514150687726e-06,4.369931502878899e-06,1.5857744074310176e-05,0.0,33,0.1428571428571428,1.6844342098920606e-06,2.125172386513441e-06,2.0618297639884986e-05,0.0,15,0.42857142857142855
130,6500.0,4.289217031328008e-06,4.984819497622084e-06,2.1633377400576137e-05,0.0,31,0.2857142857142857,4.551002803054871e-06,7.891321729402989e-06,1.8103371985489503e-05,0.0,26,0.4285714285714285,1.971030769709614e-06,7.14645011612447e-06,1.5771705875522457e-05,0.0,32,0.1428571428571428,1.122228013628046e-06,2.1838720840605674e-06,2.0530838810373098e-05,0.0,14,0.5714285714285714
131,6550.0,3.349498228999437e-06,4.857668500335421e-06,2.157472044928e-05,0.0,31,0.2857142857142857,3.491848019621102e-06,8.093049473245628e-06,1.8058393834508024e-05,0.0,26,0.4285714285714285,5.459020940179471e-06,4.863613867200911e-06,1.567919935041573e-05,0.0,32,0.1428571428571428,1.3782112091575982e-06,2.0891741314699175e-06,2.0480312741710804e-05,0.0,14,0.5714285714285714
132,6600.0,3.076300345128402e-06,4.475391051528277e-06,2.1516825654543936e-05,0.0,31,0.2857142857142857,3.503901098156348e-06,7.825483407941647e-06,1.801040707505308e-05,0.0,26,0.4285714285714285,3.930722414224874e-06,4.244071988068754e-06,1.559046359034255e-05,0.0,32,0.1428571428571428,1.6294795841531595e-06,2.0717800452985102e-06,2.045984729193151e-05,0.0,14,0.5714285714285714
133,6650.0,3.55841757482267e-06,4.771687144966563e-06,2.146023507521022e-05,0.0,31,0.2857142857142857,2.8667277547356207e-06,7.855831427150406e-06,1.7961674529942684e-05,0.0,26,0.4285714285714285,2.31010744755622e-06,4.185921625321498e-06,1.549977059767116e-05,0.0,32,0.1428571428571428,2.5528547666908707e-06,2.239012701465981e-06,2.0439048967091367e-05,0.0,14,0.5714285714285714
134,6700.0,2.8820336410717573e-06,4.713603175332537e-06,2.1403684513643384e-05,0.0,31,0.2857142857142857,2.9515902042476228e-06,7.795749297656585e-06,1.7913540432346053e-05,0.0,26,0.4285714285714285,1.7908394056576071e-06,4.1921525735233445e-06,1.541698475193698e-05,0.0,32,0.1428571428571428,1.2006615861537284e-06,2.0336358375061536e-06,2.0418201529537328e-05,0.0,14,0.5714285714285714
135,6750.0,5.337855327525176e-06,8.685869943292346e-06,2.134603892045561e-05,0.0,30,0.2857142857142857,2.554334514570656e-06,7.824907697795425e-06,1.7891632523969747e-05,0.0,25,0.4285714285714285,2.395850970060565e-06,5.07715049025137e-06,1.5333411283791065e-05,0.0,31,0.1428571428571428,1.521612830401864e-06,2.014604660871555e-06,2.0396266336319968e-05,0.0,14,0.5714285714285714
136,6800.0,4.344451099314028e-06,5.145228897163179e-06,2.131831570295617e-05,0.0,30,0.2857142857142857,5.786489964521024e-06,7.933055712783244e-06,1.787213477655314e-05,0.0,25,0.4285714285714285,2.761094037850853e-06,4.082051873410819e-06,1.5243847883539274e-05,0.0,31,0.1428571428571428,2.0873535504506435e-06,2.0194363514747238e-06,2.0373940060380846e-05,0.0,14,0.5714285714285714
137,6850.0,2.581712124083424e-06,4.541663656709716e-06,2.124743878084701e-05,0.0,30,0.2857142857142857,2.935397787950933e-06,7.654341970919631e-06,1.7850477888714522e-05,0.0,25,0.4285714285714285,2.7421760933066253e-06,4.117711341677932e-06,1.5153906133491546e-05,0.0,31,0.1428571428571428,1.6711245507394779e-06,1.9982221601821948e-06,2.0354036678327248e-05,0.0,14,0.5714285714285714
138,6900.0,3.417025709495647e-06,4.392021764942911e-06,2.117566327797249e-05,0.0,30,0.2857142857142857,3.879896212310996e-06,7.751263183308765e-06,1.7829395801527426e-05,0.0,25,0.4285714285714285,1.756155256771308e-06,4.166883172729285e-06,1.5077830539667048e-05,0.0,31,0.1428571428571428,2.746607606241014e-06,2.046799409072264e-06,2.0333616703283042e-05,0.0,14,0.5714285714285714
139,6950.0,2.7588898774411064e-06,4.806684046343435e-06,2.1110829038661905e-05,0.0,30,0.2857142857142857,3.1362828849523794e-06,7.803596417943481e-06,1.7806669347919524e-05,0.0,25,0.4285714285714285,2.7850262540596304e-06,4.231567345414078e-06,1.5001234714873137e-05,0.0,31,0.1428571428571428,1.5224592289087013e-06,2.0488489553827094e-06,2.0312350898166187e-05,0.0,14,0.5714285714285714
140,7000.0,2.245265932288021e-06,4.282720965420594e-06,2.1044939785497263e-05,0.0,30,0.2857142857142857,2.7877256343344925e-06,7.5892594395554624e-06,1.7782478607841767e-05,0.0,25,0.4285714285714285,1.8726434518612225e-06,4.074037406098796e-06,1.4923019989510069e-05,0.0,31,0.1428571428571428,1.8338332665734924e-06,1.9660903944895836e-06,2.0293835405027494e-05,0.0,14,0.5714285714285714
141,7050.0,2.109020897478331e-06,4.364993401395623e-06,2.1007639588788152e-05,0.0,30,0.2857142857142857,2.409881062703789e-06,7.62670151743805e-06,1.777429861249402e-05,0.0,25,0.4285714285714285,1.504758074588608e-06,3.976459083787631e-06,1.4888218174746726e-05,0.0,31,0.1428571428571428,1.022009200823959e-06,1.9287206214357866e-06,2.0286111976020038e-05,0.0,14,0.5714285714285714
142,7100.0,2.2738768166163936e-06,4.411626377986977e-06,2.095973832183517e-05,0.0,30,0.2857142857142857,2.4072089672699803e-06,7.53925178287318e-06,1.7761403796612285e-05,0.0,25,0.4285714285714285,3.5974262573290616e-06,4.091989922017092e-06,1.4848911632725503e-05,0.0,31,0.1428571428571428,1.050733885676891e-06,1.9008007257070858e-06,2.0277409930713475e-05,0.0,14,0.5714285714285714
143,7150.0,2.826304807967972e-06,4.4780563257518224e-06,2.090242378471885e-05,0.0,30,0.2857142857142857,2.844353730324656e-06,7.499937510146992e-06,1.7744398064678535e-05,0.0,25,0.4285714285714285,1.7019847291521728e-06,3.993792688561371e-06,1.4796290088270324e-05,0.0,31,0.1428571428571428,1.0266893468724447e-06,1.891091415018309e-06,2.026482979999855e-05,0.0,14,0.5714285714285714
144,7200.0,2.755747573246481e-06,4.336799065640662e-06,2.0840841898461804e-05,0.0,30,0.2857142857142857,2.498462890798692e-06,7.38304106562282e-06,1.7722997654345818e-05,0.0,25,0.4285714285714285,4.228371835779399e-06,4.00035878556082e-06,1.4736778211954515e-05,0.0,31,0.1428571428571428,1.3720125480176648e-06,1.933966132128262e-06,2.0251338355592452e-05,0.0,14,0.5714285714285714
145,7250.0,2.6234661163471173e-06,4.323951088736067e-06,2.0779853002750315e-05,0.0,30,0.2857142857142857,2.404838369329809e-06,7.431418453052174e-06,1.77016481757164e-05,0.0,25,0.4285714285714285,3.2968175673886435e-06,3.915230990969576e-06,1.4667166396975516e-05,0.0,31,0.1428571428571428,1.5245120721374406e-06,1.9121498553431593e-06,2.023452179855667e-05,0.0,14,0.5714285714285714
146,7300.0,2.141775667041657e-06,4.276017079973826e-06,2.071777089440729e-05,0.0,30,0.2857142857142857,3.418892447371036e-06,7.277362328750314e-06,1.7678350559435785e-05,0.0,25,0.4285714285714285,1.5290046349036857e-06,3.886087597493315e-06,1.4590268619940616e-05,0.0,31,0.1428571428571428,1.168330982181942e-06,1.9054527911066543e-06,2.021530963247642e-05,0.0,14,0.5714285714285714
147,7350.0,2.6082166186824907e-06,4.296786755730864e-06,2.065514490823261e-05,0.0,30,0.2857142857142857,2.6184065973211545e-06,7.412645572912879e-06,1.765343222359661e-05,0.0,25,0.4285714285714285,2.6934324068861315e-06,3.979013854404911e-06,1.451085427106591e-05,0.0,31,0.1428571428571428,3.09569531964371e-06,2.113620894306223e-06,2.0196397599647753e-05,0.0,14,0.5714285714285714
148,7400.0,2.2151025405037217e-06,4.2345286601630505e-06,2.0591765860444863e-05,0.0,30,0.2857142857142857,2.6733257527666865e-06,7.421837381116347e-06,1.7628568457439542e-05,0.0,25,0.4285714285714285,1.9492149476718623e-06,4.007818006357411e-06,1.443068958906224e-05,0.0,31,0.1428571428571428,2.183190190407913e-06,1.910378387037781e-06,2.0176186808384955e-05,0.0,14,0.5714285714285714
149,7450.0,4.038195129396627e-06,4.362586878414732e-06,2.0528266759356484e-05,0.0,30,0.2857142857142857,2.922440671682125e-06,7.386326615232974e-06,1.7604874301468953e-05,0.0,25,0.4285714285714285,2.6832758521777578e-06,3.788106823776616e-06,1.4349205230246298e-05,0.0,31,0.1428571428571428,1.0481854815225233e-06,1.837124614212371e-06,2.0159221094218083e-05,0.0,14,0.5714285714285714
150,7500.0,2.428469088044949e-06,4.189972969470546e-06,2.0468574803089723e-05,0.0,30,0.2857142857142857,2.4986850348796e-06,7.198435014288407e-06,1.7581698557478376e-05,0.0,25,0.4285714285714285,2.858010930140153e-06,4.235717824485619e-06,1.4267268852563577e-05,0.0,31,0.1428571428571428,2.5493040993751492e-06,1.900424081213714e-06,2.0142433641012758e-05,0.0,14,0.5714285714285714
151,7550.0,2.261128656755318e-06,4.290713150112424e-06,2.040997424046509e-05,0.0,30,0.2857142857142857,3.316344191262033e-06,7.406476015603403e-06,1.755735866026953e-05,0.0,25,0.4285714285714285,2.646089797053719e-06,3.921769803127972e-06,1.4185566215019207e-05,0.0,31,0.1428571428571428,2.464284079906065e-06,1.8420793139739544e-06,2.012432014453225e-05,0.0,14,0.5714285714285714
152,7600.0,2.358103074584505e-06,4.213674401398748e-06,2.0353245417936705e-05,0.0,30,0.2857142857142857,6.3777756622585e-06,7.903405276010744e-06,1.7532354831928387e-05,0.0,25,0.4285714285714285,2.2260942387219984e-06,3.76797925127903e-06,1.41038435685914e-05,0.0,31,0.1428571428571428,1.131527710640512e-06,1.8499029010854429e-06,2.01076745725004e-05,0.0,14,0.5714285714285714
153,7650.0,3.461481810518308e-06,4.244098363415105e-06,2.029690404015128e-05,0.0,30,0.2857142857142857,2.85949158751464e-06,7.152173111535376e-06,1.750951741996687e-05,0.0,25,0.4285714285714285,2.49319373324397e-06,3.753840474018944e-06,1.402174893883057e-05,0.0,31,0.1428571428571428,2.2845747480459977e-06,1.8754190023173578e-06,2.0091923943255097e-05,0.0,14,0.5714285714285714
154,7700.0,2.5341812488477444e-06,4.142772013437934e-06,2.024300738412421e-05,0.0,30,0.2857142857142857,2.9607090255012736e-06,7.1501849561173e-06,1.7484939235146157e-05,0.0,25,0.4285714285714285,2.8051636036252603e-06,3.7507793422264513e-06,1.3940033568360375e-05,0.0,31,0.1428571428571428,1.991387762245722e-06,1.824406808736967e-06,2.0076529835932888e-05,0.0,14,0.5714285714285714
155,7750.0,2.844208665919723e-06,4.168307896179613e-06,2.018760460487101e-05,0.0,30,0.2857142857142857,2.875158315873705e-06,7.2867578637669794e-06,1.7459115042584017e-05,0.0,25,0.4285714285714285,4.195363999315305e-06,3.832321453955956e-06,1.3857313206244726e-05,0.0,31,0.1428571428571428,1.2698590126092313e-06,1.7777113043848658e-06,2.0061363102286123e-05,0.0,14,0.5714285714285714
156,7800.0,2.7019402750738664e-06,4.182602879154729e-06,2.013439552683849e-05,0.0,30,0.2857142857142857,3.11478879666538e-06,7.286690106411697e-06,1.743349821481388e-05,0.0,25,0.4285714285714285,1.729853011056548e-06,3.710960982061806e-06,1.377452917949995e-05,0.0,31,0.1428571428571428,1.6037805607993505e-06,1.7877573554869741e-06,2.0046052668476477e-05,0.0,14,0.5714285714285714
157,7850.0,2.4701062102394644e-06,4.27893792220857e-06,2.00786362256622e-05,0.0,30,0.2857142857142857,2.8305048545007594e-06,7.072525477269664e-06,1.7408303392585367e-05,0.0,25,0.4285714285714285,4.622203050530516e-06,3.910156010533683e-06,1.369113215332618e-05,0.0,31,0.1428571428571428,1.2112941476516426e-06,1.7626982753427e-06,2.0032231986988336e-05,0.0,14,0.5714285714285714
158,7900.0,2.4360595034522703e-06,4.172332410234958e-06,2.0024161131004803e-05,0.0,30,0.2857142857142857,2.4980540729302447e-06,7.154284048738191e-06,1.7385187675245106e-05,0.0,25,0.4285714285714285,1.4641656207459164e-06,3.8060547922214023e-06,1.3607838809548412e-05,0.0,31,0.1428571428571428,1.472994995310728e-06,1.8178823211201234e-06,2.001739267143421e-05,0.0,14,0.5714285714285714
159,7950.0,2.9414682103379164e-06,4.323694611230167e-06,1.996867104026024e-05,0.0,30,0.2857142857142857,2.426215360173956e-06,7.041390290396521e-06,1.7360296624246985e-05,0.0,25,0.4285714285714285,1.6172607502085157e-06,3.6100191209698096e-06,1.352455456071766e-05,0.0,31,0.1428571428571428,1.1740145282601588e-06,1.74716751644155e-06,2.0004546968266368e-05,0.0,14,0.5714285714285714
