,epoch,decoder_0,sindy_x_0,reg_0,sindy_z_0,active_coeffs_0,coeff_0,decoder_1,sindy_x_1,reg_1,sindy_z_1,active_coeffs_1,coeff_1,decoder_2,sindy_x_2,reg_2,sindy_z_2,active_coeffs_2,coeff_2,decoder_3,sindy_x_3,reg_3,sindy_z_3,active_coeffs_3,coeff_3,decoder_4,sindy_x_4,reg_4,sindy_z_4,active_coeffs_4,coeff_4,decoder_5,sindy_x_5,reg_5,sindy_z_5,active_coeffs_5,coeff_5,decoder_6,sindy_x_6,reg_6,sindy_z_6,active_coeffs_6,coeff_6,decoder_7,sindy_x_7,reg_7,sindy_z_7,active_coeffs_7,coeff_7,decoder_8,sindy_x_8,reg_8,sindy_z_8,active_coeffs_8,coeff_8,decoder_9,sindy_x_9,reg_9,sindy_z_9,active_coeffs_9,coeff_9
0,0.0,0.03622039780020714,0.0015988730592653155,9.999999747378752e-06,0.0,60,0.0,0.03703734651207924,0.0014124381123110652,9.999999747378752e-06,0.0,60,0.0,0.03524783253669739,0.0014289336977526546,9.999999747378752e-06,0.0,60,0.0,0.034945111721754074,0.0006965044885873795,9.999999747378752e-06,0.0,60,0.0,0.035817645490169525,0.0013778122374787927,9.999999747378752e-06,0.0,60,0.0,0.037311721593141556,0.0012102642795071006,9.999999747378752e-06,0.0,60,0.0,0.03947507590055466,0.0014568885089829564,9.999999747378752e-06,0.0,60,0.0,0.044806670397520065,0.0015265896217897534,9.999999747378752e-06,0.0,60,0.0,0.03959275409579277,0.001034089014865458,9.999999747378752e-06,0.0,60,0.0,0.03492292761802673,0.0012645942624658346,9.999999747378752e-06,0.0,60,0.0
1,50.0,0.00899998564273119,0.0015978302108123899,9.09773643797962e-06,0.0,60,0.0,0.007912802509963512,0.0014266108628362417,9.176858839055058e-06,0.0,60,0.0,0.008675891906023026,0.0014405114343389869,9.042150850291364e-06,0.0,60,0.0,0.007485040929168463,0.0006982972263358533,9.067156497621909e-06,0.0,60,0.0,0.007979626767337322,0.0015246589900925756,8.949444236350246e-06,0.0,60,0.0,0.009055147878825665,0.0012111893156543374,9.162215974356513e-06,0.0,60,0.0,0.009043782949447632,0.0014581765281036496,9.263921128876973e-06,0.0,60,0.0,0.009420652873814106,0.0015329283196479082,9.365739060740452e-06,0.0,60,0.0,0.007360469084233046,0.0010425604414194822,9.180850611301139e-06,0.0,60,0.0,0.008584581315517426,0.0012672330485656857,9.435588253836613e-06,0.0,60,0.0
2,100.0,0.004488413222134113,0.0015985860954970121,8.537037501810119e-06,0.0,60,0.0,0.0039226035587489605,0.0013045008527114987,9.045957085618284e-06,0.0,60,0.0,0.0038595050573349,0.0014154115924611688,8.692483788763639e-06,0.0,60,0.0,0.002814092906191945,0.0006961998296901584,8.633343895780854e-06,0.0,60,0.0,0.003887294325977564,0.0014065074501559138,8.35544960864354e-06,0.0,60,0.0,0.003936575260013342,0.0012087655486539006,8.744435945118312e-06,0.0,60,0.0,0.004347630310803652,0.001456861151382327,8.783847079030238e-06,0.0,60,0.0,0.005303333979099989,0.001531335641629994,8.894234269973822e-06,0.0,60,0.0,0.004316882696002722,0.0010318661807104945,8.705458640179131e-06,0.0,60,0.0,0.003534264862537384,0.0012552411062642932,9.100441275222693e-06,0.0,60,0.0
3,150.0,0.003909023944288492,0.001588276936672628,8.18401349533815e-06,0.0,60,0.0,0.0034036876168102026,0.001193195697851479,8.851201528159436e-06,0.0,60,0.0,0.003412343328818679,0.0013098749332129955,8.714200703252573e-06,0.0,60,0.0,0.0022341301664710045,0.0006757142837159336,8.193684152502101e-06,0.0,60,0.0,0.003292503533884883,0.0011693957494571805,8.431016794929747e-06,0.0,60,0.0,0.0030205638613551855,0.0011304568033665419,8.605207767686807e-06,0.0,60,0.0,0.0034736786037683487,0.0014511564513668418,8.487818377034273e-06,0.0,60,0.0,0.003919919952750206,0.0014470071764662862,8.768911357037723e-06,0.0,60,0.0,0.003951537422835827,0.0009997511515393853,8.390279617742635e-06,0.0,60,0.0,0.0029605443123728037,0.0011402713134884834,8.97720929060597e-06,0.0,60,0.0
4,200.0,0.0025881484616547823,0.001520895049907267,7.765917871438432e-06,0.0,60,0.0,0.002859863918274641,0.0011504341382533312,8.434042683802545e-06,0.0,60,0.0,0.0024825765285640955,0.0012004503514617682,8.713182978681289e-06,0.0,60,0.0,0.001156688085757196,0.0005633019027300179,7.941290277813096e-06,0.0,60,0.0,0.002065210370346904,0.0011075346264988184,8.364558198081795e-06,0.0,60,0.0,0.0016117667546495795,0.0010193679481744766,8.413805517193396e-06,0.0,60,0.0,0.003091203747317195,0.0014110292540863156,8.417071512667462e-06,0.0,60,0.0,0.0035553325433284044,0.0012218453921377659,8.681086910655722e-06,0.0,60,0.0,0.0038229215424507856,0.0007882321369834244,8.434738447249401e-06,0.0,60,0.0,0.0017971743363887072,0.0010249227052554488,8.883314876584336e-06,0.0,60,0.0
5,250.0,0.0016594795743003488,0.0013424881035462022,7.135499345167773e-06,0.0,60,0.0,0.002104345941916108,0.0010506766848266125,8.037510269787163e-06,0.0,60,0.0,0.0014345413073897362,0.0009433063096366823,8.616611921752337e-06,0.0,60,0.0,0.0007887182873673737,0.0004563257098197937,7.761917004245333e-06,0.0,60,0.0,0.0013373050605878234,0.0009367067250423133,8.300607078126632e-06,0.0,60,0.0,0.0011649937368929386,0.0009101811447180808,8.27198164188303e-06,0.0,60,0.0,0.0017283197958022356,0.0013232475612312555,7.755123988317791e-06,0.0,60,0.0,0.0024796437937766314,0.0011913006892427802,8.39514996187063e-06,0.0,60,0.0,0.003555580973625183,0.0007279480923898518,8.354020792467054e-06,0.0,60,0.0,0.0012127041118219495,0.0007098680944181979,8.820843504508957e-06,0.0,60,0.0
6,300.0,0.0013344594044610858,0.0011620480800047517,7.0723899625591e-06,0.0,55,1.0,0.0013914763694629073,0.0009216018370352685,7.875481969676912e-06,0.0,55,1.0,0.0010074371239170432,0.0007608035230077803,8.477851224597543e-06,0.0,60,0.0,0.0006671624723821878,0.00039084951276890934,7.661121344426647e-06,0.0,59,0.0,0.0010116210905835032,0.000737794442102313,8.1700345617719e-06,0.0,60,0.0,0.0009965731296688318,0.0007734768441878259,8.189837899408303e-06,0.0,57,0.0,0.0012487951898947358,0.0011469031451269984,7.475819984392729e-06,0.0,54,1.0,0.0015749692684039474,0.001065754215233028,8.237830115831457e-06,0.0,60,0.0,0.003015645546838641,0.0006735267234034836,8.026409886952024e-06,0.0,60,0.0,0.0009917061543092132,0.0005398224457167089,8.76563171914313e-06,0.0,59,0.0
7,350.0,0.0011640038574114442,0.0009426852921023965,7.153096703405026e-06,0.0,51,1.0,0.0010387315414845943,0.0007162824622355402,7.982623174029868e-06,0.0,51,2.0,0.0007662015850655735,0.000646419997792691,8.328659532708116e-06,0.0,58,0.0,0.0006112662376835942,0.00034046670771203935,7.537963938375469e-06,0.0,54,1.0,0.0007993322797119617,0.0005697938613593578,7.977651875989977e-06,0.0,58,0.0,0.0008637818391434848,0.000656725896988064,8.132311450026464e-06,0.0,54,1.0,0.0010691367788240314,0.0008424354600720108,7.423500392178539e-06,0.0,45,1.0,0.001189248519949615,0.0008011526078917086,8.269743375421967e-06,0.0,57,0.0,0.0022402966860681772,0.0005875779315829277,7.399497008009348e-06,0.0,58,0.0,0.000881727784872055,0.000452247477369383,8.736947165743914e-06,0.0,57,0.0
8,400.0,0.00103559042327106,0.0007871181005612016,7.128980541892815e-06,0.0,47,1.0,0.0008047393639571965,0.0005020675016567111,8.032489859033376e-06,0.0,51,2.0,0.000614816090092063,0.0005415480118244886,8.197293936973438e-06,0.0,56,0.0,0.0005722548230551183,0.0002909780014306307,7.471672233805293e-06,0.0,51,1.0,0.0006657849880866706,0.0004312906530685723,7.750883924018126e-06,0.0,56,0.0,0.0007218147511593997,0.000597924052271992,8.032611731323414e-06,0.0,53,1.0,0.0009678962524048984,0.0006637512124143541,7.5201837717031594e-06,0.0,44,1.0,0.0009471755474805832,0.0005345194949768484,8.248920494224876e-06,0.0,56,0.0,0.001612774096429348,0.00044897478073835373,6.885791663080454e-06,0.0,55,0.0,0.0007957203197292984,0.00040965230436995625,8.731786692806054e-06,0.0,56,0.0
9,450.0,0.0009355583461001515,0.0007137247594073415,7.066947546263691e-06,0.0,44,1.0,0.0006449452484957874,0.00040063541382551193,8.057867489696946e-06,0.0,50,2.0,0.0005153461243025959,0.0004438060277607292,8.061406333581544e-06,0.0,56,0.0,0.0005313129513524473,0.00025833104155026376,7.457651918230113e-06,0.0,49,1.0,0.0005775327445007861,0.0003595332382246852,7.555818228865974e-06,0.0,54,0.0,0.0005942002171650529,0.000542260124348104,7.930948413559236e-06,0.0,52,1.0,0.0008917093509808183,0.0005454996135085821,7.530067250627326e-06,0.0,42,1.0,0.0007390539394691586,0.00040910777170211077,8.04247429186944e-06,0.0,52,0.0,0.0012320935493335128,0.0003341340343467891,6.657056474068668e-06,0.0,51,1.0,0.0007172660552896559,0.0003891868400387466,8.679096026753541e-06,0.0,55,0.0
10,500.0,0.0008596323314122856,0.0006595657905563712,7.003170139796566e-06,0.0,43,1.0,0.000537557527422905,0.0003568754473235458,8.075717232713941e-06,0.0,48,2.0,0.0004448663385119289,0.0003720921231433749,7.938138878671452e-06,0.0,53,1.0,0.00048339981003664434,0.00024172343546524644,7.45259740142501e-06,0.0,47,2.0,0.0005145251052454114,0.00031711874180473387,7.403852123388788e-06,0.0,50,1.0,0.0004915259196422994,0.00045837825746275485,7.865803127060644e-06,0.0,49,2.0,0.0008321608765982091,0.0004582636756822467,7.51214020056068e-06,0.0,42,1.0,0.0005749008269049227,0.00034426074125804007,7.867248314141762e-06,0.0,47,0.0,0.000992240384221077,0.0002752722939476371,6.61635203869082e-06,0.0,49,1.0,0.0006323073175735772,0.0003807142493315041,8.580675967095885e-06,0.0,53,1.0
11,550.0,0.0008033569320105016,0.0005816236953251064,6.957950517971767e-06,0.0,41,1.0,0.00046397169353440404,0.00033123130560852587,8.076197445916478e-06,0.0,48,2.0,0.00039215810829773545,0.00032431958243250847,7.87948192737531e-06,0.0,51,1.0,0.0004078323545400053,0.00023263614275492728,7.419528174068546e-06,0.0,44,2.0,0.0004634739307221025,0.00028876695432700217,7.293388534890255e-06,0.0,49,1.0,0.00041297063580714166,0.0003674291947390884,7.820095561328344e-06,0.0,49,2.0,0.0007821594481356442,0.0003981506743002683,7.471707704098662e-06,0.0,41,1.0,0.0004632885684259236,0.0003071163664571941,7.729650860710535e-06,0.0,46,1.0,0.0008272689883597195,0.0002472364576533437,6.617607141379267e-06,0.0,46,1.0,0.000538073421921581,0.00037828474887646735,8.452585461782292e-06,0.0,51,1.0
12,600.0,0.0007478814804926515,0.0004797118599526584,6.942955224076286e-06,0.0,40,2.0,0.0004128744767513126,0.000310970121063292,8.065684596658684e-06,0.0,47,2.0,0.00035210768692195415,0.00029355395236052573,7.850042493373621e-06,0.0,50,1.0,0.00030512045486830175,0.00021852079953532666,7.332154837058624e-06,0.0,43,2.0,0.00042194497655145824,0.0002721186901908368,7.20668049325468e-06,0.0,45,1.0,0.0003560407494660467,0.00030468919430859387,7.746793016849551e-06,0.0,49,2.0,0.0007342792232520878,0.0003655626787804067,7.428162007272476e-06,0.0,41,1.0,0.00038816299638710916,0.0002798046625684947,7.614649803144857e-06,0.0,45,1.0,0.0007012907299213111,0.00023305969079956412,6.638623744947836e-06,0.0,46,1.0,0.00046989493421278894,0.0003651726874522865,8.331418030138593e-06,0.0,49,1.0
13,650.0,0.0006477615679614246,0.00043553460272960365,6.952716375963064e-06,0.0,39,2.0,0.0003730835160240531,0.00029406495741568506,8.058022103796247e-06,0.0,47,2.0,0.00032109938911162317,0.0002716862945817411,7.840810212655924e-06,0.0,50,1.0,0.00023273390252143145,0.00017717538867145777,7.278692010004306e-06,0.0,40,2.0,0.00038611303898505867,0.00025532604195177555,7.145538802433293e-06,0.0,43,1.0,0.0003164920781273395,0.0002698412863537669,7.67983692639973e-06,0.0,47,2.0,0.0006861385772936046,0.00034720083931460977,7.378042027994525e-06,0.0,41,1.0,0.000334717973601073,0.0002588487113825977,7.50480467104353e-06,0.0,44,1.0,0.0006013208767399192,0.0002174678520532325,6.652995125477901e-06,0.0,46,1.0,0.0004160813114140183,0.0003474708355497569,8.217964932555333e-06,0.0,47,1.0
14,700.0,0.0005478833336383104,0.0004130451998207718,6.9773063842148986e-06,0.0,38,2.0,0.00034152527223341167,0.0002783229574561119,8.049591997405514e-06,0.0,46,2.0,0.000295372650725767,0.000254080630838871,7.845971595088486e-06,0.0,45,1.0,0.00019125461403746158,0.00013236081576906145,7.27179940440692e-06,0.0,39,2.0,0.00035589371691457927,0.0002420520904706791,7.109247235348448e-06,0.0,39,1.0,0.000288186885882169,0.00024685601238161325,7.661265954084229e-06,0.0,44,2.0,0.0006322163972072303,0.0003351398045197129,7.32260605218471e-06,0.0,41,1.0,0.0002966696920339018,0.00024127775395754725,7.416304924845463e-06,0.0,44,1.0,0.0005246025393716991,0.00020281247270759195,6.6610668909561355e-06,0.0,45,1.0,0.00036987464409321547,0.000331614981405437,8.131285540002864e-06,0.0,46,1.0
15,750.0,0.0004723264428321272,0.000393999827792868,7.007512976997532e-06,0.0,36,2.0,0.00031612778548151255,0.00026588942273519933,8.046590664889663e-06,0.0,45,2.0,0.00027436958043836057,0.0002435680798953399,7.893332622188609e-06,0.0,44,1.0,0.0001656996610108763,0.0001138089646701701,7.204863322840538e-06,0.0,39,2.0,0.00033128581708297133,0.00023050013987813145,7.098406513250666e-06,0.0,38,1.0,0.0002674355637282133,0.0002331122086616233,7.645588084415067e-06,0.0,41,2.0,0.000572501914575696,0.0003269300505053252,7.261468454089481e-06,0.0,40,1.0,0.00026640851865522563,0.00022566987900063396,7.337074748647865e-06,0.0,44,1.0,0.00046757710515521467,0.00019282367429696023,6.669603862974327e-06,0.0,42,1.0,0.00033184714266099036,0.0003180161293130368,8.06716980150668e-06,0.0,45,1.0
16,800.0,0.0004126464482396841,0.00037406879710033536,7.042711786198197e-06,0.0,34,2.0,0.00029504665872082114,0.0002490206970833242,8.031535799091216e-06,0.0,45,2.0,0.00025752841611392796,0.0002346258843317628,7.948881830088794e-06,0.0,43,1.0,0.00014850861043669283,0.00010269344784319401,7.137394277378917e-06,0.0,38,2.0,0.00030894853989593685,0.00022106003598310053,7.113084393495228e-06,0.0,38,1.0,0.0002500328700989485,0.00022260364494286478,7.639236173417885e-06,0.0,40,2.0,0.0005119651323184371,0.0003260783269070089,7.204147550510243e-06,0.0,39,1.0,0.00024391745682805777,0.00021185414516367018,7.26810594642302e-06,0.0,44,1.0,0.0004205675795674324,0.00018805231957230717,6.684462277917191e-06,0.0,40,1.0,0.0002998597628902644,0.00030746927950531244,8.011637874005828e-06,0.0,43,2.0
17,850.0,0.0003612845321185887,0.0003545330255292356,7.083794116624631e-06,0.0,34,2.0,0.00027585538919083774,0.00023479954688809812,8.021451321837958e-06,0.0,45,2.0,0.00024224496155511588,0.0002273554273415357,8.00477027951274e-06,0.0,43,1.0,0.00013580209633801132,9.580728510627523e-05,7.090688541211421e-06,0.0,37,2.0,0.000290375086478889,0.00021214100706856698,7.133269264159026e-06,0.0,38,1.0,0.00023580904235132039,0.00021561315224971622,7.642282980668824e-06,0.0,40,2.0,0.0004548165888991207,0.0003273321781307459,7.145500148908468e-06,0.0,37,1.0,0.0002262002817587927,0.00020002020755782723,7.214785000542179e-06,0.0,42,1.0,0.0003836117102764547,0.00017926229338627309,6.702481186948717e-06,0.0,38,1.0,0.0002731585700530559,0.0002948216279037297,7.946810910652857e-06,0.0,43,2.0
18,900.0,0.0003195996396243572,0.00033507702755741775,7.1159938670462e-06,0.0,34,2.0,0.0002584376488812268,0.00022029204410500824,8.00423094915459e-06,0.0,43,2.0,0.00022905846708454192,0.0002208240912295878,8.056323167693336e-06,0.0,43,1.0,0.00012616119056474417,9.092858817894012e-05,7.060823918436654e-06,0.0,37,2.0,0.0002727181708905846,0.00020336479065008461,7.1557956289325375e-06,0.0,38,1.0,0.00022457601153291762,0.00021176955488044769,7.64108062867308e-06,0.0,39,2.0,0.00040557514876127243,0.00032761090551503,7.091691259120125e-06,0.0,37,1.0,0.00021166144870221615,0.00018824641301762313,7.169431228248868e-06,0.0,40,2.0,0.00035312154795974493,0.00017173317610286176,6.74775947118178e-06,0.0,38,1.0,0.0002506539167370647,0.0002824287803377956,7.877254574850667e-06,0.0,42,2.0
19,950.0,0.0002862418768927455,0.00031590808066539466,7.141334663174348e-06,0.0,34,2.0,0.00024250913702417165,0.00020611551008187234,7.99333065515384e-06,0.0,42,2.0,0.00021682963415514678,0.0002145679172826931,8.106183486233931e-06,0.0,43,1.0,0.00011795642785727978,8.694294228916988e-05,7.027831088635139e-06,0.0,35,3.0,0.0002589116629678756,0.0001947336277225986,7.179577551141847e-06,0.0,37,1.0,0.00021374598145484924,0.0002045555302174762,7.648992323083803e-06,0.0,39,2.0,0.0003658308123704046,0.00032954232301563025,7.035441285552224e-06,0.0,36,1.0,0.00019964738748967648,0.0001832025736803189,7.1680397013551556e-06,0.0,38,2.0,0.0003296429058536887,0.00016548413259442896,6.792812655476155e-06,0.0,38,1.0,0.00023177727416623384,0.0002696430019568652,7.8229459177237e-06,0.0,40,2.0
20,1000.0,0.00025962249492295086,0.00029659122810699046,7.1591239247936755e-06,0.0,34,2.0,0.00022800907026976347,0.00019154838810209185,7.98241853772197e-06,0.0,40,2.0,0.00020627032790798694,0.0002080544363707304,8.153353519446682e-06,0.0,42,1.0,0.00011147269833600149,8.367422560695559e-05,7.022108093224233e-06,0.0,34,3.0,0.00024346621648874134,0.00018632200954016298,7.20722437108634e-06,0.0,37,1.0,0.00020487469737417996,0.0001987621799344197,7.646298399777152e-06,0.0,37,2.0,0.0003296585055068135,0.00033308329875580966,6.98519170327927e-06,0.0,36,1.0,0.00018837657989934087,0.00017096096416935325,7.180952707130928e-06,0.0,37,2.0,0.0003110359248239547,0.00016037114255595952,6.838324679847574e-06,0.0,37,1.0,0.00021634323638863862,0.0002526704629417509,7.788680704834405e-06,0.0,40,2.0
21,1050.0,0.00023740532924421132,0.00027992858667857945,7.168094725784613e-06,0.0,33,2.0,0.00021550578821916133,0.00017988323816098273,7.96986114437459e-06,0.0,39,2.0,0.00019644333224277943,0.0002018814702751115,8.197727765946183e-06,0.0,42,1.0,0.00010628090240061283,8.11948484624736e-05,7.027798801573226e-06,0.0,34,3.0,0.0002303294459125027,0.0001783314801286906,7.232618372654542e-06,0.0,37,1.0,0.00019707460887730122,0.0001927294651977718,7.637408089067321e-06,0.0,36,2.0,0.00029626008472405374,0.000339405465638265,6.933976237633033e-06,0.0,36,1.0,0.00017846432456281036,0.00016684690490365028,7.207658200059086e-06,0.0,35,2.0,0.00029484304832294583,0.00015389538020826876,6.883567948534619e-06,0.0,37,1.0,0.00020337814930826426,0.00023103677085600793,7.767720489937346e-06,0.0,37,3.0
22,1100.0,0.00021791488688904792,0.00025890578399412334,7.174861821113154e-06,0.0,33,2.0,0.00020408295677043498,0.00016950593271758407,7.958718015288468e-06,0.0,37,2.0,0.00018771454051602632,0.00019615585915744305,8.235337190853897e-06,0.0,41,1.0,0.00010033160651801154,7.895539602031931e-05,7.03090427123243e-06,0.0,34,3.0,0.00021833633945789188,0.00017062018741853535,7.2538136919320095e-06,0.0,36,1.0,0.00018988361989613622,0.00018754192569758743,7.641190677531995e-06,0.0,35,2.0,0.00026223206077702343,0.00034806295298039913,6.888787083880743e-06,0.0,35,1.0,0.00016959056665655226,0.00015752606850583106,7.247648227348691e-06,0.0,35,2.0,0.0002790429280139506,0.00014821221702732146,6.9384350354084745e-06,0.0,37,1.0,0.00019105525279883295,0.0002064638101728633,7.790262316120788e-06,0.0,36,3.0
23,1150.0,0.00020020916417706758,0.00024288627901114523,7.181490673247026e-06,0.0,33,2.0,0.00019324936147313565,0.00016012984269764274,7.969202670210507e-06,0.0,36,3.0,0.00017947491141967475,0.00018909538630396128,8.277365850517526e-06,0.0,41,1.0,9.550386312184855e-05,7.700399874011055e-05,7.030630968074547e-06,0.0,34,3.0,0.00020682209287770092,0.00016249854525085539,7.277622444235021e-06,0.0,36,1.0,0.00018302588432561606,0.00018319577793590724,7.654663932044059e-06,0.0,35,2.0,0.0002396057388978079,0.0003508968511596322,6.865322575322352e-06,0.0,33,2.0,0.00016246292216237634,0.00015222352521959692,7.294147053471534e-06,0.0,35,2.0,0.0002624325279612094,0.00014188906061463058,6.9974134930816945e-06,0.0,37,1.0,0.00018088100478053093,0.00018413296493235976,7.81989820097806e-06,0.0,34,3.0
24,1200.0,0.00018481606093700975,0.00022836933203507215,7.184040441643447e-06,0.0,31,2.0,0.00018354886560700834,0.0001520607911515981,7.986875971255358e-06,0.0,35,3.0,0.00017162811127491295,0.00018294583423994482,8.318180334754288e-06,0.0,41,1.0,9.120431786868721e-05,7.508438284276053e-05,7.030075721559115e-06,0.0,34,3.0,0.00019602302927523851,0.00015458979760296643,7.299564458662644e-06,0.0,32,2.0,0.00017663642938714474,0.00017845796537585557,7.669312253710814e-06,0.0,34,2.0,0.0002218757726950571,0.00035382944042794406,6.859075256215874e-06,0.0,32,2.0,0.00015433660882990807,0.00014743286010343581,7.342910976149142e-06,0.0,34,2.0,0.00024556368589401245,0.00013538369967136532,7.060648840706563e-06,0.0,35,2.0,0.00016862356278579682,0.00016927215619944036,7.871516572777182e-06,0.0,33,3.0
25,1250.0,0.00017092724738176912,0.0002144501340808347,7.196138994913781e-06,0.0,31,2.0,0.00017560993728693575,0.00014555793313775212,8.011385034478735e-06,0.0,35,3.0,0.00016343289462383837,0.00017721240874379873,8.357920705748256e-06,0.0,39,1.0,8.64762332639657e-05,7.298588752746582e-05,7.032685516605852e-06,0.0,33,3.0,0.00018641869246494025,0.00014857380301691592,7.352607553912094e-06,0.0,32,2.0,0.00017084764840546995,0.00017454901535529643,7.687072866247036e-06,0.0,34,2.0,0.00020913942717015743,0.0003480572486296296,6.8791323428740725e-06,0.0,31,2.0,0.00014837471826467663,0.00014220757293514907,7.389683105429867e-06,0.0,34,2.0,0.0002300796186318621,0.0001277917472179979,7.144089977373369e-06,0.0,35,2.0,0.0001590339234098792,0.00015637051546946168,7.931875188660342e-06,0.0,32,3.0
26,1300.0,0.00015932251699268818,0.00020330229017417878,7.20745492799324e-06,0.0,31,2.0,0.00016674377548042685,0.00013899219629820436,8.039778549573384e-06,0.0,33,3.0,0.0001563490804983303,0.0001712299563223496,8.406022971030325e-06,0.0,39,1.0,8.27969706733711e-05,7.128983997972682e-05,7.042829111014726e-06,0.0,31,3.0,0.00017632624076213688,0.00014225578343030065,7.42867678127368e-06,0.0,31,2.0,0.00016382556350436062,0.00017032767937052995,7.703206392761786e-06,0.0,34,2.0,0.00020164552552159876,0.0003439234278630465,6.90505248712725e-06,0.0,31,2.0,0.000140990421641618,0.00013704277807846665,7.441773050231859e-06,0.0,34,2.0,0.00021664320956915617,0.00012231354776304215,7.230505616462324e-06,0.0,35,2.0,0.00015139854804147035,0.0001463224907638505,7.994837687874679e-06,0.0,32,3.0
27,1350.0,0.00014671403914690018,0.00019276248349342495,7.214107881736709e-06,0.0,31,2.0,0.000158345079398714,0.00013375261914916337,8.087355126917828e-06,0.0,32,3.0,0.00014847359852865338,0.0001677560358075425,8.453960617771372e-06,0.0,38,1.0,8.03490838734433e-05,6.982540799072012e-05,7.061310952849453e-06,0.0,31,3.0,0.00016784528270363808,0.00013653523637913167,7.51138622945291e-06,0.0,30,2.0,0.0001584873243700713,0.00016620710084680468,7.717046173638664e-06,0.0,34,2.0,0.00018479317077435553,0.00033970008371397853,6.931928965059342e-06,0.0,31,2.0,0.00013445042714010924,0.0001328157086391002,7.495447334804339e-06,0.0,33,2.0,0.00020403426606208086,0.00011672191612888128,7.317838480958017e-06,0.0,35,2.0,0.00014272342377807945,0.00013788408250547945,8.054400495893788e-06,0.0,32,3.0
28,1400.0,0.00013640020915772766,0.0001831276313168928,7.217499842226971e-06,0.0,31,2.0,0.0001499208010500297,0.00012908138160128146,8.135531970765442e-06,0.0,31,3.0,0.0001411845296388492,0.00016038307512644678,8.508873179380316e-06,0.0,36,1.0,7.516935147577897e-05,6.799343827879056e-05,7.077452210069168e-06,0.0,31,3.0,0.0001584798883413896,0.0001333109976258129,7.596145678689936e-06,0.0,29,2.0,0.00015068493667058647,0.00016204011626541615,7.727477168373298e-06,0.0,34,2.0,0.00017341009515803307,0.0003327256126794964,6.958928679523524e-06,0.0,31,2.0,0.0001282477896893397,0.00012820579286199063,7.554292096756399e-06,0.0,33,2.0,0.00019190118473488837,0.0001112506870413199,7.408501460304251e-06,0.0,35,2.0,0.00013598593068309128,0.00013100815704092383,8.112260729831178e-06,0.0,32,3.0
29,1450.0,0.00012772349873557687,0.0001751548406900838,7.232275947899325e-06,0.0,30,2.0,0.00014383415691554546,0.00012502333265729249,8.19387332740007e-06,0.0,31,3.0,0.0001347467041341588,0.00015441729919984937,8.579018867749255e-06,0.0,36,1.0,7.179076783359051e-05,6.627552647842094e-05,7.0900964601605665e-06,0.0,31,3.0,0.00015051451919134706,0.00012701192463282496,7.69361031416338e-06,0.0,29,2.0,0.00014468241715803742,0.00015764452109578997,7.734673090453725e-06,0.0,34,2.0,0.0001614371285540983,0.0003248554130550474,6.997011496423511e-06,0.0,30,2.0,0.00012249700375832617,0.00012345424329396337,7.610706688865321e-06,0.0,33,2.0,0.00018026817997451872,0.00010619964450597763,7.502138487325283e-06,0.0,35,2.0,0.00012978985614608973,0.00012541381875053048,8.171485205821227e-06,0.0,31,3.0
30,1500.0,0.0001191426781588234,0.00016739346028771251,7.241395451274002e-06,0.0,30,2.0,0.00013657555973622948,0.00012114407581975684,8.249166057794355e-06,0.0,31,3.0,0.0001273999223485589,0.00014852963795419782,8.643952241982333e-06,0.0,36,1.0,6.99570300639607e-05,6.493700493592769e-05,7.099258255038876e-06,0.0,31,3.0,0.0001429909170838073,0.00012159900506958365,7.78053163230652e-06,0.0,29,2.0,0.0001373210543533787,0.00015385710867121816,7.748256393824704e-06,0.0,32,2.0,0.00015163108764681965,0.0003152753633912653,7.030943379504606e-06,0.0,29,3.0,0.00011739267938537523,0.0001190248440252617,7.671128514630254e-06,0.0,32,2.0,0.00016760725702624768,0.00010249961633235216,7.593202553834999e-06,0.0,34,2.0,0.00012346987205091864,0.00012029175559291616,8.232172149291728e-06,0.0,31,3.0
31,1550.0,0.00011088290921179578,0.00016027421224862337,7.242832452902803e-06,0.0,30,2.0,0.0001296841655857861,0.00011766637180699036,8.303364666062407e-06,0.0,31,3.0,0.00012072303798049688,0.00014224839105736464,8.706149856152479e-06,0.0,36,1.0,6.553765706485137e-05,6.301663961494341e-05,7.10539552528644e-06,0.0,31,3.0,0.00013631714682560414,0.0001166778092738241,7.860446203267202e-06,0.0,29,2.0,0.00013123295502737164,0.0001489356509409845,7.778281542414334e-06,0.0,31,2.0,0.0001426941016688943,0.0003038128197658807,7.072107109706849e-06,0.0,28,3.0,0.0001112190802814439,0.00011456639185780659,7.7332233558991e-06,0.0,32,2.0,0.00016036724264267832,9.761571709532291e-05,7.685865966777783e-06,0.0,33,2.0,0.00011722600174834952,0.00011581061698962003,8.292980055557564e-06,0.0,31,3.0
32,1600.0,0.00010450944682816043,0.00015434819215442985,7.242534138640622e-06,0.0,30,2.0,0.00012341595720499754,0.00011439059744589031,8.357844308193307e-06,0.0,31,3.0,0.00011447114229667932,0.00013562578533310443,8.765479833527934e-06,0.0,36,1.0,6.276635394897312e-05,6.148963439045474e-05,7.110907063179184e-06,0.0,30,3.0,0.0001294452085858211,0.0001120759334298782,7.935540452308487e-06,0.0,29,2.0,0.00012424583837855607,0.00014481482503470033,7.824892236385494e-06,0.0,31,2.0,0.00013201106048654765,0.00029121668194420636,7.115933840395883e-06,0.0,28,3.0,0.00010595722415018827,0.00011053099296987057,7.790715244482271e-06,0.0,32,2.0,0.00014588971680495888,9.414632222615182e-05,7.778226063237526e-06,0.0,33,2.0,0.00011205154441995546,0.00011185035691596568,8.352009899681434e-06,0.0,31,3.0
33,1650.0,9.735416824696586e-05,0.00014897951041348279,7.2412449299008586e-06,0.0,30,2.0,0.0001175070574390702,0.00011117485701106489,8.417620847467333e-06,0.0,30,3.0,0.00010931499127764255,0.00012927711941301823,8.823436473903712e-06,0.0,36,1.0,5.963812509435229e-05,5.962066643405706e-05,7.122199804143747e-06,0.0,29,4.0,0.00012287007120903581,0.0001079420544556342,8.00573434389662e-06,0.0,29,2.0,0.00011813204037025571,0.0001409859542036429,7.872265996411443e-06,0.0,31,2.0,0.00012337292719166726,0.00027730187866836786,7.155737876018975e-06,0.0,28,3.0,0.00010107240086654201,0.00010690821363823488,7.846637345210183e-06,0.0,32,2.0,0.00013515901810023934,9.149631659965962e-05,7.862819984438829e-06,0.0,33,2.0,0.00010697823017835617,0.00010823441698448732,8.408356734435074e-06,0.0,31,3.0
34,1700.0,9.15598648134619e-05,0.00014392146840691566,7.24177925803815e-06,0.0,30,2.0,0.00011154248204547912,0.00010823072079801932,8.482944394927472e-06,0.0,30,3.0,0.00010290128557244316,0.00012282012903597206,8.881253052095417e-06,0.0,35,1.0,5.665100979967974e-05,5.997871630825102e-05,7.1468239184468985e-06,0.0,28,4.0,0.00011718601308530197,0.00010411482799099758,8.075826372078154e-06,0.0,28,2.0,0.00011231149983359501,0.00013717057299800217,7.918647497717757e-06,0.0,31,2.0,0.00011661754979286343,0.00026282595354132354,7.196283149824012e-06,0.0,27,4.0,9.703914838610217e-05,0.00010334852413507178,7.902695870143361e-06,0.0,32,2.0,0.0001301933516515419,8.814443572191522e-05,7.9398560046684e-06,0.0,33,2.0,0.00010236540401820093,0.00010487451072549447,8.461493962386157e-06,0.0,31,3.0
35,1750.0,8.622847235528752e-05,0.0001398302847519517,7.241389994305791e-06,0.0,30,2.0,0.00010629952157614753,0.00010550610750215128,8.547172001271974e-06,0.0,30,3.0,9.710049926070496e-05,0.0001174166682176292,8.954485565482173e-06,0.0,34,2.0,5.379248977988027e-05,5.642746691592038e-05,7.17608054401353e-06,0.0,28,4.0,0.00011209033254999667,0.00010069530981127173,8.136184987961315e-06,0.0,28,2.0,0.00010659149120328948,0.0001333427644567564,7.964621545397677e-06,0.0,31,2.0,0.00010880990157602355,0.00024874057271517813,7.240309514600085e-06,0.0,27,4.0,9.259310172637925e-05,0.00010433080024085939,7.956556146382354e-06,0.0,31,2.0,0.00011665490455925465,8.628217619843781e-05,8.01201349531766e-06,0.0,33,2.0,9.869496716419235e-05,0.0001016472524497658,8.510892257618252e-06,0.0,31,3.0
36,1800.0,8.097717363853008e-05,0.00013546108675654978,7.240537343022879e-06,0.0,30,2.0,0.00010090448631672189,0.00010283603478455916,8.61105763760861e-06,0.0,30,3.0,9.258811769541353e-05,0.00011302288476144895,9.028558451973367e-06,0.0,34,2.0,5.116805186844431e-05,5.49639698874671e-05,7.214548531919718e-06,0.0,28,4.0,0.00010616506187943742,9.760128887137398e-05,8.19057004264323e-06,0.0,28,2.0,0.00010072854638565332,0.0001296441478189081,8.009774319361895e-06,0.0,30,3.0,0.00010193204798270017,0.00023438131029251963,7.278179509739857e-06,0.0,27,4.0,8.68663628352806e-05,9.690810838947073e-05,8.000149136933032e-06,0.0,30,2.0,0.00011026053834939376,8.358872582903132e-05,8.080478437477723e-06,0.0,33,2.0,9.505960042588413e-05,9.84283396974206e-05,8.558874469599687e-06,0.0,31,3.0
37,1850.0,7.576608913950622e-05,0.0001317826536251232,7.239476417453261e-06,0.0,30,2.0,9.773449710337445e-05,0.00010088350245496258,8.67395556269912e-06,0.0,30,3.0,8.769388659857213e-05,0.0001087681157514453,9.095770110434387e-06,0.0,34,2.0,4.9506885261507705e-05,5.330298517947085e-05,7.255754098878242e-06,0.0,28,4.0,0.00010073506564367563,9.47655425989069e-05,8.240902388934046e-06,0.0,28,2.0,9.557281009620056e-05,0.00012561485345941037,8.066162081377115e-06,0.0,30,3.0,9.485225746175274e-05,0.00021921447478234768,7.305313374672551e-06,0.0,27,4.0,8.273676212411374e-05,9.480621520197019e-05,8.054101272136904e-06,0.0,30,2.0,0.00010170690075028688,8.080647239694372e-05,8.141754733514972e-06,0.0,32,3.0,9.108115773415193e-05,9.524772758595645e-05,8.60521959111793e-06,0.0,31,3.0
38,1900.0,7.122172246454284e-05,0.00012806319864466786,7.238269972731359e-06,0.0,30,2.0,9.213045996148139e-05,9.844253509072587e-05,8.734743460081518e-06,0.0,30,3.0,8.322114445036277e-05,0.00010555585322435945,9.154766303254291e-06,0.0,34,2.0,4.623067798092961e-05,5.175832848181017e-05,7.296346666407771e-06,0.0,28,4.0,9.562524792272598e-05,9.211922588292509e-05,8.289092875202186e-06,0.0,28,2.0,9.032777597894892e-05,0.00012186087406007573,8.118544428725727e-06,0.0,30,3.0,9.02499959920533e-05,0.00020312838023528457,7.3289656938868575e-06,0.0,27,4.0,7.859730249037966e-05,9.28858935367316e-05,8.105737833830062e-06,0.0,30,2.0,9.643250814406201e-05,7.847203232813627e-05,8.201366654247977e-06,0.0,32,3.0,8.662682375870645e-05,9.194813901558518e-05,8.650499694340397e-06,0.0,30,3.0
39,1950.0,6.884735194034874e-05,0.00012493168469518423,7.236732017190661e-06,0.0,30,2.0,8.778244227869436e-05,9.64856953942217e-05,8.792925655143335e-06,0.0,30,3.0,7.916684990050271e-05,0.00010253891377942637,9.208411029248964e-06,0.0,33,2.0,4.489526691031642e-05,5.04154922964517e-05,7.335007467190735e-06,0.0,28,4.0,9.069830412045121e-05,8.968829934019595e-05,8.331741810252424e-06,0.0,28,2.0,8.647751383250579e-05,0.00011828904825961217,8.166872248693835e-06,0.0,30,3.0,8.501813135808334e-05,0.00018695081234909594,7.341103810176719e-06,0.0,27,4.0,7.542522507719696e-05,9.114679414778948e-05,8.154587703756988e-06,0.0,30,2.0,9.109146776609123e-05,7.566635758848861e-05,8.259846254077274e-06,0.0,32,3.0,8.341459761140868e-05,8.9336208475288e-05,8.70503754413221e-06,0.0,30,3.0
40,2000.0,6.363708962453529e-05,0.00012177432654425502,7.2350489972450305e-06,0.0,30,2.0,8.41740911710076e-05,9.457626583753154e-05,8.851464372128248e-06,0.0,30,3.0,7.555732008768246e-05,0.00010007712262449786,9.26081611396512e-06,0.0,33,2.0,4.156016439083032e-05,4.8613943363307044e-05,7.372317668341566e-06,0.0,27,4.0,8.646857895655558e-05,8.748170512262732e-05,8.369333954760805e-06,0.0,28,2.0,8.092931966530159e-05,0.00011466957221273333,8.212028660636861e-06,0.0,30,3.0,7.955756882438436e-05,0.00017162764561362565,7.347895916609559e-06,0.0,27,4.0,7.437158637912944e-05,8.986161992652342e-05,8.20062996353954e-06,0.0,30,2.0,9.004165622172877e-05,7.378154259640723e-05,8.317704669025261e-06,0.0,32,3.0,8.049169991863891e-05,8.693934796610847e-05,8.760008313402068e-06,0.0,30,3.0
41,2050.0,6.09168091614265e-05,0.00012475760013330728,7.232775715237949e-06,0.0,29,2.0,8.062420965870842e-05,9.271812450606376e-05,8.908035852073226e-06,0.0,30,3.0,7.255793025251478e-05,9.767300070961937e-05,9.312620932178106e-06,0.0,33,2.0,3.941719114664011e-05,4.7310604713857174e-05,7.425428066198947e-06,0.0,27,4.0,8.184084435924888e-05,8.530478226020932e-05,8.40320444694953e-06,0.0,27,2.0,7.670700142625719e-05,0.00011118365364382043,8.258491106971633e-06,0.0,30,3.0,7.874815491959453e-05,0.00015766327851451933,7.345682206505444e-06,0.0,27,4.0,6.820283306296915e-05,8.755317685427144e-05,8.243726369983051e-06,0.0,30,2.0,8.059542597038671e-05,7.135749910958111e-05,8.371948752028402e-06,0.0,32,3.0,7.725874456809834e-05,8.437575161224231e-05,8.815803994366433e-06,0.0,29,3.0
42,2100.0,5.742319626733661e-05,0.00011601181904552504,7.236629699036712e-06,0.0,29,2.0,7.75603111833334e-05,9.102913463721052e-05,8.962503670773003e-06,0.0,30,3.0,6.928862421773374e-05,9.524943743599579e-05,9.362109267385677e-06,0.0,32,2.0,3.7616595363942906e-05,4.584947237162851e-05,7.480331532860873e-06,0.0,27,4.0,7.829791866242886e-05,8.303652430186048e-05,8.449035703961272e-06,0.0,26,2.0,7.265718159032986e-05,0.00010876866144826636,8.305892151838634e-06,0.0,29,3.0,7.030377310002223e-05,0.00014476438809651881,7.339003332162974e-06,0.0,27,4.0,6.518695590784773e-05,8.55917896842584e-05,8.285213880299125e-06,0.0,30,2.0,7.50928811612539e-05,6.912304525030777e-05,8.424849511357024e-06,0.0,32,3.0,7.546154665760696e-05,8.23002919787541e-05,8.875433195498772e-06,0.0,29,3.0
43,2150.0,5.466714719659649e-05,0.00011329685366945341,7.241834282467607e-06,0.0,29,2.0,7.438612374244258e-05,8.937461825553328e-05,9.013942872115877e-06,0.0,30,3.0,6.602284702239558e-05,9.252417657990009e-05,9.404372576682363e-06,0.0,32,2.0,3.6103207094129175e-05,4.447139872354455e-05,7.533883945143316e-06,0.0,27,4.0,7.402736082440242e-05,8.10362835181877e-05,8.502190212311689e-06,0.0,25,2.0,6.91340392222628e-05,0.00010496792674530298,8.34986349218525e-06,0.0,29,3.0,7.177315274020657e-05,0.0001330792292719707,7.3301189331687056e-06,0.0,26,4.0,6.227670382941142e-05,8.388941932935268e-05,8.323911970364861e-06,0.0,30,2.0,7.127626304281875e-05,6.666394619969651e-05,8.474960850435309e-06,0.0,32,3.0,7.258890400407836e-05,8.027316653169692e-05,8.933549906942062e-06,0.0,29,3.0
44,2200.0,5.1157385314581916e-05,0.00011065307626267895,7.244750577228842e-06,0.0,29,2.0,7.321380689973012e-05,8.800726209301502e-05,9.0630992417573e-06,0.0,30,3.0,6.381959246937186e-05,9.022454469231889e-05,9.439896530238912e-06,0.0,32,2.0,3.391547943465412e-05,4.422661368153058e-05,7.5860311881115194e-06,0.0,26,4.0,7.086237019393593e-05,7.911893771961331e-05,8.55003781907726e-06,0.0,25,2.0,6.713673064950854e-05,0.00010166661377297714,8.38945106806932e-06,0.0,29,3.0,6.204485544003546e-05,0.00012413236254360527,7.315233233384788e-06,0.0,26,4.0,6.018689236952923e-05,8.252044790424407e-05,8.36030812934041e-06,0.0,30,2.0,6.935475539648905e-05,6.395497621269897e-05,8.522865755367093e-06,0.0,32,3.0,7.018728501861915e-05,7.829327660147101e-05,8.989391062641516e-06,0.0,29,3.0
45,2250.0,4.856895247939974e-05,0.00010829095845110714,7.246543191286037e-06,0.0,29,2.0,6.985169602558017e-05,8.629462536191568e-05,9.109908205573447e-06,0.0,30,3.0,6.18373669567518e-05,8.816819899948314e-05,9.469987162447069e-06,0.0,32,2.0,3.462027234490961e-05,4.1774903365876526e-05,7.631976586708333e-06,0.0,26,4.0,6.802981806686148e-05,7.754802209092304e-05,8.595276085543446e-06,0.0,25,2.0,6.344962457660586e-05,9.917355055222288e-05,8.427701686741784e-06,0.0,28,3.0,5.7821896916721016e-05,0.00011594532406888902,7.30027022655122e-06,0.0,26,4.0,5.6296437833225355e-05,8.11470381449908e-05,8.395236363867298e-06,0.0,30,2.0,6.495466368505731e-05,6.188292900333181e-05,8.568221346649807e-06,0.0,32,3.0,6.766082515241578e-05,7.634396752109751e-05,9.043455065693706e-06,0.0,29,3.0
46,2300.0,4.7045887185959145e-05,0.00010608175944071263,7.247900612128433e-06,0.0,29,2.0,6.625376408919692e-05,8.468193118460476e-05,9.154762665275484e-06,0.0,30,3.0,6.0120866692159325e-05,8.647698268759996e-05,9.495020094618667e-06,0.0,32,2.0,3.1685463909525424e-05,4.03659614676144e-05,7.677310350118205e-06,0.0,26,4.0,6.545940414071083e-05,7.613508932990953e-05,8.637019163870718e-06,0.0,25,2.0,5.9927464462816715e-05,9.595544543117285e-05,8.462893674732186e-06,0.0,28,3.0,5.5398628319380805e-05,0.00010961539373965934,7.280223599082092e-06,0.0,26,4.0,5.400644658948295e-05,7.974778418429196e-05,8.430253728874959e-06,0.0,30,2.0,6.122855847934261e-05,5.9870162658626214e-05,8.610229087935295e-06,0.0,32,3.0,6.511517858598381e-05,7.446732342941687e-05,9.09548452909803e-06,0.0,29,3.0
47,2350.0,4.5284996303962544e-05,0.00010392637341283262,7.2479783739254344e-06,0.0,29,2.0,6.362746353261173e-05,8.323361544171348e-05,9.196690371027216e-06,0.0,30,3.0,5.767526090494357e-05,8.540133421774954e-05,9.514932571619283e-06,0.0,32,2.0,2.9384083973127417e-05,3.86755054933019e-05,7.735931831120979e-06,0.0,25,4.0,6.183528603287414e-05,7.465513044735417e-05,8.676390280015767e-06,0.0,25,2.0,5.725340452045202e-05,9.294833580497652e-05,8.495733709423803e-06,0.0,28,3.0,5.184675319469534e-05,0.00010315514373360202,7.259298399731051e-06,0.0,26,4.0,5.18503766215872e-05,7.848614768590778e-05,8.463769518129993e-06,0.0,30,2.0,5.863650221726857e-05,5.7441226090304554e-05,8.650715244584717e-06,0.0,32,3.0,6.248606223380193e-05,7.274219387909397e-05,9.14616248337552e-06,0.0,29,3.0
48,2400.0,4.2460022086743265e-05,0.00010175447096116841,7.247625035233796e-06,0.0,29,2.0,6.152217974886298e-05,8.180397708201781e-05,9.236153346137144e-06,0.0,30,3.0,5.531673741643317e-05,8.36692051962018e-05,9.53066410147585e-06,0.0,32,2.0,2.9033781174803153e-05,3.746899528778158e-05,7.796654244884849e-06,0.0,25,4.0,5.95968340348918e-05,7.333085522986948e-05,8.713846000318881e-06,0.0,25,2.0,5.5759563110768795e-05,9.019242861540988e-05,8.526066267222632e-06,0.0,28,3.0,5.100427006254904e-05,9.836957906372845e-05,7.238811122078914e-06,0.0,25,4.0,4.940862345392816e-05,7.707593613304198e-05,8.493103450746275e-06,0.0,29,2.0,5.349920320441015e-05,5.5788408644730225e-05,8.687243280292023e-06,0.0,32,3.0,6.045856207492761e-05,7.102100062184036e-05,9.195933671435341e-06,0.0,29,3.0
49,2450.0,4.132301182835363e-05,9.978831803891808e-05,7.246977929753484e-06,0.0,29,2.0,5.9546717238845304e-05,8.045860886340961e-05,9.272729585063644e-06,0.0,30,3.0,5.324886296875775e-05,8.18593762232922e-05,9.542523002892267e-06,0.0,31,2.0,2.7941458029090427e-05,3.621808718889952e-05,7.851831469452009e-06,0.0,25,4.0,5.701512782252394e-05,7.208999886643142e-05,8.750163942750078e-06,0.0,25,2.0,5.338012852007523e-05,8.755236194701865e-05,8.553251063858625e-06,0.0,28,3.0,4.7400917537743226e-05,9.210019197780639e-05,7.219350209197728e-06,0.0,25,4.0,4.766304846270941e-05,7.562372775282711e-05,8.525123121216893e-06,0.0,29,2.0,5.426227653515525e-05,5.349604180082679e-05,8.719674951862544e-06,0.0,32,3.0,5.802313899039291e-05,6.929419032530859e-05,9.243751264875755e-06,0.0,29,3.0
50,2500.0,3.966129952459596e-05,9.796881931833923e-05,7.245603228511754e-06,0.0,29,2.0,5.710003824788146e-05,7.90592675912194e-05,9.307025720772799e-06,0.0,30,3.0,5.161869921721518e-05,8.058342064032331e-05,9.561042134009767e-06,0.0,31,2.0,2.5654726414359175e-05,3.486521018203348e-05,7.903826372057665e-06,0.0,25,4.0,5.425919880508445e-05,7.085246033966541e-05,8.787591468717437e-06,0.0,25,2.0,5.078025424154475e-05,8.504368452122435e-05,8.577560038247611e-06,0.0,28,3.0,4.610215546563268e-05,9.711855091154575e-05,7.203237146313768e-06,0.0,24,4.0,4.601445107255131e-05,7.452852150890976e-05,8.55722464621067e-06,0.0,29,2.0,5.02061920997221e-05,5.161172157386318e-05,8.749259905016515e-06,0.0,32,3.0,5.548802437260747e-05,6.98638687026687e-05,9.290618436352815e-06,0.0,28,3.0
51,2550.0,3.9410824683727697e-05,9.635624883230776e-05,7.243860181915807e-06,0.0,29,2.0,5.527670873561874e-05,7.775170524837449e-05,9.339316420664545e-06,0.0,30,3.0,5.040784162702039e-05,7.937957707326859e-05,9.580004189047031e-06,0.0,31,2.0,2.3704533305135556e-05,3.3676646125968546e-05,7.95472806203179e-06,0.0,24,4.0,5.200141094974242e-05,6.96561110089533e-05,8.824207725410815e-06,0.0,25,2.0,4.8363875976065174e-05,8.26305040391162e-05,8.601267836638726e-06,0.0,28,3.0,4.46762096544262e-05,8.351748692803085e-05,7.170885510277003e-06,0.0,23,4.0,4.40141957369633e-05,7.287487824214622e-05,8.588714990764856e-06,0.0,29,2.0,4.750942389364354e-05,4.9537182349013165e-05,8.776108188612852e-06,0.0,32,3.0,5.471793338074349e-05,6.553898128913715e-05,9.332999979960732e-06,0.0,28,3.0
52,2600.0,3.77627948182635e-05,9.48557208175771e-05,7.241847924888134e-06,0.0,29,2.0,5.3784839110448956e-05,7.654354703845456e-05,9.3695080067846e-06,0.0,30,3.0,4.840567271457985e-05,7.75867301854305e-05,9.599446457286831e-06,0.0,30,2.0,2.252220656373538e-05,3.232249218854122e-05,8.005595191207249e-06,0.0,24,4.0,4.9972059059655294e-05,6.847400800324976e-05,8.85992994881235e-06,0.0,25,2.0,4.647977402782999e-05,8.037684165174142e-05,8.623301255283877e-06,0.0,28,3.0,4.195575093035586e-05,8.146934123942629e-05,7.162421297834953e-06,0.0,23,4.0,4.232200080878101e-05,7.148134318413213e-05,8.618907486379612e-06,0.0,29,2.0,4.459625779418275e-05,4.798197915079072e-05,8.800593604973983e-06,0.0,32,3.0,5.257046359474771e-05,6.427559856092557e-05,9.379001312481705e-06,0.0,28,3.0
53,2650.0,3.590888809412718e-05,9.33336341404356e-05,7.239765182021074e-06,0.0,28,2.0,5.137795233167708e-05,7.51857296563685e-05,9.396488167112693e-06,0.0,29,3.0,4.6766061132075265e-05,7.707878830842674e-05,9.628870429878589e-06,0.0,30,2.0,2.141630648111459e-05,3.1193285394692793e-05,8.053749297687318e-06,0.0,24,4.0,4.812530823983252e-05,6.730309542035684e-05,8.89485363586573e-06,0.0,25,2.0,4.43412245658692e-05,7.821144390618429e-05,8.642587999929674e-06,0.0,28,3.0,4.08657178923022e-05,7.911455759312958e-05,7.154739250836428e-06,0.0,23,4.0,4.063015876454301e-05,6.992336420807987e-05,8.64776757225627e-06,0.0,29,2.0,4.33147324656602e-05,4.598862869897857e-05,8.822222298476845e-06,0.0,32,3.0,5.024871279601939e-05,6.308381125563756e-05,9.423083611181937e-06,0.0,28,3.0
54,2700.0,3.55335432686843e-05,9.196038445224985e-05,7.2501406975788996e-06,0.0,27,2.0,4.9392339860787615e-05,7.36832880647853e-05,9.424409654457122e-06,0.0,29,3.0,4.5377684728009626e-05,7.60511466069147e-05,9.657934242568444e-06,0.0,30,2.0,2.175333611376118e-05,3.0139928639982827e-05,8.101389539660886e-06,0.0,24,4.0,4.633566641132347e-05,6.617580220336094e-05,8.92976277100388e-06,0.0,25,2.0,4.2437481170054525e-05,7.6149997767061e-05,8.659382729092613e-06,0.0,28,3.0,3.9159869629656896e-05,7.676894165342674e-05,7.151312729547499e-06,0.0,23,4.0,3.961978654842824e-05,7.116786582628265e-05,8.67561720951926e-06,0.0,28,2.0,4.404129140311852e-05,4.459133560885675e-05,8.842336683301255e-06,0.0,32,3.0,4.884870213572867e-05,6.171617860672995e-05,9.465085895499215e-06,0.0,28,3.0
55,2750.0,3.444132016738877e-05,9.088200749829412e-05,7.263332008733414e-06,0.0,27,2.0,4.78507972729858e-05,7.237261161208153e-05,9.452431186218746e-06,0.0,29,3.0,4.348020229372196e-05,7.475072925444692e-05,9.68341737461742e-06,0.0,30,2.0,2.121420948242303e-05,2.909292743424885e-05,8.14634495327482e-06,0.0,24,4.0,4.547958815237507e-05,6.585314986295998e-05,8.964855624071788e-06,0.0,24,2.0,4.055893441545777e-05,7.429596735164523e-05,8.67424296302488e-06,0.0,28,3.0,3.7836030969629064e-05,7.534577162005007e-05,7.1528797889186535e-06,0.0,23,4.0,3.7847301427973434e-05,6.699300138279796e-05,8.692639312357642e-06,0.0,28,2.0,4.2086478060809895e-05,4.3238083890173584e-05,8.860332854965236e-06,0.0,32,3.0,4.75486958748661e-05,6.082211621105671e-05,9.505106390861329e-06,0.0,28,3.0
56,2800.0,3.3789179724408314e-05,8.94407567102462e-05,7.2760194598231465e-06,0.0,27,2.0,4.875233571510762e-05,7.117788481991738e-05,9.480015251028817e-06,0.0,29,3.0,4.403893763083033e-05,7.357927097473294e-05,9.706070159154478e-06,0.0,30,2.0,1.861987948359456e-05,2.8004318664898165e-05,8.188940228137653e-06,0.0,24,4.0,4.448166873771697e-05,6.39973659417592e-05,8.993524716061074e-06,0.0,24,2.0,3.9416456274921075e-05,7.255261880345643e-05,8.687722583999857e-06,0.0,27,3.0,3.6779118090635166e-05,7.326872582780197e-05,7.152959369705059e-06,0.0,23,4.0,3.755547368200496e-05,6.633896555285901e-05,8.721729500393849e-06,0.0,27,2.0,3.872742672683671e-05,4.1801547922659665e-05,8.877263098838739e-06,0.0,32,3.0,4.5723008952336386e-05,5.941821655142121e-05,9.542526640871074e-06,0.0,28,3.0
57,2850.0,3.2862033549463376e-05,8.815080946078524e-05,7.287449079740327e-06,0.0,27,2.0,4.457416434888728e-05,6.957715231692418e-05,9.509660230833106e-06,0.0,29,3.0,4.6966004447313026e-05,7.187481241999194e-05,9.727707947604358e-06,0.0,30,2.0,1.8027552869170904e-05,2.7060448701377027e-05,8.22935180622153e-06,0.0,24,4.0,4.223908399580978e-05,6.281458627199754e-05,9.033687092596665e-06,0.0,24,2.0,5.7175231631845236e-05,0.0002873184275813401,8.592034646426328e-06,0.0,25,3.0,3.5897108318749815e-05,7.173600170062855e-05,7.157483651099028e-06,0.0,23,4.0,3.6686502426164225e-05,6.519939051941037e-05,8.749377229833044e-06,0.0,27,2.0,3.79952798539307e-05,4.0721472032601014e-05,8.892359801393468e-06,0.0,32,3.0,4.6542387281078845e-05,5.8215944591211155e-05,9.57805423240643e-06,0.0,28,3.0
58,2900.0,3.141507841064595e-05,8.686305955052376e-05,7.300991455849726e-06,0.0,27,2.0,4.448972686077468e-05,6.827477045590058e-05,9.538774065731559e-06,0.0,29,3.0,3.9228234527399763e-05,7.062521763145924e-05,9.748157935973722e-06,0.0,30,2.0,1.69839240697911e-05,2.616061465232633e-05,8.26762607175624e-06,0.0,24,4.0,4.111373345949687e-05,6.168687104946002e-05,9.075443813344464e-06,0.0,24,2.0,5.112666985951364e-05,0.0002305758825968951,8.460256140097044e-06,0.0,24,3.0,3.8019861676730216e-05,7.025941158644855e-05,7.161110261222348e-06,0.0,23,4.0,3.520623067743145e-05,6.397059769369662e-05,8.775995411269832e-06,0.0,27,2.0,3.877637936966494e-05,3.9797705539967865e-05,8.905900358513463e-06,0.0,32,3.0,4.35560432379134e-05,5.723749927710742e-05,9.612134817871265e-06,0.0,28,3.0
59,2950.0,3.073189509450458e-05,8.586356125306338e-05,7.309846296266187e-06,0.0,26,2.0,4.2516614485066384e-05,6.683397077722475e-05,9.566205335431732e-06,0.0,29,3.0,3.865352482534945e-05,6.918788858456537e-05,9.767601113708224e-06,0.0,30,2.0,1.6583928299951367e-05,2.5338964405818842e-05,8.304826224048156e-06,0.0,24,4.0,3.95558490708936e-05,6.0559457779163495e-05,9.117302397498861e-06,0.0,24,2.0,4.7862562496447936e-05,0.00020282654440961778,8.360722858924419e-06,0.0,24,3.0,3.3811320463428274e-05,6.902192399138585e-05,7.16832937541767e-06,0.0,23,4.0,3.3482148865005e-05,6.253526953514665e-05,8.803089258435648e-06,0.0,27,2.0,4.0546205127611756e-05,3.891876986017451e-05,8.918262210499961e-06,0.0,32,3.0,4.3444080802146345e-05,5.614683323074132e-05,9.643705197959207e-06,0.0,28,3.0
60,3000.0,3.059020309592597e-05,8.466173312626779e-05,7.317330528167076e-06,0.0,26,2.0,4.005736263934523e-05,6.568403478013352e-05,9.590582521923352e-06,0.0,28,3.0,3.6750287108588964e-05,6.783479329897091e-05,9.788198440219276e-06,0.0,30,2.0,1.607748527021613e-05,2.4561797545175068e-05,8.341786269738805e-06,0.0,24,4.0,3.8113041227916256e-05,5.9363959735492244e-05,9.158434295386542e-06,0.0,24,2.0,4.5443634007824585e-05,0.00018252320296596736,8.276618245872669e-06,0.0,24,3.0,3.266171188442968e-05,6.844091694802046e-05,7.176749022619333e-06,0.0,23,4.0,3.210009526810609e-05,6.163911893963814e-05,8.83043776411796e-06,0.0,27,2.0,3.3285741665167734e-05,3.777812889893539e-05,8.92883417691337e-06,0.0,32,3.0,4.100400110473856e-05,5.53716927242931e-05,9.67335745372111e-06,0.0,28,3.0
61,3050.0,2.9838032787665725e-05,8.351673022843897e-05,7.3250762397947256e-06,0.0,26,2.0,3.8771027902839705e-05,6.424013554351404e-05,9.614260306989308e-06,0.0,28,3.0,3.562660640454851e-05,6.651182047789916e-05,9.80908407655079e-06,0.0,30,2.0,1.5230024473567028e-05,2.3725428036414087e-05,8.379087375942618e-06,0.0,24,4.0,3.7336158129619434e-05,5.8538440498523414e-05,9.198644875141326e-06,0.0,23,2.0,4.35700494563207e-05,0.00016717165999580175,8.205601261579432e-06,0.0,24,3.0,3.176160316797905e-05,6.681252853013575e-05,7.1827917054179125e-06,0.0,23,4.0,3.081604518229142e-05,6.0476711951196194e-05,8.85714416654082e-06,0.0,27,2.0,3.2058494980446994e-05,3.701773675857112e-05,8.938636710809078e-06,0.0,32,3.0,3.988427124568261e-05,5.4156582336872816e-05,9.701498129288666e-06,0.0,28,3.0
62,3100.0,2.8752105208695866e-05,8.218397124437615e-05,7.332879704335937e-06,0.0,26,2.0,3.8313210097840056e-05,6.290774763328955e-05,9.638491974328645e-06,0.0,28,3.0,3.459586150711402e-05,6.509467493742704e-05,9.833727744990028e-06,0.0,29,2.0,1.4421125342778396e-05,2.3062053514877334e-05,8.414732292294502e-06,0.0,24,4.0,3.6073473893338814e-05,5.6996002967935055e-05,9.22674826142611e-06,0.0,23,2.0,4.214971704641357e-05,0.00015512651589233428,8.147309927153401e-06,0.0,24,3.0,3.089335950789973e-05,6.588601536350325e-05,7.192150860646507e-06,0.0,23,4.0,3.0052653528400697e-05,5.960985436104238e-05,8.883143891580403e-06,0.0,27,2.0,3.350122642586939e-05,3.6340454244054854e-05,8.947263268055394e-06,0.0,32,3.0,3.9225291402544826e-05,5.3263240261003375e-05,9.72820635070093e-06,0.0,28,3.0
63,3150.0,2.8963380827917717e-05,8.12239377410151e-05,7.340217507589841e-06,0.0,26,2.0,3.606578320614062e-05,6.145770021248609e-05,9.660854630055837e-06,0.0,28,3.0,3.365771408425644e-05,6.391684291884303e-05,9.86384657153394e-06,0.0,29,2.0,1.3567996575147845e-05,2.2378988433047198e-05,8.449011147604324e-06,0.0,24,4.0,3.619651761255227e-05,5.595384573098272e-05,9.265629159926903e-06,0.0,23,2.0,4.354740303824656e-05,0.0001457473263144493,8.101543244265486e-06,0.0,24,3.0,3.070882667088881e-05,6.449167995015159e-05,7.193897090473911e-06,0.0,22,4.0,2.9277915018610656e-05,5.836487252963707e-05,8.909658390621189e-06,0.0,27,2.0,3.474639743217267e-05,3.590394408092834e-05,8.954943041317165e-06,0.0,32,3.0,3.781664781854488e-05,5.243846680969e-05,9.753279300639406e-06,0.0,28,3.0
64,3200.0,2.854411468433682e-05,8.015098865143955e-05,7.348962753894739e-06,0.0,26,2.0,3.5381588531890884e-05,6.011804362060502e-05,9.68195490713697e-06,0.0,28,3.0,3.368623583810404e-05,6.262659735511988e-05,9.894182767311577e-06,0.0,29,2.0,1.4139518498268444e-05,2.1849462427780963e-05,8.482223165628966e-06,0.0,24,4.0,3.486451169010252e-05,5.4901043768040836e-05,9.304438208346255e-06,0.0,23,2.0,3.956466025556438e-05,0.0001384486968163401,8.06579009804409e-06,0.0,24,3.0,2.9447122869896702e-05,6.376043165801093e-05,7.2035031735140365e-06,0.0,22,4.0,2.8910637411172502e-05,5.754790618084371e-05,8.936827725847252e-06,0.0,27,2.0,2.967501677630935e-05,3.490303788566962e-05,8.962208084994927e-06,0.0,32,3.0,3.845873288810253e-05,5.137877815286629e-05,9.775608305062633e-06,0.0,28,3.0
65,3250.0,2.8861073587904684e-05,7.907362305559218e-05,7.3583564699220005e-06,0.0,26,2.0,3.408892735023983e-05,5.881687320652418e-05,9.701467206468806e-06,0.0,28,3.0,3.3492764487164095e-05,6.187361577758566e-05,9.927946848620195e-06,0.0,29,2.0,1.2324056115176063e-05,2.1173138520680368e-05,8.513872671755962e-06,0.0,24,4.0,3.299670061096549e-05,5.370918370317668e-05,9.342697921965737e-06,0.0,23,2.0,3.881225347868167e-05,0.00013306393520906568,8.038829037104733e-06,0.0,24,3.0,2.858329207811039e-05,6.292646139627323e-05,7.217328402475687e-06,0.0,22,4.0,2.844090158760082e-05,5.664791751769371e-05,8.963164873421192e-06,0.0,27,2.0,2.9454689865815453e-05,3.4296444937353954e-05,8.96859091881197e-06,0.0,32,3.0,3.601704156608321e-05,5.079169204691425e-05,9.796078302315436e-06,0.0,28,3.0
66,3300.0,2.711602246563416e-05,7.8196419053711e-05,7.367651960521471e-06,0.0,26,2.0,3.282008765381761e-05,5.7416920753894374e-05,9.719315130496398e-06,0.0,28,3.0,3.111040859948844e-05,6.023114110575989e-05,9.960779607354198e-06,0.0,29,2.0,1.2748473636747804e-05,2.0621688236133195e-05,8.544488082407042e-06,0.0,24,4.0,3.1901894544716924e-05,5.2609702834161e-05,9.38482662604656e-06,0.0,22,3.0,3.749951792997308e-05,0.00012871310173068196,8.021919711609371e-06,0.0,23,3.0,3.145634400425479e-05,6.367807509377599e-05,7.230680239445064e-06,0.0,22,4.0,2.6890653316513635e-05,5.5569988035131246e-05,8.989021807792597e-06,0.0,27,2.0,2.8180049412185326e-05,3.364650547155179e-05,8.97382869879948e-06,0.0,32,3.0,3.676455162349157e-05,4.970446025254205e-05,9.814179065870121e-06,0.0,28,3.0
67,3350.0,2.6795431040227413e-05,7.728215132374316e-05,7.377261226793053e-06,0.0,26,2.0,3.1862917239777744e-05,5.613537723547779e-05,9.735704225022346e-06,0.0,28,3.0,3.012051820405759e-05,5.9127363783773035e-05,9.992504601541441e-06,0.0,29,2.0,1.1296587217657361e-05,1.9996967239421792e-05,8.573732884542551e-06,0.0,24,4.0,3.12132433464285e-05,5.155321196070872e-05,9.428652447240893e-06,0.0,22,3.0,3.725174974533729e-05,0.00012568281090352684,8.016314495762344e-06,0.0,23,3.0,2.7302821763441898e-05,6.155073788249865e-05,7.240646482387092e-06,0.0,22,4.0,2.5838427973212674e-05,5.45940019947011e-05,9.01434486877406e-06,0.0,27,2.0,2.9864215321140364e-05,3.287095023551956e-05,8.978438927442767e-06,0.0,32,3.0,3.461036249063909e-05,4.91628707095515e-05,9.830073395278305e-06,0.0,28,3.0
68,3400.0,2.6137126042158343e-05,7.621396071044728e-05,7.3868786785169505e-06,0.0,26,2.0,3.2423045922769234e-05,5.49778196727857e-05,9.750416211318225e-06,0.0,28,3.0,2.918932841566857e-05,5.794460594188422e-05,1.0023512913903687e-05,0.0,29,2.0,1.14520435090526e-05,1.9553423044271767e-05,8.602274647273589e-06,0.0,24,4.0,3.0350860470207408e-05,5.0558206567075104e-05,9.470476470596623e-06,0.0,22,3.0,3.5984710848424584e-05,0.00012350475299172103,8.01566602603998e-06,0.0,23,3.0,2.6522044208832085e-05,6.067867070669308e-05,7.253735475387657e-06,0.0,22,4.0,2.5440924218855798e-05,5.3990715969121084e-05,9.039161341206636e-06,0.0,27,2.0,2.8057276722393e-05,3.2246931368717924e-05,8.981984137790278e-06,0.0,32,3.0,3.3391555916750804e-05,4.828672535950318e-05,9.844003216130659e-06,0.0,27,3.0
69,3450.0,2.5780906071304344e-05,7.572035246994346e-05,7.39665620130836e-06,0.0,26,2.0,3.0490509743685834e-05,5.3874329751124606e-05,9.763247362570837e-06,0.0,28,3.0,2.8417531211744063e-05,5.685891301254742e-05,1.005297508527292e-05,0.0,29,2.0,1.161993986897869e-05,1.9005132344318554e-05,8.629677722638007e-06,0.0,24,4.0,3.386706521268934e-05,4.985196210327558e-05,9.513067197985947e-06,0.0,22,3.0,3.573326102923602e-05,0.00012185391824459657,8.019126653380226e-06,0.0,23,3.0,3.4442298783687875e-05,6.202844087965786e-05,7.266341981448932e-06,0.0,22,4.0,2.5418621589778922e-05,5.3097272029845044e-05,9.063741345016751e-06,0.0,27,2.0,2.7115902412333526e-05,5.2922696340829134e-05,8.985333806776907e-06,0.0,31,3.0,3.4276377846254036e-05,4.753468601847999e-05,9.856072210823186e-06,0.0,27,3.0
70,3500.0,2.5804436518228613e-05,7.958504284033552e-05,7.406564236589475e-06,0.0,25,3.0,2.9464781619026326e-05,5.277197851683013e-05,9.774286809260957e-06,0.0,28,3.0,2.759374910965562e-05,5.581265577347949e-05,1.0080690117320046e-05,0.0,29,2.0,1.0637329069140833e-05,1.8430562704452313e-05,8.656001227791421e-06,0.0,24,4.0,2.8839645892730914e-05,4.87652032461483e-05,9.557086741551757e-06,0.0,22,3.0,3.6476249078987166e-05,0.00012042809248669073,8.025815077417064e-06,0.0,23,3.0,2.543652954045683e-05,5.919961768086068e-05,7.27626229490852e-06,0.0,22,4.0,2.3984872314031236e-05,5.206623609410599e-05,9.087802027352154e-06,0.0,27,2.0,2.5011291654664092e-05,3.202234074706212e-05,8.977124707598705e-06,0.0,31,3.0,3.226983972126618e-05,4.6929377276683226e-05,9.869654604699463e-06,0.0,26,3.0
71,3550.0,2.5093515432672575e-05,7.39666138542816e-05,7.415942491206806e-06,0.0,25,3.0,2.751182000793051e-05,5.1706771046156064e-05,9.783672794583254e-06,0.0,28,3.0,2.6875417461269535e-05,5.476960359374061e-05,1.0106997251568828e-05,0.0,29,2.0,9.861581020231824e-06,1.7942311387741938e-05,8.680038263264578e-06,0.0,23,5.0,2.9214099413366057e-05,4.7917492338456213e-05,9.601171768736094e-06,0.0,22,3.0,3.434609971009195e-05,0.00011899878882104531,8.036381586862262e-06,0.0,23,3.0,2.5138282580883242e-05,5.85536690778099e-05,7.288253527804045e-06,0.0,22,4.0,2.449955172778573e-05,5.125355164636858e-05,9.111186045629438e-06,0.0,27,2.0,2.5858773369691335e-05,3.160510095767677e-05,8.983767656900454e-06,0.0,31,3.0,3.192597068846226e-05,4.608530070981942e-05,9.889981811284088e-06,0.0,26,3.0
72,3600.0,2.561473047535401e-05,7.316683331737295e-05,7.425589501508512e-06,0.0,25,3.0,2.9263041142257862e-05,5.0712555093923584e-05,9.79137075773906e-06,0.0,28,3.0,2.6195017198915593e-05,5.3837167797610164e-05,1.0131328053830657e-05,0.0,29,2.0,9.747189324116334e-06,1.760092709446326e-05,8.704148967808578e-06,0.0,23,5.0,2.7503117962623946e-05,4.773980981553905e-05,9.643121302360669e-06,0.0,21,3.0,3.398227272555232e-05,0.00011774673475883901,8.04870251158718e-06,0.0,23,3.0,2.612987555039581e-05,5.8119789173360914e-05,7.300584911718033e-06,0.0,22,4.0,2.2517628167406656e-05,5.046732985647395e-05,9.134170795732643e-06,0.0,27,2.0,2.4825489163049497e-05,3.0801889806753024e-05,8.991247341327835e-06,0.0,31,3.0,3.124168870272115e-05,4.568485383060761e-05,9.909459549817257e-06,0.0,26,3.0
73,3650.0,2.474424945830833e-05,7.239172555273399e-05,7.435321094817482e-06,0.0,25,3.0,2.6370358682470396e-05,4.965206244378351e-05,9.797155144042335e-06,0.0,28,3.0,2.5602048481232487e-05,5.2889285143464804e-05,1.0152825780096464e-05,0.0,29,2.0,1.0033252692664973e-05,1.7130954802269116e-05,8.727775821171235e-06,0.0,23,5.0,2.9012953746132553e-05,4.654647273127921e-05,9.689013495517429e-06,0.0,21,3.0,3.376312452019192e-05,0.00011651023669401184,8.062396773311775e-06,0.0,23,3.0,2.562828376539983e-05,5.721888373955153e-05,7.309758530027466e-06,0.0,22,4.0,2.3559894543723203e-05,4.9914277042262256e-05,9.157946806226391e-06,0.0,27,2.0,2.2836347852717154e-05,3.0167537261149846e-05,8.997809345601127e-06,0.0,31,3.0,3.1759453122504056e-05,4.491749859880656e-05,9.929993211699184e-06,0.0,26,3.0
74,3700.0,2.430080894555431e-05,7.187675510067493e-05,7.445017672580434e-06,0.0,25,3.0,2.593836143205408e-05,4.87128781969659e-05,9.802438398764934e-06,0.0,28,3.0,2.499635775166098e-05,5.205678098718636e-05,1.0172421752940863e-05,0.0,29,2.0,9.257991223421413e-06,1.671543395787012e-05,8.750000233703759e-06,0.0,23,5.0,2.642870276758913e-05,4.549956793198362e-05,9.731632417242508e-06,0.0,21,3.0,3.3324929972877726e-05,0.00011523970169946551,8.076913218246773e-06,0.0,23,3.0,2.4302489691763185e-05,5.6222270359285176e-05,7.320633812923916e-06,0.0,22,4.0,2.1462816221173853e-05,4.8739395424490795e-05,9.181992936646566e-06,0.0,27,2.0,2.2092799554229714e-05,2.9863225790904835e-05,9.00438226381084e-06,0.0,31,3.0,2.9721990358666517e-05,4.44319739472121e-05,9.952344043995254e-06,0.0,26,3.0
75,3750.0,2.4668250262038782e-05,7.102832751115784e-05,7.454515071003698e-06,0.0,25,3.0,2.4615481379441917e-05,4.7756737330928445e-05,9.806456546357367e-06,0.0,28,3.0,2.5500636184005998e-05,5.1582919695647433e-05,1.0189003660343587e-05,0.0,28,2.0,9.533831871522125e-06,1.6357769709429704e-05,8.771134162088856e-06,0.0,23,5.0,2.623060754558537e-05,4.470916974241845e-05,9.772305020305794e-06,0.0,21,3.0,3.26845001836773e-05,0.00011393513705115765,8.092381904134527e-06,0.0,23,3.0,2.5527011530357413e-05,5.54355610802304e-05,7.3320657065778505e-06,0.0,22,4.0,2.200875496782828e-05,4.788947990164161e-05,9.205250535160303e-06,0.0,27,2.0,2.1916299374424852e-05,2.8766533432644792e-05,9.010005669551902e-06,0.0,31,3.0,3.1068029784364626e-05,4.390903632156551e-05,9.973999112844467e-06,0.0,26,3.0
76,3800.0,2.3799149857950397e-05,7.053314038785174e-05,7.465241196769057e-06,0.0,25,3.0,2.3753471396048553e-05,4.688251647166908e-05,9.803577086131554e-06,0.0,27,3.0,2.3629389033885673e-05,5.002450052415952e-05,1.020685158437118e-05,0.0,27,3.0,8.947373316914309e-06,1.5920764781185426e-05,8.791557775111869e-06,0.0,23,5.0,2.549960117903538e-05,4.397837619762868e-05,9.8123218776891e-06,0.0,21,3.0,3.332676715217531e-05,0.00011261188774369657,8.108474503387697e-06,0.0,23,3.0,2.2960301066632383e-05,5.461450564325787e-05,7.3410656113992445e-06,0.0,22,4.0,2.0452873286558315e-05,4.7175166400847957e-05,9.228398994309828e-06,0.0,27,2.0,2.2151301891426556e-05,2.7993493858957663e-05,9.014856914291158e-06,0.0,31,3.0,2.818097527779173e-05,4.319232175475918e-05,9.99420171865495e-06,0.0,26,3.0
77,3850.0,2.313987170055043e-05,6.979051977396011e-05,7.476433893316425e-06,0.0,25,3.0,2.335667159059085e-05,4.602143235388212e-05,9.794923244044185e-06,0.0,27,3.0,2.2937378162168898e-05,4.937931589665823e-05,1.0223236131423619e-05,0.0,27,3.0,8.855126907292288e-06,1.549889930174686e-05,8.81316555023659e-06,0.0,23,5.0,2.4764345653238706e-05,4.321974847698584e-05,9.851338290900458e-06,0.0,21,3.0,3.371974526089616e-05,0.00011106853344244882,8.125155545712914e-06,0.0,23,3.0,2.2955691747483797e-05,5.40163746336475e-05,7.350647138082422e-06,0.0,22,4.0,2.1109581211931072e-05,4.674029696616344e-05,9.251301889889874e-06,0.0,27,2.0,2.0388191842357628e-05,2.7729247449315153e-05,9.018542186822742e-06,0.0,31,3.0,2.7702441002475098e-05,4.260548303136602e-05,1.0012290658778511e-05,0.0,26,3.0
78,3900.0,2.284297443111427e-05,6.918577128089964e-05,7.487680704798549e-06,0.0,25,3.0,2.1335596102289855e-05,4.5181295718066394e-05,9.796545782592148e-06,0.0,27,3.0,2.2919821276445873e-05,4.8572488594800234e-05,1.023560980684124e-05,0.0,27,3.0,8.72308464749949e-06,1.5195670130196959e-05,8.834452273731586e-06,0.0,23,5.0,2.4782890250207856e-05,4.2504841985646635e-05,9.89030104392441e-06,0.0,21,3.0,3.2047460990725085e-05,0.00010937789193121716,8.142532351484988e-06,0.0,23,3.0,2.3117450837162323e-05,5.373742897063494e-05,7.3619171416794416e-06,0.0,22,4.0,2.004925954679493e-05,4.564385017147288e-05,9.27403107198188e-06,0.0,27,2.0,2.1440266209538095e-05,2.65974103967892e-05,9.02219380805036e-06,0.0,31,3.0,2.731188760662917e-05,4.201115734758787e-05,1.0029137229139451e-05,0.0,26,3.0
79,3950.0,2.239674904558342e-05,6.860178837087005e-05,7.498931609006831e-06,0.0,25,3.0,2.1594712961814366e-05,4.457847535377368e-05,9.798343853617553e-06,0.0,27,3.0,2.1751569875050336e-05,4.780094604939222e-05,1.025234905682737e-05,0.0,27,3.0,7.996739441296086e-06,1.4811616892984603e-05,8.854516636347398e-06,0.0,23,5.0,2.391594898654148e-05,4.182530028629117e-05,9.930515261658002e-06,0.0,21,3.0,3.192186704836786e-05,0.00010786278289742768,8.160243851307314e-06,0.0,23,3.0,2.175612280552741e-05,5.2298895752755925e-05,7.3711016739252955e-06,0.0,22,4.0,1.9696022718562745e-05,4.4515290937852114e-05,9.296524694946129e-06,0.0,27,2.0,1.9499433619785123e-05,2.6197265469818376e-05,9.024196515383665e-06,0.0,31,3.0,2.9577529858215712e-05,4.185200668871403e-05,1.0044489499705378e-05,0.0,26,3.0
80,4000.0,2.2896423615748063e-05,6.81247838656418e-05,7.510577233915683e-06,0.0,25,3.0,2.0449324438231997e-05,4.381834150990471e-05,9.79767082753824e-06,0.0,27,3.0,2.115339520969428e-05,4.704989987658337e-05,1.0268321602779906e-05,0.0,27,3.0,8.578836059314199e-06,1.4534703950630501e-05,8.874420018400997e-06,0.0,23,5.0,2.532141297706403e-05,4.1229148337151855e-05,9.971468898584135e-06,0.0,21,3.0,3.165156886097975e-05,0.00010608161392156035,8.178333700925577e-06,0.0,23,3.0,2.149940701201558e-05,5.164504545973614e-05,7.382156582025345e-06,0.0,22,4.0,2.05547967198072e-05,4.38427523477003e-05,9.318754564446863e-06,0.0,27,2.0,1.90323953574989e-05,2.5640418243710883e-05,9.026145562529564e-06,0.0,31,3.0,2.657562799868174e-05,4.1053670429391786e-05,1.0058853149530478e-05,0.0,26,3.0
81,4050.0,2.2202395484782755e-05,6.753472553100437e-05,7.521850420744158e-06,0.0,25,3.0,1.9682453057612292e-05,4.318316132412292e-05,9.796935046324506e-06,0.0,27,3.0,2.4310322260134853e-05,4.6667766582686454e-05,1.0280420610797592e-05,0.0,27,3.0,1.083259758161148e-05,1.4421130799746606e-05,8.893644917407073e-06,0.0,23,5.0,2.3381087885354646e-05,4.046437970828265e-05,1.0011314770963509e-05,0.0,21,3.0,3.2910120353335515e-05,0.00010457909957040101,8.19662272988353e-06,0.0,23,3.0,2.1612006094073877e-05,5.055708243162371e-05,7.393104169750586e-06,0.0,22,4.0,1.8623059077071957e-05,4.309279393055476e-05,9.340618817077484e-06,0.0,27,2.0,1.76729718077695e-05,2.5167073545162566e-05,9.027255146065727e-06,0.0,31,3.0,2.564275018812623e-05,4.055833778693341e-05,1.0070566531794611e-05,0.0,26,3.0
82,4100.0,2.1539262888836674e-05,6.688936991849914e-05,7.533516054536449e-06,0.0,25,3.0,1.8943608665722422e-05,4.254988016327843e-05,9.793680874281563e-06,0.0,27,3.0,2.036855585174635e-05,4.568632721202448e-05,1.0289939382346347e-05,0.0,27,3.0,7.683707735850476e-06,1.387142765452154e-05,8.910614269552752e-06,0.0,23,5.0,2.2230286049307324e-05,3.9729780837660655e-05,1.0051689059764612e-05,0.0,21,3.0,3.241466038161889e-05,0.00010281567665515468,8.215292837121524e-06,0.0,23,3.0,2.1741636373917572e-05,5.00513706356287e-05,7.401124548778171e-06,0.0,22,4.0,1.8676311810850166e-05,4.221956987748854e-05,9.362620403408073e-06,0.0,27,2.0,1.7148346159956418e-05,2.4573373593739234e-05,9.027109626913443e-06,0.0,31,3.0,2.540473906265106e-05,4.005822484032251e-05,1.0081344953505322e-05,0.0,26,3.0
83,4150.0,2.349382521060761e-05,6.661058432655409e-05,7.545142125309212e-06,0.0,25,3.0,1.8207550965598784e-05,4.191254629404284e-05,9.789146133698523e-06,0.0,27,3.0,2.0131014025537297e-05,4.4971580791752785e-05,1.0295842912455555e-05,0.0,27,3.0,7.2166126301453914e-06,1.3563131687988061e-05,8.927493581722956e-06,0.0,23,5.0,2.186422898375895e-05,3.910439045284875e-05,1.0090578143717721e-05,0.0,21,3.0,3.189140625181608e-05,0.0001070122598321177,8.233960215875413e-06,0.0,22,3.0,2.0142411813139915e-05,4.918032936984673e-05,7.410874786728527e-06,0.0,22,4.0,1.9147020793752745e-05,4.158999945502728e-05,9.384411896462552e-06,0.0,27,2.0,1.7233029211638495e-05,2.4080411094473675e-05,9.027104169945233e-06,0.0,31,3.0,2.9723405532422476e-05,3.9904396544443443e-05,1.0092598131450359e-05,0.0,26,3.0
84,4200.0,2.193286309193354e-05,6.608919647987932e-05,7.5564157668850385e-06,0.0,25,3.0,1.9424360289121978e-05,4.158692172495648e-05,9.783290806808509e-06,0.0,27,3.0,2.004484849749133e-05,4.432428249856457e-05,1.0298731467628386e-05,0.0,27,3.0,7.598700449307216e-06,1.3310311260283925e-05,8.944020919443574e-06,0.0,23,5.0,2.313121331098955e-05,3.855875911540352e-05,1.013004202832235e-05,0.0,21,3.0,3.205214670742862e-05,9.784600842976943e-05,8.237126166932285e-06,0.0,22,3.0,2.0901799871353433e-05,4.847010859521106e-05,7.42103338779998e-06,0.0,22,4.0,1.858738141891081e-05,4.05641294491943e-05,9.405974196852185e-06,0.0,27,2.0,1.702705048955977e-05,2.304801637365017e-05,9.026323823491111e-06,0.0,31,3.0,2.461838630551938e-05,3.916667265002616e-05,1.0100303370563779e-05,0.0,26,3.0
85,4250.0,2.0837853298871778e-05,6.529947859235108e-05,7.567832653876394e-06,0.0,25,3.0,1.7322472558589652e-05,4.0841383452061564e-05,9.774897080205847e-06,0.0,27,3.0,1.957198946911376e-05,4.3739819375332445e-05,1.0298556844645645e-05,0.0,27,3.0,1.0429298527014907e-05,1.336479908786714e-05,8.959489605331328e-06,0.0,23,5.0,2.1101621314301156e-05,3.776217272388749e-05,1.0168306289415341e-05,0.0,21,3.0,3.310068495920859e-05,9.597607277100906e-05,8.25738152343547e-06,0.0,22,3.0,2.1867541363462806e-05,4.839519169763662e-05,7.430246114381589e-06,0.0,22,4.0,1.7447437130613253e-05,3.948626545025036e-05,9.427248187421355e-06,0.0,27,2.0,1.661727947066538e-05,2.24678915401455e-05,9.025196959555615e-06,0.0,31,3.0,2.3933342163218185e-05,3.869803185807541e-05,1.0107580237672664e-05,0.0,26,3.0
86,4300.0,2.0448604118428193e-05,6.46829794277437e-05,7.579318662465084e-06,0.0,25,3.0,1.6946560208452865e-05,4.038398037664592e-05,9.765194590727333e-06,0.0,27,3.0,1.8766464563668706e-05,4.654104122892022e-05,1.0296012987964787e-05,0.0,26,3.0,7.245658252941212e-06,1.2784891623596195e-05,8.973103831522167e-06,0.0,23,5.0,2.0722942281281576e-05,3.7170801078900695e-05,1.0206627848674543e-05,0.0,21,3.0,3.146117887808941e-05,9.370720363222063e-05,8.278503628389444e-06,0.0,22,3.0,2.0666322598117404e-05,4.723422898678109e-05,7.43611008147127e-06,0.0,22,4.0,1.7357937394990586e-05,3.86892024835106e-05,9.448009222978726e-06,0.0,27,2.0,1.5437481124536134e-05,2.214986852777656e-05,9.023683560371865e-06,0.0,31,3.0,2.3632846932741813e-05,3.8233803934417665e-05,1.0114255019288976e-05,0.0,26,3.0
87,4350.0,2.1100873709656298e-05,6.404924351954833e-05,7.590618679387262e-06,0.0,25,3.0,1.6745421817176975e-05,3.9987127820495516e-05,9.75461534835631e-06,0.0,27,3.0,1.8637441826285794e-05,4.22591001552064e-05,1.0283801202604081e-05,0.0,26,3.0,1.0759770702861715e-05,1.2955939382663928e-05,8.986752618511673e-06,0.0,23,5.0,2.0304656572989188e-05,3.711449244292453e-05,1.0243696124234702e-05,0.0,20,3.0,3.200587525498122e-05,9.160558693110943e-05,8.300204171973746e-06,0.0,22,3.0,1.903831616800744e-05,4.6244098484748974e-05,7.443901722581359e-06,0.0,22,4.0,1.6978649000520818e-05,3.7661691749235615e-05,9.468417374591809e-06,0.0,27,2.0,1.5561041436740197e-05,2.1445657694130205e-05,9.021320693136659e-06,0.0,31,3.0,2.3007565687294118e-05,3.785831722780131e-05,1.0119343642145395e-05,0.0,26,3.0
88,4400.0,2.090680027322378e-05,6.33598247077316e-05,7.601953711855458e-06,0.0,25,3.0,1.7072181435651146e-05,3.951043254346587e-05,9.742371730681043e-06,0.0,27,3.0,1.7748569007380866e-05,4.152887413511053e-05,1.0275940439896658e-05,0.0,26,3.0,6.617754934268305e-06,1.2270937077119015e-05,8.998747944133356e-06,0.0,23,5.0,2.019480598391965e-05,3.597848262870684e-05,1.0275702152284794e-05,0.0,20,3.0,3.1799219868844375e-05,8.902653644327074e-05,8.321755558426958e-06,0.0,22,3.0,1.993582736758981e-05,4.581269240588881e-05,7.452355930581689e-06,0.0,22,4.0,1.659148074395489e-05,3.6962712329113856e-05,9.488381692790426e-06,0.0,27,2.0,1.5304751286748797e-05,2.1038660634076223e-05,9.018226592161227e-06,0.0,31,3.0,2.2687672753818333e-05,3.739602834684774e-05,1.0123379070137162e-05,0.0,26,3.0
89,4450.0,2.1579493477474898e-05,6.327313894871622e-05,7.613106390635949e-06,0.0,25,3.0,1.725298170640599e-05,3.908781582140364e-05,9.729379598866217e-06,0.0,27,3.0,1.7684864360489883e-05,4.099942816537805e-05,1.0264960110362154e-05,0.0,26,3.0,6.9805391831323504e-06,1.2121056897740345e-05,9.010655048768967e-06,0.0,23,5.0,1.9884942958015017e-05,3.5447774280328304e-05,1.0317226042388938e-05,0.0,20,3.0,3.163673682138324e-05,8.633017569081858e-05,8.343042281921953e-06,0.0,22,3.0,2.098526238114573e-05,4.5731252612313256e-05,7.46003615859081e-06,0.0,22,4.0,1.6657106243656017e-05,3.615591776906513e-05,9.507712093181908e-06,0.0,27,2.0,1.5055516087159049e-05,2.2441026885644533e-05,9.015507203002926e-06,0.0,30,4.0,2.2505235392600298e-05,3.693997496156953e-05,1.0126762390427757e-05,0.0,26,3.0
90,4500.0,1.988028634514194e-05,6.246527482289821e-05,7.623792043887079e-06,0.0,25,3.0,1.557246650918387e-05,3.861482400679961e-05,9.715270607557613e-06,0.0,27,3.0,1.7052179828169756e-05,4.039403211208992e-05,1.025223082251614e-05,0.0,26,3.0,6.512464551633457e-06,1.1852892384922598e-05,9.021853657031897e-06,0.0,23,5.0,1.931441147462465e-05,3.488063521217555e-05,1.0356466191296931e-05,0.0,20,3.0,3.073656262131408e-05,8.347858238266781e-05,8.364095265278593e-06,0.0,22,3.0,2.02125302166678e-05,4.4799980969401076e-05,7.464446298399707e-06,0.0,22,4.0,1.6111900549731217e-05,3.548031236277893e-05,9.526459507469554e-06,0.0,27,2.0,1.5148795682762284e-05,1.987157520488836e-05,9.012012014864013e-06,0.0,30,4.0,2.1852147256140597e-05,3.6606783396564424e-05,1.0129160727956332e-05,0.0,26,3.0
91,4550.0,1.9419350792304613e-05,6.236844637896866e-05,7.623968940606574e-06,0.0,25,3.0,1.5417994291055948e-05,3.850631037494168e-05,9.70964629232185e-06,0.0,27,3.0,1.7114629372372292e-05,4.0302380512002856e-05,1.0238199138257187e-05,0.0,26,3.0,6.42388840788044e-06,1.1754907973227091e-05,9.022996891872026e-06,0.0,23,5.0,1.914544372993987e-05,3.4659104130696505e-05,1.0366718925070018e-05,0.0,20,3.0,3.075118002016097e-05,8.277199231088161e-05,8.35418813949218e-06,0.0,22,3.0,1.8562426703283563e-05,4.3966032535536215e-05,7.466798251698492e-06,0.0,22,4.0,1.593397064425517e-05,3.536835720296949e-05,9.52833488554461e-06,0.0,27,2.0,1.39946278068237e-05,2.0180161300231703e-05,8.97898917173734e-06,0.0,30,4.0,2.190613122365903e-05,3.639595888671465e-05,1.0129791007784661e-05,0.0,26,3.0
92,4600.0,1.936434637173079e-05,6.224703247426078e-05,7.626110345881898e-06,0.0,25,3.0,1.5297844583983533e-05,3.831130015896633e-05,9.704102922114544e-06,0.0,27,3.0,1.692773003014736e-05,4.0079394239000976e-05,1.0236012712994125e-05,0.0,26,3.0,6.362321528285975e-06,1.1707206795108505e-05,9.025735380419064e-06,0.0,23,5.0,1.891205283754971e-05,3.445004767854698e-05,1.0401785402791575e-05,0.0,20,3.0,3.067827856284566e-05,8.139153942465782e-05,8.381804946111515e-06,0.0,22,3.0,1.8377300875727087e-05,4.374065247247927e-05,7.4735253292601556e-06,0.0,22,4.0,1.5715557310613804e-05,3.511979230097495e-05,9.531097930448595e-06,0.0,27,2.0,1.3855547877028584e-05,2.0004990801680833e-05,8.978350706456695e-06,0.0,30,4.0,2.1730958906118758e-05,3.630126593634486e-05,1.0131677299796138e-05,0.0,26,3.0
93,4650.0,1.9305463865748607e-05,6.204486999195069e-05,7.6287715273792855e-06,0.0,25,3.0,1.5178996363829356e-05,3.811734131886624e-05,9.698962458060123e-06,0.0,27,3.0,1.6756308468757197e-05,3.98464580939617e-05,1.0233055945718661e-05,0.0,26,3.0,6.312232471827883e-06,1.1637360330496449e-05,9.029107786773238e-06,0.0,23,5.0,1.8722699678619392e-05,3.417685366002843e-05,1.0441168342367746e-05,0.0,20,3.0,3.063342228415422e-05,7.967981946421787e-05,8.41238124849042e-06,0.0,22,3.0,1.8233067748951726e-05,4.3409556383267045e-05,7.4822210081038065e-06,0.0,22,4.0,1.5549185263807885e-05,3.486766945570707e-05,9.53589187702164e-06,0.0,27,2.0,1.370294648950221e-05,1.9824326955131255e-05,8.980587153928354e-06,0.0,30,4.0,2.1561631001532078e-05,3.616876347223297e-05,1.0134164767805487e-05,0.0,26,3.0
94,4700.0,1.9213550331187434e-05,6.178261537570506e-05,7.632198503415566e-06,0.0,25,3.0,1.504573901911499e-05,3.7922854971839115e-05,9.694459549791645e-06,0.0,27,3.0,1.6567646525800228e-05,3.95928873331286e-05,1.0229396139038727e-05,0.0,26,3.0,6.25987513558357e-06,1.1552462638064753e-05,9.033895366883371e-06,0.0,23,5.0,1.8513273971620947e-05,3.38656609528698e-05,1.0484227459528483e-05,0.0,20,3.0,3.056847708649002e-05,7.767361239530146e-05,8.443704246019479e-06,0.0,22,3.0,1.811165020626504e-05,4.304460890125483e-05,7.492591976188123e-06,0.0,22,4.0,1.539072036393918e-05,3.4589378628879786e-05,9.54219649429433e-06,0.0,27,2.0,1.3537073755287565e-05,1.9606424757512286e-05,8.984224223240744e-06,0.0,30,4.0,2.1372930859797634e-05,3.599583578761667e-05,1.013763903756626e-05,0.0,26,3.0
95,4750.0,1.9093926312052645e-05,6.147742533357814e-05,7.636624104634393e-06,0.0,25,3.0,1.4901884242135566e-05,3.771566116483882e-05,9.689185390016064e-06,0.0,27,3.0,1.6359635992557742e-05,3.9336660847766325e-05,1.0224742254649755e-05,0.0,26,3.0,6.2037433963268995e-06,1.1455299500084948e-05,9.040156328410376e-06,0.0,23,5.0,1.8370226825936697e-05,3.350884071551263e-05,1.052852257998893e-05,0.0,20,3.0,3.0455605156021193e-05,7.539281068602577e-05,8.475194590573665e-06,0.0,22,3.0,2.3040684027364478e-05,4.325816917116754e-05,7.503266260755481e-06,0.0,22,4.0,1.5232820260280278e-05,3.426795592531562e-05,9.549724381940905e-06,0.0,27,2.0,1.3874311662220862e-05,1.949679608514998e-05,8.988624358607922e-06,0.0,30,4.0,2.1171761545701884e-05,3.579654003260657e-05,1.0141431630472653e-05,0.0,26,3.0
96,4800.0,1.9079414414591156e-05,6.115256110206246e-05,7.641151569259819e-06,0.0,25,3.0,1.4752141396456864e-05,3.749396273633465e-05,9.682749805506319e-06,0.0,27,3.0,1.613375025044661e-05,3.908837970811874e-05,1.0218448551313486e-05,0.0,26,3.0,6.165329978102818e-06,1.1351843568263575e-05,9.046507329912856e-06,0.0,23,5.0,1.808307206374593e-05,3.314768400741741e-05,1.0572327482805122e-05,0.0,20,3.0,3.027487218787428e-05,7.28590675862506e-05,8.505930964020081e-06,0.0,22,3.0,1.7804695744416676e-05,4.228156103636138e-05,7.513061518693576e-06,0.0,22,4.0,1.507172692072345e-05,3.390648998902179e-05,9.557888006384019e-06,0.0,27,2.0,1.3372612556850072e-05,1.9244538634666242e-05,8.992817129183095e-06,0.0,30,4.0,2.0960698748240247e-05,3.557964737410657e-05,1.0144729458261281e-05,0.0,26,3.0
97,4850.0,1.888487531687133e-05,6.077867510612123e-05,7.64674859965453e-06,0.0,25,3.0,1.4599964742956217e-05,3.726259819814004e-05,9.682123163656797e-06,0.0,27,3.0,1.5893867384875193e-05,3.8847647374495864e-05,1.0211195331066847e-05,0.0,26,3.0,6.3813836277404334e-06,1.1281983461230993e-05,9.05420893104747e-06,0.0,23,5.0,1.7793485312722623e-05,3.281888712081127e-05,1.061532020685263e-05,0.0,20,3.0,3.00089486700017e-05,7.00972304912284e-05,8.536618224752601e-06,0.0,22,3.0,1.8937329514301382e-05,4.208157042739913e-05,7.52373898649239e-06,0.0,22,4.0,1.4905422176525462e-05,3.351206032675691e-05,9.567048437020276e-06,0.0,27,2.0,1.3234331163403112e-05,1.8942435417557135e-05,8.996697033580858e-06,0.0,30,4.0,2.074105759675149e-05,3.53493815055117e-05,1.0148263754672371e-05,0.0,26,3.0
98,4900.0,1.8795548385242e-05,6.055392441339791e-05,7.652187377971131e-06,0.0,25,3.0,1.4448312867898494e-05,3.7018842704128474e-05,9.687682904768735e-06,0.0,27,3.0,1.5645870007574558e-05,3.8601458072662354e-05,1.0202058547292836e-05,0.0,26,3.0,6.054542154743103e-06,1.1122473551949952e-05,9.061467608262319e-06,0.0,23,5.0,1.795298703655135e-05,3.251168527640402e-05,1.0655927326297387e-05,0.0,20,3.0,2.9643968446180224e-05,6.714183837175369e-05,8.565930329496041e-06,0.0,22,3.0,1.7553900761413388e-05,4.1506147681502625e-05,7.532182280556299e-06,0.0,22,4.0,1.4733140233147424e-05,3.309052044642158e-05,9.576431693858467e-06,0.0,27,2.0,1.2789171705662739e-05,1.862414865172468e-05,8.999738383863587e-06,0.0,30,4.0,2.0513734853011556e-05,3.510798705974594e-05,1.0150702109967824e-05,0.0,26,3.0
99,4950.0,1.8541668396210298e-05,6.008191121509299e-05,7.658662980247755e-06,0.0,25,3.0,1.4304932847153395e-05,3.67730826837942e-05,9.693537322164048e-06,0.0,27,3.0,1.5395753507618792e-05,3.833418304566294e-05,1.01919340522727e-05,0.0,26,3.0,8.00512862042524e-06,1.1230576092202682e-05,9.069554835150484e-06,0.0,23,5.0,1.7318991012871265e-05,3.215675678802654e-05,1.0695180208131205e-05,0.0,20,3.0,2.917397978308145e-05,6.404159648809582e-05,8.59442661749199e-06,0.0,22,3.0,1.7667567590251565e-05,4.122545215068385e-05,7.5416401159600355e-06,0.0,22,4.0,1.4554922017850913e-05,3.264532642788254e-05,9.586939995642751e-06,0.0,27,2.0,1.4249992091208696e-05,1.8579557945486158e-05,9.002817023429088e-06,0.0,30,4.0,2.027945993177127e-05,3.485686829662882e-05,1.015322413877584e-05,0.0,26,3.0
