,epoch,decoder_0,sindy_x_0,reg_0,sindy_z_0,active_coeffs_0,epoch_1,decoder_1,sindy_x_1,reg_1,sindy_z_1,active_coeffs_1,epoch_2,decoder_2,sindy_x_2,reg_2,sindy_z_2,active_coeffs_2,epoch_3,decoder_3,sindy_x_3,reg_3,sindy_z_3,active_coeffs_3,decoder_avg,sindy_x_avg,reg_avg,sindy_z_avg,active_coeffs_avg
0,1.0,0.3329271674156189,0.0016591359162703156,9.990550097427331e-06,0.0,60.0,1.0,0.333038866519928,0.0010030053090304136,9.99055464490084e-06,0.0,60.0,1.0,0.29707247018814087,0.0011855902848765254,9.99057010631077e-06,0.0,60.0,1.0,0.31379973888397217,0.0009644614183343947,9.990566468331963e-06,0.0,60.0,0.319209560751915,0.0012030482321279123,9.990560329242726e-06,0.0,60.0
1,51.0,0.09577607363462448,0.0016590178711339831,9.51876245380845e-06,0.0,60,51.0,0.09204025566577911,0.001006795559078455,9.493261131865438e-06,0.0,60,51.0,0.107606440782547,0.0011868103174492717,9.569833309797104e-06,0.0,60,51.0,0.09211768209934235,0.0009649122948758304,9.519471859675832e-06,0.0,60,0.09688511304557323,0.001204384010634385,9.525332188786706e-06,0.0,60.0
2,101.0,0.08058857172727585,0.0016603032127022743,9.066267011803575e-06,0.0,60,101.0,0.08930253982543945,0.0010162651306018233,8.960867489804514e-06,0.0,60,101.0,0.09211721271276474,0.0012387438910081983,9.231338481185958e-06,0.0,60,101.0,0.06436032801866531,0.0009722671238705516,9.148643584921956e-06,0.0,60,0.08159216307103634,0.0012218948395457119,9.101779141929e-06,0.0,60.0
3,151.0,0.051019951701164246,0.0016585795674473047,8.762262041273061e-06,0.0,60,151.0,0.06365447491407394,0.0013843908673152328,8.157463526003994e-06,0.0,60,151.0,0.05253685265779495,0.0014310732949525118,9.107588084589224e-06,0.0,60,151.0,0.04023870825767517,0.000970713677816093,8.919120773498435e-06,0.0,60,0.05186249688267708,0.0013611893518827856,8.736608606341179e-06,0.0,60.0
4,201.0,0.04010172560811043,0.0016580783994868398,8.48178933665622e-06,0.0,60,201.0,0.04233638942241669,0.0010642318520694971,8.056072147155646e-06,0.0,60,201.0,0.03879789263010025,0.0012248303974047303,9.078835319087375e-06,0.0,60,201.0,0.03337305784225464,0.0009717429638840258,8.815143701212946e-06,0.0,60,0.0386522663757205,0.0012297209032112733,8.607960126028047e-06,0.0,60.0
5,251.0,0.03674384206533432,0.0016570655861869454,8.208600775105879e-06,0.0,60,251.0,0.03542279452085495,0.0010233341017737985,8.03264083515387e-06,0.0,60,251.0,0.03440588712692261,0.0012217496987432241,9.054092515725642e-06,0.0,60,251.0,0.031123314052820206,0.0009715509950183332,8.686714863870293e-06,0.0,60,0.03442395944148302,0.0012184250954305753,8.495512247463921e-06,0.0,60.0
6,301.0,0.03522917628288269,0.001654134364798665,7.964086762513034e-06,0.0,60,301.0,0.029942400753498077,0.0010030046105384827,7.97561642684741e-06,0.0,60,301.0,0.030980290845036507,0.0012148830574005842,9.064657206181437e-06,0.0,60,301.0,0.029740624129772186,0.000983120407909155,8.512410204275511e-06,0.0,60,0.031473123002797365,0.0012137856101617217,8.379192649954348e-06,0.0,60.0
7,351.0,0.03351986035704613,0.00165051210206002,7.775332051096484e-06,0.0,60,351.0,0.020379140973091125,0.0009846403263509274,7.8980474427226e-06,0.0,60,351.0,0.022719699889421463,0.0012263765092939138,9.025582585309166e-06,0.0,60,351.0,0.027967803180217743,0.0010085668182000518,8.28000975161558e-06,0.0,60,0.026146626099944115,0.0012175239389762282,8.244742957685958e-06,0.0,60.0
8,401.0,0.029217474162578583,0.0016062934882938862,7.69350299378857e-06,0.0,60,401.0,0.014797433279454708,0.0009631201392039657,7.852068847569171e-06,0.0,60,401.0,0.017716223374009132,0.0012022306909784675,8.887566764315125e-06,0.0,60,401.0,0.021848909556865692,0.0010018091415986419,8.067236194619909e-06,0.0,60,0.02089501009322703,0.0011933633650187403,8.125093700073194e-06,0.0,60.0
9,451.0,0.020541807636618614,0.0016236539231613278,7.452056706824806e-06,0.0,60,451.0,0.012151598930358887,0.0009110529790632427,7.809803719283082e-06,0.0,60,451.0,0.014658046886324883,0.001156264333985746,8.738693395571318e-06,0.0,60,451.0,0.015910692512989044,0.0010440394980832934,7.331930646614637e-06,0.0,60,0.015815536491572857,0.0011837526835734025,7.83312111707346e-06,0.0,60.0
10,501.0,0.016472792252898216,0.0015632599825039506,7.142957201722311e-06,0.0,60,501.0,0.010754535906016827,0.0008557536057196558,7.798000297043473e-06,0.0,60,501.0,0.012668779119849205,0.001126339309848845,8.616945706307888e-06,0.0,60,501.0,0.012541783973574638,0.0009793229401111603,6.69008886688971e-06,0.0,59,0.013109472813084722,0.001131168959545903,7.561998017990845e-06,0.0,59.75
11,551.0,0.01423371210694313,0.0015087819192558527,6.934119937795913e-06,0.0,59,551.0,0.009877915494143963,0.0008170818327926099,7.805199857102707e-06,0.0,59,551.0,0.011430459097027779,0.0010972487507387996,8.513383363606408e-06,0.0,60,551.0,0.010612819343805313,0.0009270315058529377,6.279233730310807e-06,0.0,54,0.011538726510480046,0.00108753600216005,7.382984222203959e-06,0.0,58.0
12,601.0,0.012932632118463516,0.0014632971724495292,6.804229997214861e-06,0.0,56,601.0,0.009251094423234463,0.0007909577689133584,7.822989573469386e-06,0.0,59,601.0,0.010601967573165894,0.0010684867156669497,8.425875421380624e-06,0.0,60,601.0,0.00947688426822424,0.0008937495877034962,6.063936780265067e-06,0.0,53,0.010565644595772028,0.0010541228111833334,7.279257943082484e-06,0.0,57.0
13,651.0,0.012074160389602184,0.0014207251369953156,6.743721314705908e-06,0.0,50,651.0,0.008761526085436344,0.0007679194677621126,7.833749805286061e-06,0.0,59,651.0,0.009979688562452793,0.001041634939610958,8.35202354210196e-06,0.0,60,651.0,0.008735982701182365,0.0008685400825925171,5.9331964621378575e-06,0.0,52,0.009887839434668422,0.0010247049067402259,7.215672781057947e-06,0.0,55.25
14,701.0,0.0114359799772501,0.0013926993124186993,6.782525815651752e-06,0.0,50,701.0,0.008365035057067871,0.0007454221486113966,7.8347957241931e-06,0.0,59,701.0,0.009494997560977936,0.0010146116837859154,8.289615834655706e-06,0.0,60,701.0,0.00820519682019949,0.0008454349590465426,5.854373284819303e-06,0.0,52,0.009375302353873849,0.0009995420259656385,7.190327664829965e-06,0.0,55.25
15,751.0,0.010921522043645382,0.0013645899016410112,6.836036845925264e-06,0.0,48,751.0,0.008071305230259895,0.0007208677707239985,7.82543338573305e-06,0.0,57,751.0,0.009100007824599743,0.0009860871359705925,8.23765185486991e-06,0.0,57,751.0,0.0077908034436404705,0.0008232749532908201,5.793936907139141e-06,0.0,51,0.008970909635536373,0.0009737049404066056,7.173264748416841e-06,0.0,53.25
16,801.0,0.010485193692147732,0.0013377118157222867,6.906677299411967e-06,0.0,45,801.0,0.007753104902803898,0.0006969526875764132,7.821538019925356e-06,0.0,54,801.0,0.008769928477704525,0.0009604273363947868,8.215149136958644e-06,0.0,55,801.0,0.007442329078912735,0.0008047036244533956,5.7467846090730745e-06,0.0,45,0.008612639037892222,0.0009499488660367206,7.17253726634226e-06,0.0,49.75
17,851.0,0.010101212188601494,0.001311573083512485,6.984106676100055e-06,0.0,43,851.0,0.007510569412261248,0.0006765015423297882,7.838163583073765e-06,0.0,54,851.0,0.008480758406221867,0.000938141718506813,8.213477485696785e-06,0.0,55,851.0,0.007140981033444405,0.0007799787563271821,5.742856501456117e-06,0.0,44,0.008308380260132253,0.0009265487751690671,7.1946510615816806e-06,0.0,49.0
18,901.0,0.009746790863573551,0.001286614453420043,7.0661567406204995e-06,0.0,41,901.0,0.007299626711755991,0.0006558002787642181,7.84969324740814e-06,0.0,53,901.0,0.008225125260651112,0.0009166750824078918,8.221124517149292e-06,0.0,54,901.0,0.006870202254503965,0.0007588456501252949,5.748464445787249e-06,0.0,42,0.008035436272621155,0.0009044838661793619,7.221359737741295e-06,0.0,47.5
19,951.0,0.009419886395335197,0.0012620488414540887,7.141276000766084e-06,0.0,41,951.0,0.007110380567610264,0.0006366359884850681,7.853902388887946e-06,0.0,53,951.0,0.007986092008650303,0.00089889025548473,8.238295777118765e-06,0.0,52,951.0,0.006665611173957586,0.0007356971618719399,5.7540141824574675e-06,0.0,40,0.007795492536388338,0.0008833180618239567,7.246872087307565e-06,0.0,46.5
20,1001.0,0.009122331626713276,0.0012362563284114003,7.2010234362096526e-06,0.0,41,1001.0,0.006942964158952236,0.000617808778770268,7.84465009928681e-06,0.0,53,1001.0,0.007764870300889015,0.0008789202547632158,8.260669346782379e-06,0.0,52,1001.0,0.0064284359104931355,0.0007114145555533469,5.759567557106493e-06,0.0,37,0.007564650499261916,0.0008610999793745577,7.2664776098463335e-06,0.0,45.75
21,1051.0,0.008830217644572258,0.0012095855781808496,7.248541351145832e-06,0.0,40,1051.0,0.0067860777489840984,0.0006000231369398534,7.826277396816295e-06,0.0,53,1051.0,0.007570675574243069,0.0008617414277978241,8.294730832858477e-06,0.0,51,1051.0,0.006248221267014742,0.0006869076169095933,5.7718298194231465e-06,0.0,35,0.007358798058703542,0.0008395644399570301,7.2853448500609375e-06,0.0,44.75
22,1101.0,0.008568142540752888,0.0011834217002615333,7.2934021773107816e-06,0.0,39,1101.0,0.006644538138061762,0.0005822231178171933,7.802873369655572e-06,0.0,52,1101.0,0.007361002266407013,0.0008470782195217907,8.336990504176356e-06,0.0,51,1101.0,0.006089817266911268,0.0006635589525103569,5.79113520871033e-06,0.0,34,0.007165875053033233,0.0008190704975277185,7.30610031496326e-06,0.0,44.0
23,1151.0,0.008328283205628395,0.0011590718058869243,7.334998826991068e-06,0.0,39,1151.0,0.0065149953588843346,0.000565697904676199,7.783109140291344e-06,0.0,52,1151.0,0.007168327923864126,0.0008321743807755411,8.383943168155383e-06,0.0,49,1151.0,0.0059561836533248425,0.0006381056737154722,5.802311079605715e-06,0.0,32,0.006991947535425425,0.0007987624412635341,7.326090553760878e-06,0.0,43.0
24,1201.0,0.008125153370201588,0.001137379091233015,7.365783403656678e-06,0.0,39,1201.0,0.006392098497599363,0.0005492597701959312,7.770249794702977e-06,0.0,49,1201.0,0.006996589712798595,0.0008185551268979907,8.442334546998609e-06,0.0,47,1201.0,0.00582993496209383,0.0006193333538249135,5.8128243836108595e-06,0.0,32,0.006835944135673344,0.0007811318355379626,7.347798032242281e-06,0.0,41.75
25,1251.0,0.007915565744042397,0.0011195304105058312,7.385533990600379e-06,0.0,38,1251.0,0.006274950224906206,0.0005339263589121401,7.769031071802601e-06,0.0,49,1251.0,0.006758149713277817,0.0008026034338399768,8.51674940349767e-06,0.0,47,1251.0,0.005716022569686174,0.0006019918364472687,5.8196696954837535e-06,0.0,30,0.0066661720629781485,0.0007645130099263042,7.372746040346101e-06,0.0,41.0
26,1301.0,0.00773914298042655,0.0011049696477130055,7.400657977996161e-06,0.0,37,1301.0,0.006161895580589771,0.0005188649520277977,7.768946488795336e-06,0.0,47,1301.0,0.006477707531303167,0.0007882789359427989,8.593535312684253e-06,0.0,46,1301.0,0.00564409838989377,0.0005854798364453018,5.833709565195022e-06,0.0,30,0.006505711120553315,0.000749398343032226,7.399212336167693e-06,0.0,40.0
27,1351.0,0.007578721269965172,0.0010928421979770064,7.409700174321188e-06,0.0,37,1351.0,0.006044433917850256,0.0005044281133450568,7.78132198320236e-06,0.0,47,1351.0,0.006027285009622574,0.0007655145018361509,8.66880964167649e-06,0.0,46,1351.0,0.005496673285961151,0.0005787856644019485,5.858284112036927e-06,0.0,27,0.006286778370849788,0.0007353926193900406,7.429528977809241e-06,0.0,39.25
28,1401.0,0.007435482461005449,0.0010820812312886119,7.421398549922742e-06,0.0,36,1401.0,0.005910709034651518,0.000489942089188844,7.797452781233005e-06,0.0,47,1401.0,0.005271168891340494,0.0007439997862093151,8.754564987611957e-06,0.0,46,1401.0,0.005365321412682533,0.0005706707597710192,5.8836226344283205e-06,0.0,26,0.005995670449919999,0.0007216734666144475,7.464259738299006e-06,0.0,38.75
29,1451.0,0.007296932861208916,0.0010734803508967161,7.437524800479878e-06,0.0,34,1451.0,0.005743035580962896,0.00047605589497834444,7.815087883500382e-06,0.0,47,1451.0,0.004403465893119574,0.0007324338657781482,8.81296000443399e-06,0.0,46,1451.0,0.005400849040597677,0.0005585570470429957,5.909600531595061e-06,0.0,26,0.005711070843972266,0.0007101317896740511,7.4937933050023275e-06,0.0,38.25
30,1501.0,0.007170842029154301,0.001063304953277111,7.45523948353366e-06,0.0,33,1501.0,0.005493909120559692,0.0004697611730080098,7.836850272724405e-06,0.0,45,1501.0,0.0037574050948023796,0.0007129274890758097,8.836576853354927e-06,0.0,43,1501.0,0.004845883697271347,0.000548550917301327,5.938053618592676e-06,0.0,25,0.00531700998544693,0.0006986361331655644,7.516680057051417e-06,0.0,36.5
31,1551.0,0.007050852756947279,0.0010552098974585533,7.498183549614623e-06,0.0,31,1551.0,0.0050981673412024975,0.0004650099144782871,7.863647624617442e-06,0.0,44,1551.0,0.0033081145957112312,0.0006952504627406597,8.849378900777083e-06,0.0,43,1551.0,0.004224005155265331,0.0005502468557097018,5.9775034060294274e-06,0.0,25,0.004920284962281585,0.0006914292825968005,7.547178370259644e-06,0.0,35.75
32,1601.0,0.00693473732098937,0.0010477668838575482,7.548992471129168e-06,0.0,30,1601.0,0.004505670163780451,0.00047702400479465723,7.877995813032612e-06,0.0,43,1601.0,0.0029731583781540394,0.0006726194988004863,8.855038686306216e-06,0.0,41,1601.0,0.0034717158414423466,0.000551823410205543,5.997945663693827e-06,0.0,25,0.004471320426091552,0.0006873084494145587,7.569993158540456e-06,0.0,34.75
33,1651.0,0.006821355316787958,0.0010417163139209151,7.60631519369781e-06,0.0,29,1651.0,0.003775353077799082,0.0005001949029974639,7.857517630327493e-06,0.0,43,1651.0,0.0026932822074741125,0.0006652957526966929,8.865478775987867e-06,0.0,40,1651.0,0.002920641331002116,0.0005466643488034606,5.98203951085452e-06,0.0,24,0.004052657983265817,0.0006884678296046332,7.5778377777169226e-06,0.0,34.0
34,1701.0,0.006697557866573334,0.0010323998285457492,7.677705980313476e-06,0.0,28,1701.0,0.003164940280839801,0.0005185406189411879,7.804496817698237e-06,0.0,42,1701.0,0.0024693296290934086,0.0006489755469374359,8.875716048351023e-06,0.0,40,1701.0,0.002537822350859642,0.0005378638743422925,5.953956588200526e-06,0.0,24,0.0037174125318415463,0.0006844449671916664,7.577968858640816e-06,0.0,33.5
35,1751.0,0.0065267025493085384,0.0010239314287900925,7.748093594273087e-06,0.0,28,1751.0,0.0027473056688904762,0.0005290989065542817,7.734794053249061e-06,0.0,42,1751.0,0.0022735660895705223,0.0006371064810082316,8.878877451934386e-06,0.0,40,1751.0,0.0022545873653143644,0.0005281587946228683,5.921275260334369e-06,0.0,24,0.0034505404182709754,0.0006795739027438685,7.570760089947726e-06,0.0,33.5
36,1801.0,0.006220452021807432,0.0010267504258081317,7.798996193741914e-06,0.0,28,1801.0,0.002442155033349991,0.0005331045249477029,7.65425920690177e-06,0.0,41,1801.0,0.0021287002600729465,0.0006238330970518291,8.875675121089444e-06,0.0,40,1801.0,0.0023583632428199053,0.0005184204201214015,5.895311005588155e-06,0.0,23,0.0032874176395125687,0.0006755271169822663,7.556060381830321e-06,0.0,33.0
37,1851.0,0.005547317676246166,0.0010540923103690147,7.775870471959934e-06,0.0,28,1851.0,0.002171088010072708,0.0005372301675379276,7.575822110084118e-06,0.0,41,1851.0,0.0019894419237971306,0.0006139542674645782,8.869056728144642e-06,0.0,40,1851.0,0.0018753657350316644,0.0005073326174169779,5.881173365196446e-06,0.0,23,0.0028958033362869173,0.0006781523406971246,7.525480668846285e-06,0.0,33.0
38,1901.0,0.0045686885714530945,0.0010878543835133314,7.6021683526050765e-06,0.0,28,1901.0,0.0019558388739824295,0.00053831294644624,7.4863505687972065e-06,0.0,41,1901.0,0.001880555646494031,0.0006024311296641827,8.85986810317263e-06,0.0,39,1901.0,0.0017472266918048263,0.0004989900626242161,5.869927463209024e-06,0.0,23,0.0025380774459335953,0.0006818971305619925,7.454578621945984e-06,0.0,32.75
39,1951.0,0.0038798919413238764,0.001091285259462893,7.3706250987015665e-06,0.0,28,1951.0,0.0017804282251745462,0.0005374992033466697,7.390921382466331e-06,0.0,39,1951.0,0.001785505679436028,0.0005938575486652553,8.847668141243048e-06,0.0,39,1951.0,0.0016353887040168047,0.0004910696879960597,5.862879788764985e-06,0.0,23,0.002270303637487814,0.0006784279248677194,7.368023602793983e-06,0.0,32.25
40,2001.0,0.0034168646670877934,0.0010779647855088115,7.190736141637899e-06,0.0,28,2001.0,0.0016342037124559283,0.0005298603209666908,7.3156597863999195e-06,0.0,38,2001.0,0.0018823756836354733,0.0005839022342115641,8.840011105348822e-06,0.0,38,2001.0,0.0015261588850989938,0.00048413261538371444,5.8592340792529285e-06,0.0,23,0.002114900737069547,0.0006689649890176952,7.301410278159892e-06,0.0,31.75
41,2051.0,0.003080008551478386,0.0010663688881322742,7.0348069129977375e-06,0.0,27,2051.0,0.00155865796841681,0.0005246545188128948,7.254059255501488e-06,0.0,37,2051.0,0.0016361114103347063,0.0005773146403953433,8.837362656777259e-06,0.0,38,2051.0,0.0014879504451528192,0.0004789218364749104,5.857973519596271e-06,0.0,23,0.0019406820938456804,0.0006618149709538557,7.246050586218189e-06,0.0,31.25
42,2101.0,0.002806882606819272,0.0010482893558219075,6.900686003064038e-06,0.0,27,2101.0,0.0014090436743572354,0.0005148248746991158,7.219249255285831e-06,0.0,35,2101.0,0.0015773996710777283,0.0005712616257369518,8.834256732370704e-06,0.0,38,2101.0,0.0013484519440680742,0.00047189590986818075,5.857461928826524e-06,0.0,23,0.0017854444740805775,0.000651567941531539,7.2029134798867744e-06,0.0,30.75
43,2151.0,0.0025822340976446867,0.0010345744667574763,6.788570772187086e-06,0.0,26,2151.0,0.0013232695637270808,0.0005063999560661614,7.202045708254445e-06,0.0,34,2151.0,0.0015252797165885568,0.0005653506377711892,8.831464583636262e-06,0.0,38,2151.0,0.0012616101885214448,0.00046644386020489037,5.85672614761279e-06,0.0,23,0.0016730983916204423,0.0006431922301999293,7.169701802922646e-06,0.0,30.25
44,2201.0,0.0023974371142685413,0.001026391051709652,6.692152510368032e-06,0.0,26,2201.0,0.0012568746460601687,0.0005021178512834013,7.198874754976714e-06,0.0,33,2201.0,0.0014798130141571164,0.0005598794668912888,8.829014404909685e-06,0.0,38,2201.0,0.0011801810469478369,0.00046063383342698216,5.8578962125466205e-06,0.0,23,0.0015785764553584158,0.000637255550827831,7.144484470700263e-06,0.0,30.0
45,2251.0,0.002247678814455867,0.0010170653695240617,6.603553629247472e-06,0.0,26,2251.0,0.0013191055040806532,0.0004988473956473172,7.206173904705793e-06,0.0,32,2251.0,0.0014577877009287477,0.0005546339089050889,8.826737939671148e-06,0.0,38,2251.0,0.0011071471963077784,0.0004546483396552503,5.862050329596968e-06,0.0,23,0.0015329298039432615,0.0006312987534329295,7.124628950805345e-06,0.0,29.75
46,2301.0,0.002127292100340128,0.0010061527136713266,6.523671800096054e-06,0.0,25,2301.0,0.0011600095313042402,0.000491233600769192,7.219357939902693e-06,0.0,32,2301.0,0.0014034445630386472,0.0005496565136127174,8.824838914733846e-06,0.0,37,2301.0,0.0010424809297546744,0.00044863452785648406,5.86841724725673e-06,0.0,23,0.0014333067811094224,0.00062391933897743,7.1090714754973305e-06,0.0,29.25
47,2351.0,0.002027801936492324,0.000993600464425981,6.46455828245962e-06,0.0,24,2351.0,0.0011189166689291596,0.0004851080884691328,7.233088581415359e-06,0.0,32,2351.0,0.0013709207996726036,0.000546322378795594,8.832973435346503e-06,0.0,37,2351.0,0.0010232562199234962,0.00044210415217094123,5.8763366723724175e-06,0.0,23,0.0013852239062543958,0.0006167837709654123,7.101739242898475e-06,0.0,29.0
48,2401.0,0.001965186558663845,0.0009779103565961123,6.414329163817456e-06,0.0,23,2401.0,0.0010830116225406528,0.00047838594764471054,7.247659596032463e-06,0.0,32,2401.0,0.001340178889222443,0.0005430331802926958,8.843739124131389e-06,0.0,37,2401.0,0.0009437259286642075,0.00043745682341977954,5.881904598936671e-06,0.0,23,0.001333025749772787,0.0006091965769883245,7.096908120729495e-06,0.0,28.75
49,2451.0,0.001870026346296072,0.0009662371594458818,6.373733867803821e-06,0.0,23,2451.0,0.0011701458133757114,0.000471303123049438,7.2617285695741884e-06,0.0,31,2451.0,0.001310820342041552,0.0005398006760515273,8.85526151250815e-06,0.0,37,2451.0,0.0009024951723404229,0.00043292343616485596,5.891118689760333e-06,0.0,22,0.0013133719185134396,0.0006025660986779258,7.095460659911623e-06,0.0,28.25
50,2501.0,0.0018086978234350681,0.0009540273458696902,6.334545560093829e-06,0.0,23,2501.0,0.0010228169849142432,0.00046607377589680254,7.277454642462544e-06,0.0,30,2501.0,0.0012893832754343748,0.000536615785676986,8.866815733199473e-06,0.0,37,2501.0,0.0008656787686049938,0.0004288825439289212,5.903639703319641e-06,0.0,22,0.00124664421309717,0.0005963998628431,7.095613909768872e-06,0.0,28.0
51,2551.0,0.001747493864968419,0.000941906706430018,6.294128070294391e-06,0.0,23,2551.0,0.0009963416960090399,0.0004620141990017146,7.301255664060591e-06,0.0,30,2551.0,0.0012567529920488596,0.0005315474118106067,8.882079782779329e-06,0.0,35,2551.0,0.0008317224564962089,0.00042517614201642573,5.914971552556381e-06,0.0,22,0.0012080777523806319,0.0005901611148146912,7.098108767422673e-06,0.0,27.5
52,2601.0,0.0016946990508586168,0.0009301587124355137,6.252522780414438e-06,0.0,23,2601.0,0.0009720920352265239,0.0004574491467792541,7.327182629524032e-06,0.0,30,2601.0,0.001230681431479752,0.0005337920156307518,8.906499715521932e-06,0.0,34,2601.0,0.0008001838577911258,0.00042165658669546247,5.9251933635096066e-06,0.0,22,0.0011744140938390046,0.0005857641153852455,7.102849622242502e-06,0.0,27.25
53,2651.0,0.001649550162255764,0.0009182759094983339,6.210936135175871e-06,0.0,23,2651.0,0.0009498948929831386,0.0004528588615357876,7.353331056947354e-06,0.0,30,2651.0,0.0012041374575346708,0.000527343712747097,8.934069228416774e-06,0.0,34,2651.0,0.0008081425330601633,0.0004186205333098769,5.934433374932269e-06,0.0,22,0.0011529312614584342,0.0005792747542727739,7.108192448868067e-06,0.0,27.25
54,2701.0,0.0016034842701628804,0.0009081470197997987,6.167790616018465e-06,0.0,21,2701.0,0.0009321203106082976,0.0004479952622205019,7.379291673714761e-06,0.0,29,2701.0,0.0011775372549891472,0.0005218848236836493,8.963959771790542e-06,0.0,34,2701.0,0.0007473051082342863,0.0004144981794524938,5.9405019783298485e-06,0.0,22,0.0011151117359986529,0.0005731313212891109,7.112886009963404e-06,0.0,26.5
55,2751.0,0.0015687104314565659,0.0008961236453615129,6.140473942650715e-06,0.0,21,2751.0,0.0009121503680944443,0.00044257109402678907,7.405200904031517e-06,0.0,29,2751.0,0.0011608873028308153,0.0005167380440980196,8.992038601718377e-06,0.0,33,2751.0,0.000723417557310313,0.0004116777272429317,5.946496003161883e-06,0.0,22,0.0010912914149230346,0.0005667776276823133,7.121052362890623e-06,0.0,26.25
56,2801.0,0.001527184504084289,0.0008846339187584817,6.110061804065481e-06,0.0,21,2801.0,0.0008941274136304855,0.00043799137347377837,7.439547971443972e-06,0.0,28,2801.0,0.0011261939071118832,0.0005108666373416781,9.019034223456401e-06,0.0,33,2801.0,0.0007012797868810594,0.00040885910857468843,5.9529065765673295e-06,0.0,22,0.0010621964029269293,0.0005605877595371567,7.130387643883296e-06,0.0,26.0
57,2851.0,0.001497074612416327,0.0008726296946406364,6.0783490880567115e-06,0.0,20,2851.0,0.0008774837478995323,0.0004351017705630511,7.478982752218144e-06,0.0,28,2851.0,0.001101043657399714,0.000505956937558949,9.050871085491963e-06,0.0,33,2851.0,0.0006806713645346463,0.000406058767111972,5.960157977824565e-06,0.0,22,0.001039068345562555,0.0005549367924686521,7.142090225897846e-06,0.0,25.75
58,2901.0,0.0014640873996540904,0.0008625530172139406,6.052436219761148e-06,0.0,20,2901.0,0.0008638594299554825,0.00043197759077884257,7.518129223171854e-06,0.0,28,2901.0,0.0010767162311822176,0.0005010470049455762,9.084052180696744e-06,0.0,33,2901.0,0.00066154490923509,0.0004063895612489432,5.968124696664745e-06,0.0,21,0.0010165519925067201,0.0005504917935468256,7.155685580073623e-06,0.0,25.5
59,2951.0,0.0014364175731316209,0.0008528506732545793,6.02471527599846e-06,0.0,20,2951.0,0.0008467460284009576,0.0004291434306651354,7.557875505881384e-06,0.0,28,2951.0,0.001054186257533729,0.0004962831735610962,9.116905857808888e-06,0.0,33,2951.0,0.0006552618579007685,0.0003994863945990801,5.977144610369578e-06,0.0,21,0.000998152929241769,0.0005444409180199727,7.1691603125145775e-06,0.0,25.5
60,3001.0,0.0014091599732637405,0.0008432908798567951,5.995264928060351e-06,0.0,20,3001.0,0.0008324906812049448,0.00042647597729228437,7.598021511512343e-06,0.0,28,3001.0,0.001034318353049457,0.0004914398887194693,9.148767276201397e-06,0.0,33,3001.0,0.0006281686364673078,0.00039751228177919984,5.982223683531629e-06,0.0,21,0.0009760344109963626,0.0005396797569119371,7.18106934982643e-06,0.0,25.5
61,3051.0,0.0013844958739355206,0.0008339114720001817,5.964268893876579e-06,0.0,20,3051.0,0.0008267045486718416,0.0004243162111379206,7.637650014657993e-06,0.0,28,3051.0,0.001018668059259653,0.00048722175415605307,9.179765584121924e-06,0.0,33,3051.0,0.0006126788211986423,0.0003950703248847276,5.9887902352784295e-06,0.0,21,0.0009606368257664144,0.0005351299405447207,7.192618681983731e-06,0.0,25.5
62,3101.0,0.0013604005798697472,0.0008250208920799196,5.932211934123188e-06,0.0,20,3101.0,0.000808902143035084,0.0004207479942124337,7.675855158595368e-06,0.0,28,3101.0,0.000999536830931902,0.00048090581549331546,9.208999472321011e-06,0.0,32,3101.0,0.0005978952394798398,0.00039265197119675577,5.996144409436965e-06,0.0,21,0.0009416836983291432,0.0005298316682456061,7.203302743619133e-06,0.0,25.25
63,3151.0,0.0013390410458669066,0.0008159915450960398,5.904977115278598e-06,0.0,19,3151.0,0.0007958819041959941,0.0004188050515949726,7.714072125963867e-06,0.0,27,3151.0,0.0009864739840850234,0.0004765105259139091,9.240324288839474e-06,0.0,31,3151.0,0.0005836988566443324,0.0003903481410816312,6.004498573020101e-06,0.0,21,0.0009262739476980641,0.0005254138159216382,7.21596802577551e-06,0.0,24.5
64,3201.0,0.0013241900596767664,0.0008063024142757058,5.874647285963874e-06,0.0,18,3201.0,0.0007843915955163538,0.00041593826608732343,7.756059858365916e-06,0.0,27,3201.0,0.0009779526153579354,0.00047187512973323464,9.274910553358495e-06,0.0,31,3201.0,0.00057823839597404,0.00038688088534399867,6.011471214151243e-06,0.0,21,0.0009161931666312739,0.0005202491738600656,7.229272227959882e-06,0.0,24.25
65,3251.0,0.0012982517946511507,0.0007981517701409757,5.849506578670116e-06,0.0,18,3251.0,0.0007730751531198621,0.00041332552791573107,7.797109901730437e-06,0.0,27,3251.0,0.0009607345564290881,0.00046813266817480326,9.31065278564347e-06,0.0,31,3251.0,0.0005594253889285028,0.0003853401867672801,6.017513896949822e-06,0.0,21,0.0008978717232821509,0.0005162375382496975,7.243695790748461e-06,0.0,24.25
66,3301.0,0.0012805690057575703,0.0007921183714643121,5.82928123549209e-06,0.0,17,3301.0,0.0007649536710232496,0.00041070336010307074,7.837964403734077e-06,0.0,27,3301.0,0.0009484547190368176,0.00046436701086349785,9.348887942906003e-06,0.0,31,3301.0,0.0005476493388414383,0.0003838383127003908,6.024788490321953e-06,0.0,20,0.0008854066836647689,0.0005127567637828179,7.260230518113531e-06,0.0,23.75
67,3351.0,0.0012609772384166718,0.0007830391405150294,5.809215053886874e-06,0.0,17,3351.0,0.0007522377418354154,0.00040847313357517123,7.878095857449807e-06,0.0,27,3351.0,0.0009395004017278552,0.00046010949881747365,9.387012141814921e-06,0.0,31,3351.0,0.0005366659606806934,0.0003815463569480926,6.036787453922443e-06,0.0,20,0.0008723453356651589,0.0005082920324639417,7.277777626768511e-06,0.0,23.75
68,3401.0,0.0012481949524953961,0.0007739600259810686,5.789911028841743e-06,0.0,17,3401.0,0.0007413650746457279,0.00040611112490296364,7.918501978565473e-06,0.0,27,3401.0,0.0009273372124880552,0.0004569794109556824,9.42398310144199e-06,0.0,31,3401.0,0.0005260001053102314,0.00037956502637825906,6.057435712136794e-06,0.0,20,0.0008607243362348527,0.0005041538970544934,7.2974579552465e-06,0.0,23.75
69,3451.0,0.0012403117725625634,0.0007663539727218449,5.769655672338558e-06,0.0,17,3451.0,0.0007306490442715585,0.0004037738835904747,7.958337846503127e-06,0.0,27,3451.0,0.0009172693244181573,0.00045410808525048196,9.461904483032413e-06,0.0,31,3451.0,0.0005189066287130117,0.00037670330493710935,6.076257250242634e-06,0.0,20,0.0008517841924913228,0.0005002348116249777,7.316538813029183e-06,0.0,23.75
70,3501.0,0.001208740402944386,0.0007584824925288558,5.7500287766742986e-06,0.0,17,3501.0,0.0007339884759858251,0.00040104539948515594,7.997346074262168e-06,0.0,27,3501.0,0.0009141454356722534,0.00045189980301074684,9.501666681899223e-06,0.0,30,3501.0,0.0005084904260002077,0.0003758467792067677,6.093292540754192e-06,0.0,19,0.000841341185150668,0.0004968186185578816,7.3355835183974705e-06,0.0,23.25
71,3551.0,0.0012197730829939246,0.0007499412749893963,5.730354587285547e-06,0.0,16,3551.0,0.0007114537293091416,0.0004000485932920128,8.034762686293107e-06,0.0,27,3551.0,0.0009505624766461551,0.0004487764381337911,9.54400184127735e-06,0.0,30,3551.0,0.000499795307405293,0.000374300085240975,6.124080755398609e-06,0.0,19,0.0008453961490886286,0.0004932665979140438,7.358299967563653e-06,0.0,23.0
72,3601.0,0.0011744601652026176,0.0007438872125931084,5.71671580473776e-06,0.0,16,3601.0,0.0007002598722465336,0.0003982946800533682,8.074541256064549e-06,0.0,26,3601.0,0.0008858559303916991,0.00044712054659612477,9.583259270584676e-06,0.0,30,3601.0,0.0004917559563182294,0.00037251602043397725,6.158469204819994e-06,0.0,19,0.00081308298103977,0.0004904546149191447,7.383246384051745e-06,0.0,22.75
73,3651.0,0.0011575698154047132,0.0007370744715444744,5.705775038222782e-06,0.0,16,3651.0,0.000689940934535116,0.0003964524366892874,8.112243449431844e-06,0.0,26,3651.0,0.0008755940943956375,0.0004454851441551,9.621414392313454e-06,0.0,30,3651.0,0.0004843472270295024,0.00037091775448061526,6.195635705807945e-06,0.0,19,0.0008018630178412423,0.00048748245171736926,7.408767146444006e-06,0.0,22.75
74,3701.0,0.0011429692385718226,0.0007307239575311542,5.696080734196585e-06,0.0,16,3701.0,0.0006800848641432822,0.000394575297832489,8.149470886564814e-06,0.0,26,3701.0,0.0008625970804132521,0.0004430469998624176,9.65758317761356e-06,0.0,30,3701.0,0.00048308161785826087,0.0003680051595438272,6.232200576050673e-06,0.0,19,0.0007921832002466545,0.000484087853692472,7.433833843606408e-06,0.0,22.75
75,3751.0,0.0011202036403119564,0.0007244886946864426,5.687496923201252e-06,0.0,16,3751.0,0.0006732046604156494,0.00039234518771991134,8.184377293218859e-06,0.0,26,3751.0,0.0008509343606419861,0.0004413753922563046,9.692075764178298e-06,0.0,30,3751.0,0.0004717523406725377,0.0003670791629701853,6.271960501180729e-06,0.0,19,0.0007790237505105324,0.00048132210940821096,7.458977620444784e-06,0.0,22.75
76,3801.0,0.001101622125133872,0.0007184678106568754,5.679574314854108e-06,0.0,16,3801.0,0.000661394209600985,0.0003905520716216415,8.218439688789658e-06,0.0,26,3801.0,0.0009475001133978367,0.0004410877008922398,9.726169082568958e-06,0.0,30,3801.0,0.0004662491555791348,0.00036573896068148315,6.317113275144948e-06,0.0,19,0.0007941914009279571,0.00047896163596305996,7.485324090339418e-06,0.0,22.75
77,3851.0,0.0010881108464673162,0.0007117700297385454,5.671787221217528e-06,0.0,16,3851.0,0.0006509292288683355,0.0003885540063492954,8.251967301475815e-06,0.0,26,3851.0,0.0008291388512589037,0.00043671944877132773,9.757155567058362e-06,0.0,30,3851.0,0.00046147179091349244,0.0003643099043983966,6.366321485984372e-06,0.0,19,0.000757412679377012,0.0004753383473143913,7.511807893934019e-06,0.0,22.75
78,3901.0,0.0010644973954185843,0.000706586055457592,5.662603143719025e-06,0.0,16,3901.0,0.0006403105799108744,0.00038655538810417056,8.28423162602121e-06,0.0,26,3901.0,0.000819952751044184,0.00043430135701783,9.786943337530829e-06,0.0,29,3901.0,0.0005744973313994706,0.00036324295797385275,6.419059445761377e-06,0.0,19,0.0007748145144432783,0.00047267143963836133,7.53820938825811e-06,0.0,22.5
79,3951.0,0.0010518047492951155,0.0007012182613834739,5.6553435570094734e-06,0.0,16,3951.0,0.0006294490885920823,0.00038458200288005173,8.315060767927207e-06,0.0,26,3951.0,0.0008129170164465904,0.00043163049849681556,9.821056664804928e-06,0.0,29,3951.0,0.00045649937237612903,0.0003597188042476773,6.471031610999489e-06,0.0,19,0.0007376675566774793,0.0004692873917520046,7.5656231501852744e-06,0.0,22.5
80,4001.0,0.0010237108217552304,0.0006956729921512306,5.64721585760708e-06,0.0,15,4001.0,0.0006319058011285961,0.00038301918539218605,8.343812623934355e-06,0.0,26,4001.0,0.0009293041075579822,0.00043101294431835413,9.855425560090225e-06,0.0,29,4001.0,0.0004556802741717547,0.00035638720146380365,6.527828190883156e-06,0.0,19,0.0007601502511533909,0.0004665230808313936,7.593570558128704e-06,0.0,22.25
81,4051.0,0.0010038325563073158,0.000690204557031393,5.643610620609252e-06,0.0,15,4051.0,0.0006084809429012239,0.00038069894071668386,8.370543582714163e-06,0.0,26,4051.0,0.0007925424142740667,0.0004263391310814768,9.88674582913518e-06,0.0,29,4051.0,0.00045851257164031267,0.00035115788341499865,6.586481958947843e-06,0.0,19,0.0007158421212807298,0.0004621001280611381,7.621845497851609e-06,0.0,22.25
82,4101.0,0.0010322919115424156,0.0006845780881121755,5.646460522257257e-06,0.0,15,4101.0,0.0005967520410194993,0.00037873582914471626,8.397055353270844e-06,0.0,26,4101.0,0.000782605551648885,0.000424424244556576,9.917466741171665e-06,0.0,29,4101.0,0.00046368216862902045,0.0003435544786043465,6.646599103987683e-06,0.0,19,0.0007188329182099551,0.00045782316010445356,7.651895430171862e-06,0.0,22.25
83,4151.0,0.0009658111375756562,0.0006782002747058868,5.651187620969722e-06,0.0,15,4151.0,0.0005852229660376906,0.00037669099401682615,8.42265671963105e-06,0.0,26,4151.0,0.0007739365100860596,0.00042221398325636983,9.948389561031945e-06,0.0,29,4151.0,0.0004823231720365584,0.0003343147982377559,6.709277840855066e-06,0.0,19,0.0007018234464339912,0.0004528550125542097,7.682877935621946e-06,0.0,22.25
84,4201.0,0.0010092024458572268,0.0006735021597705781,5.657945621351246e-06,0.0,15,4201.0,0.000583942630328238,0.00037387575139291584,8.447267646261025e-06,0.0,26,4201.0,0.0007719192071817815,0.00041964591946452856,9.98000268737087e-06,0.0,29,4201.0,0.00046884315088391304,0.00032571752672083676,6.7791193032462616e-06,0.0,19,0.0007084768585627899,0.00044818533933721483,7.71608381455735e-06,0.0,22.25
85,4251.0,0.0009329087915830314,0.0006667115376330912,5.665838671120582e-06,0.0,15,4251.0,0.0005641031311824918,0.00037249005981720984,8.46958482725313e-06,0.0,26,4251.0,0.0007605223217979074,0.00041719572618603706,1.0009452125814278e-05,0.0,29,4251.0,0.00046148765250109136,0.0003207285772077739,6.848132215964142e-06,0.0,19,0.0006797554742661305,0.000444281475211028,7.748251960038033e-06,0.0,22.25
86,4301.0,0.0009164043003693223,0.0006610295386053622,5.674639851349639e-06,0.0,15,4301.0,0.0005527431494556367,0.00037040887400507927,8.491758308082353e-06,0.0,26,4301.0,0.000750930979847908,0.00041528590372763574,1.0038555956271011e-05,0.0,29,4301.0,0.0004547466232907027,0.00031698966631665826,6.912587195984088e-06,0.0,19,0.0006687062632408924,0.00044092849566368386,7.779385327921773e-06,0.0,22.25
87,4351.0,0.0009531564428471029,0.0006547445664182305,5.684261395799695e-06,0.0,15,4351.0,0.0005415843334048986,0.0003682287933770567,8.513903594575822e-06,0.0,26,4351.0,0.0007434599683620036,0.0004131650202907622,1.0068500159832183e-05,0.0,29,4351.0,0.00046020440640859306,0.00031150414724834263,6.969359219510807e-06,0.0,19,0.0006746012877556495,0.000436910631833598,7.809006092429627e-06,0.0,22.25
88,4401.0,0.0008849080768413842,0.0006492673419415951,5.695710569852963e-06,0.0,15,4401.0,0.0005313570145517588,0.0003658916102722287,8.535831511835568e-06,0.0,26,4401.0,0.0007394812419079244,0.0004104655236005783,1.009762581816176e-05,0.0,29,4401.0,0.00044764671474695206,0.0003101970942225307,7.02128591001383e-06,0.0,19,0.0006508482620120049,0.0004339553925092332,7.83761345246603e-06,0.0,22.25
89,4451.0,0.0008697813609614968,0.0006434971583075821,5.706986485165544e-06,0.0,15,4451.0,0.0005244030035100877,0.0003635017201304436,8.556579814467113e-06,0.0,26,4451.0,0.00073008902836591,0.00040873215766623616,1.0124823347723577e-05,0.0,29,4451.0,0.0004445888916961849,0.0003079812158830464,7.0739793045504484e-06,0.0,19,0.0006422155711334199,0.00043092806299682707,7.86559223797667e-06,0.0,22.25
90,4501.0,0.0008574524545110762,0.0006370823830366135,5.717224212276051e-06,0.0,15,4501.0,0.0005110946949571371,0.0003616374742705375,8.576834261475597e-06,0.0,26,4501.0,0.0007225836743600667,0.0004067731206305325,1.0153074072150048e-05,0.0,29,4501.0,0.0004413406131789088,0.00030586920911446214,7.125091997295385e-06,0.0,19,0.0006331178592517972,0.0004278405467630364,7.89305613579927e-06,0.0,22.25
91,4551.0,0.000840343942400068,0.0006316075450740755,5.731231340178056e-06,0.0,14,4551.0,0.0005004791892133653,0.0003593983710743487,8.597460691817105e-06,0.0,26,4551.0,0.000715394678991288,0.000404792110202834,1.0181740435655229e-05,0.0,29,4551.0,0.000438965653302148,0.0003039257135242224,7.174867278081365e-06,0.0,19,0.0006237958659767173,0.00042493093496887013,7.921324936432939e-06,0.0,22.0
92,4601.0,0.0008592286612838507,0.0006260281661525369,5.751756361860316e-06,0.0,14,4601.0,0.0004902013461105525,0.0003571190172806382,8.617534149379935e-06,0.0,26,4601.0,0.0007320501026697457,0.0004024301306344569,1.0209771971858572e-05,0.0,29,4601.0,0.00043459347216412425,0.00030011258786544204,7.217367510747863e-06,0.0,19,0.0006290183955570683,0.0004214224754832685,7.949107498461672e-06,0.0,22.0
93,4651.0,0.0008105428423732519,0.0006209116545505822,5.774455985374516e-06,0.0,14,4651.0,0.0005756134632974863,0.0003538756864145398,8.636789971205872e-06,0.0,26,4651.0,0.0007028724066913128,0.00040057580918073654,1.0235971785732545e-05,0.0,29,4651.0,0.0004299812135286629,0.0002985565224662423,7.261342034325935e-06,0.0,19,0.0006297524814726785,0.0004184799181530252,7.977139944159717e-06,0.0,22.0
94,4701.0,0.000795709085650742,0.0006156932795420289,5.79608058615122e-06,0.0,14,4701.0,0.0004729097709059715,0.0003524263738654554,8.654622433823533e-06,0.0,26,4701.0,0.0006953496485948563,0.00039883877616375685,1.0263876902172342e-05,0.0,29,4701.0,0.0004255914536770433,0.0002967979235108942,7.305663075385382e-06,0.0,19,0.0005973899897071533,0.00041593908827053383,8.00506074938312e-06,0.0,22.0
95,4751.0,0.0007813277770765126,0.000610443705227226,5.818033514515264e-06,0.0,14,4751.0,0.00046347721945494413,0.00035019341157749295,8.672631338413339e-06,0.0,26,4751.0,0.0006883344613015652,0.0003970624238718301,1.0292648767062929e-05,0.0,29,4751.0,0.0004212835629004985,0.0002949445624835789,7.348726285272278e-06,0.0,19,0.0005886057551833801,0.000413161025790032,8.033009976315952e-06,0.0,22.0
96,4801.0,0.0007695892127230763,0.0006042358581908047,5.839802270202199e-06,0.0,14,4801.0,0.0004548425495158881,0.0003478301805444062,8.691374205227476e-06,0.0,26,4801.0,0.0008549693739041686,0.00039522655424661934,1.0321804438717663e-05,0.0,29,4801.0,0.00043780525447800756,0.00029273860855028033,7.39046436137869e-06,0.0,19,0.0006293015976552851,0.00041000780038302764,8.060861318881507e-06,0.0,22.0
97,4851.0,0.0007543505635112524,0.000599689781665802,5.862099897058215e-06,0.0,14,4851.0,0.0004946051631122828,0.00034478865563869476,8.709976100362837e-06,0.0,26,4851.0,0.0006738487281836569,0.00039285855018533766,1.0346988347009756e-05,0.0,29,4851.0,0.00041285526822321117,0.00029084578272886574,7.4264107752242126e-06,0.0,19,0.0005839149307576008,0.00040704569255467504,8.086368779913755e-06,0.0,22.0
98,4901.0,0.0007772568496875465,0.0005952661158517003,5.887047336727846e-06,0.0,14,4901.0,0.00044050588621757925,0.0003429511561989784,8.727507520234212e-06,0.0,26,4901.0,0.0006686365813948214,0.0003914769331458956,1.0372144970460795e-05,0.0,29,4901.0,0.0004079702775925398,0.0002890098839998245,7.464960162906209e-06,0.0,19,0.0005735923987231217,0.0004046760222990997,8.112914997582266e-06,0.0,22.0
99,4951.0,0.0007273789960891008,0.0005896948860026896,5.91427351537277e-06,0.0,14,4951.0,0.0004321066662669182,0.0003406737232580781,8.74492252478376e-06,0.0,26,4951.0,0.0006618037004955113,0.0003898495633620769,1.0398875019745901e-05,0.0,29,4951.0,0.00040348005131818354,0.0002872116747312248,7.503291726607131e-06,0.0,19,0.0005561923535424285,0.00040185746183851734,8.14034069662739e-06,0.0,22.0
100,5001.0,0.0007144715054892004,0.0005847988650202751,5.9406102081993595e-06,0.0,14,5001.0,0.00042421420221216977,0.0003381923015695065,8.763624464336317e-06,0.0,26,5001.0,0.0006549264653585851,0.00038814928848296404,1.0426143489894457e-05,0.0,29,5001.0,0.0004095400217920542,0.00028381304582580924,7.53751783122425e-06,0.0,19,0.0005507880487130024,0.00039873837522463873,8.166973998413596e-06,0.0,22.0
101,5051.0,0.0007026426028460264,0.0005798812489956617,5.967604920442682e-06,0.0,14,5051.0,0.000416977476561442,0.00033564772456884384,8.782233635429293e-06,0.0,26,5051.0,0.0006494146655313671,0.00038593076169490814,1.0452175956743304e-05,0.0,29,5051.0,0.00039489020127803087,0.00028253821074031293,7.571023616037564e-06,0.0,19,0.0005409812365542166,0.00039599948649993166,8.19325953216321e-06,0.0,22.0
102,5101.0,0.0006898313295096159,0.0005747603718191385,5.995383617118932e-06,0.0,14,5101.0,0.0004096005286555737,0.000333403586409986,8.801519470580388e-06,0.0,26,5101.0,0.0006432257941924036,0.0003843161975964904,1.0475057933945209e-05,0.0,29,5101.0,0.0003905996272806078,0.0002808729186654091,7.606479812238831e-06,0.0,19,0.0005333143199095502,0.000393338268622756,8.21961020847084e-06,0.0,22.0
103,5151.0,0.0006761001423001289,0.0005701696500182152,6.021824447088875e-06,0.0,14,5151.0,0.00040486600482836366,0.0003308734449092299,8.821272786008194e-06,0.0,26,5151.0,0.0006357635138556361,0.0003826336469501257,1.049978436640231e-05,0.0,29,5151.0,0.0003864192985929549,0.00027910713106393814,7.641471711394843e-06,0.0,19,0.0005257872398942709,0.0003906959682353772,8.246088327723555e-06,0.0,22.0
104,5201.0,0.0006735256756655872,0.0005654063425026834,6.049844614608446e-06,0.0,14,5201.0,0.0003957306907977909,0.0003283285186626017,8.840914233587682e-06,0.0,26,5201.0,0.0006296569481492043,0.0003815373929683119,1.052554671332473e-05,0.0,28,5201.0,0.00040869863005355,0.00027496705297380686,7.673010259168223e-06,0.0,19,0.0005269029861665331,0.00038755982677685097,8.27232895517227e-06,0.0,21.75
105,5251.0,0.0006523238262161613,0.0005611589294858277,6.078381829865975e-06,0.0,14,5251.0,0.0003924620687030256,0.0003262259706389159,8.861296009854414e-06,0.0,26,5251.0,0.0006246415432542562,0.00037867313949391246,1.0553917491051834e-05,0.0,28,5251.0,0.0003783410938922316,0.000274353165877983,7.701838512730319e-06,0.0,19,0.0005119421330164187,0.00038510280137415975,8.298858460875636e-06,0.0,21.75
106,5301.0,0.0006443879101425409,0.0005568405031226575,6.107281478762161e-06,0.0,14,5301.0,0.0003820364363491535,0.0003237459168303758,8.88151589606423e-06,0.0,26,5301.0,0.0006165879894979298,0.0003770061593968421,1.0578320143395104e-05,0.0,28,5301.0,0.00037406175397336483,0.0002728451800066978,7.735206963843666e-06,0.0,19,0.0005042685224907473,0.0003826094398391433,8.32558112051629e-06,0.0,21.75
107,5351.0,0.0006291206809692085,0.0005522294668480754,6.136512183729792e-06,0.0,14,5351.0,0.0005247375229373574,0.00032398206531070173,8.902980880520772e-06,0.0,26,5351.0,0.0006102488259784877,0.00037511761183850467,1.0605170245980844e-05,0.0,28,5351.0,0.00037116080056875944,0.00027137852157466114,7.76829165261006e-06,0.0,19,0.0005338169576134533,0.00038067691639298573,8.353238740710367e-06,0.0,21.75
108,5401.0,0.0006151602719910443,0.0005481782136484981,6.163856141938595e-06,0.0,14,5401.0,0.00037027092184871435,0.00031906343065202236,8.923821042117197e-06,0.0,26,5401.0,0.0006039351574145257,0.00037317912210710347,1.0632466910465155e-05,0.0,28,5401.0,0.00036842148983851075,0.00026936110225506127,7.79937909101136e-06,0.0,19,0.0004894469602731988,0.0003774454671656713,8.379880796383077e-06,0.0,21.75
109,5451.0,0.0006290549645200372,0.0005437246290966868,6.192333330545807e-06,0.0,14,5451.0,0.0003634524473454803,0.0003169285482726991,8.944972250901628e-06,0.0,26,5451.0,0.0006012222147546709,0.00037059717578813434,1.0658335668267682e-05,0.0,28,5451.0,0.00036284487578086555,0.00026790477568283677,7.831949915271252e-06,0.0,19,0.0004891436256002635,0.00037478878221008927,8.406897791246593e-06,0.0,21.75
110,5501.0,0.0005928559694439173,0.0005399720394052565,6.2221597545430996e-06,0.0,14,5501.0,0.0003601762291509658,0.00031452422263100743,8.967441317508928e-06,0.0,26,5501.0,0.0005925316363573074,0.0003688084543682635,1.0679724255169276e-05,0.0,28,5501.0,0.00036294799065217376,0.0002652355469763279,7.86067084845854e-06,0.0,19,0.00047712795640109107,0.00037213506584521383,8.432499043919961e-06,0.0,21.75
111,5551.0,0.0005913323839195073,0.0005363042000681162,6.251275408430956e-06,0.0,14,5551.0,0.0003512652183417231,0.000311368698021397,8.991438335215207e-06,0.0,25,5551.0,0.0005864565027877688,0.00036690462729893625,1.0703371117415372e-05,0.0,28,5551.0,0.00035442947410047054,0.0002639129525050521,7.890162123658229e-06,0.0,19,0.00047087089478736743,0.0003696226194733754,8.459061746179941e-06,0.0,21.5
112,5601.0,0.0005711726262234151,0.0005320265190675855,6.28075895292568e-06,0.0,14,5601.0,0.00043821876170113683,0.00031154105090536177,9.012997907120734e-06,0.0,25,5601.0,0.0005896386574022472,0.00036475012893788517,1.0727822882472537e-05,0.0,28,5601.0,0.00035083593684248626,0.0002623233012855053,7.921288670331705e-06,0.0,19,0.00048746649554232135,0.0003676602500490844,8.485717103212664e-06,0.0,21.5
113,5651.0,0.0005591153749264777,0.0005282909260131419,6.3069883253774606e-06,0.0,14,5651.0,0.00034064421197399497,0.0003077565343119204,9.039969881996512e-06,0.0,25,5651.0,0.0005781776271760464,0.00036229332908988,1.0747982742032036e-05,0.0,28,5651.0,0.0003871502703987062,0.00025877560256049037,7.95059804659104e-06,0.0,19,0.0004662718711188063,0.00036427909799385816,8.511384748999262e-06,0.0,21.5
114,5701.0,0.0005489890463650227,0.0005243466002866626,6.3340407905343454e-06,0.0,14,5701.0,0.00033450679620727897,0.0003077162546105683,9.068315193871967e-06,0.0,24,5701.0,0.0005699025932699442,0.00036052343784831464,1.07658161141444e-05,0.0,28,5701.0,0.0003441560547798872,0.00025793028180487454,7.975241715030279e-06,0.0,19,0.00044938862265553325,0.000362629143637605,8.535853453395248e-06,0.0,21.25
115,5751.0,0.0005482557462528348,0.000519962515681982,6.362211024679709e-06,0.0,14,5751.0,0.00039789144648239017,0.0003029501822311431,9.102306648856029e-06,0.0,23,5751.0,0.0005637750728055835,0.0003585250524338335,1.0787155588332098e-05,0.0,28,5751.0,0.00034110492561012506,0.00025656065554358065,8.005956260603853e-06,0.0,19,0.0004627567977877334,0.0003594996014726348,8.564407380617922e-06,0.0,21.0
116,5801.0,0.0005321513162925839,0.0005163429887033999,6.390908765752101e-06,0.0,14,5801.0,0.0003241846861783415,0.0003020600706804544,9.135719665209763e-06,0.0,23,5801.0,0.0005579266580753028,0.00035647916956804693,1.0809167179104406e-05,0.0,28,5801.0,0.0003683878749143332,0.0002542541187722236,8.036739927774761e-06,0.0,19,0.0004456626338651404,0.0003572840869310312,8.593133884460258e-06,0.0,21.0
117,5851.0,0.0005250044050626457,0.0005122029688209295,6.419095370802097e-06,0.0,14,5851.0,0.00031872361432760954,0.0002998719864990562,9.167787538899574e-06,0.0,23,5851.0,0.0005836936761625111,0.0003541018522810191,1.0822053809533827e-05,0.0,27,5851.0,0.00033587191137485206,0.0002537636610213667,8.066603186307475e-06,0.0,19,0.0004408234017319046,0.0003549851171555929,8.618884976385743e-06,0.0,20.75
118,5901.0,0.0005146790645085275,0.0005083451396785676,6.4443347582709976e-06,0.0,14,5901.0,0.000315969082294032,0.00030217572930268943,9.199942724080756e-06,0.0,22,5901.0,0.0005470493342727423,0.00035179834230802953,1.0835477951331995e-05,0.0,27,5901.0,0.00035089559969492257,0.00025254327920265496,8.09747234598035e-06,0.0,19,0.0004321482701925561,0.0003537156226229854,8.644306944916025e-06,0.0,20.5
119,5951.0,0.0005071419873274863,0.000504391617141664,6.469794243457727e-06,0.0,14,5951.0,0.00030962855089455843,0.0002982726146001369,9.208672054228373e-06,0.0,22,5951.0,0.000541259185411036,0.00034971977584064007,1.0855814252863638e-05,0.0,27,5951.0,0.00033090519718825817,0.0002497167733963579,8.121980499709025e-06,0.0,19,0.0004222337302053347,0.0003505251952446997,8.66406526256469e-06,0.0,20.5
120,6001.0,0.0005988466436974704,0.0005013220943510532,6.495257366623264e-06,0.0,14,6001.0,0.00033071718644350767,0.00029653668752871454,9.236797268385999e-06,0.0,22,6001.0,0.0005357287009246647,0.0003476516285445541,1.0879072760872077e-05,0.0,27,6001.0,0.00032816868042573333,0.00024866044986993074,8.150435860443395e-06,0.0,19,0.00044836530287284404,0.00034854271507356316,8.690390814081184e-06,0.0,20.5
121,6051.0,0.000496440043207258,0.0004961167578585446,6.523549473058665e-06,0.0,14,6051.0,0.00035529222805052996,0.00029312417609617114,9.268809662899002e-06,0.0,22,6051.0,0.0005388174904510379,0.00034445966593921185,1.0901908353844192e-05,0.0,27,6051.0,0.0003259385994169861,0.00024736972409300506,8.179712494893465e-06,0.0,19,0.000429122090281453,0.00034526758099673316,8.718494996173831e-06,0.0,20.5
122,6101.0,0.0004921003128401935,0.0004926339024677873,6.548579221998807e-06,0.0,14,6101.0,0.00029543208074755967,0.0002915605145972222,9.301046702603344e-06,0.0,22,6101.0,0.0005265509244054556,0.00034295630757696927,1.0918806765403133e-05,0.0,27,6101.0,0.0004722530138678849,0.0002481817500665784,8.208519830077421e-06,0.0,19,0.0004465840829652734,0.0003438331186771393,8.744238130020676e-06,0.0,20.5
123,6151.0,0.0004879888438154012,0.0004881376517005265,6.572534402948804e-06,0.0,14,6151.0,0.0003256788768339902,0.00029048961005173624,9.334334208688233e-06,0.0,22,6151.0,0.0005208118236623704,0.0003409115015529096,1.0940498214040417e-05,0.0,27,6151.0,0.00032210140489041805,0.00024451527860946953,8.232974323618691e-06,0.0,19,0.000414145237300545,0.00034101351047866046,8.770085287324036e-06,0.0,20.5
124,6201.0,0.00048078325926326215,0.0004844989744015038,6.593440502911108e-06,0.0,14,6201.0,0.00028614577604457736,0.00028735751402564347,9.367498023493681e-06,0.0,22,6201.0,0.0005157276755198836,0.00033880045521073043,1.0963742170133628e-05,0.0,27,6201.0,0.0003193969023413956,0.0002435118076391518,8.26193172542844e-06,0.0,19,0.0004005134032922797,0.0003385421878192574,8.796653105491714e-06,0.0,20.5
125,6251.0,0.00047785110655240715,0.00048045380390249193,6.615445272473153e-06,0.0,14,6251.0,0.00028192895115353167,0.0002851214958354831,9.40189329412533e-06,0.0,22,6251.0,0.0005164933972992003,0.00033621693728491664,1.098511438613059e-05,0.0,27,6251.0,0.00031760329147800803,0.00024232591385953128,8.290148798550945e-06,0.0,19,0.0003984691866207868,0.00033602953772060573,8.823150437820004e-06,0.0,20.5
126,6301.0,0.0004773830296471715,0.0004758538561873138,6.638199465669459e-06,0.0,14,6301.0,0.00028050827677361667,0.00028299490804784,9.439048881176859e-06,0.0,22,6301.0,0.0005063428543508053,0.000334101845510304,1.1001258826581761e-05,0.0,27,6301.0,0.0003156130260322243,0.00024005817249417305,8.311555575346574e-06,0.0,19,0.00039496179670095444,0.0003332521955599077,8.847515687193663e-06,0.0,20.5
127,6351.0,0.00047717030975036323,0.00047151706530712545,6.656536243099254e-06,0.0,14,6351.0,0.0002724603982642293,0.00028072603163309395,9.474720172875095e-06,0.0,22,6351.0,0.0005013587069697678,0.000331925752107054,1.1021918908227235e-05,0.0,27,6351.0,0.00031326309544965625,0.0002393484319327399,8.335148777405266e-06,0.0,19,0.00039106312760850415,0.00033087932024500333,8.872081025401712e-06,0.0,20.5
128,6401.0,0.00047527826973237097,0.0004666196764446795,6.677480087091681e-06,0.0,14,6401.0,0.00029532675398513675,0.0002794003230519593,9.512089491181541e-06,0.0,22,6401.0,0.0005474184872582555,0.0003288861771579832,1.1043657650589012e-05,0.0,27,6401.0,0.0003114882856607437,0.00023848089040257037,8.361745130969211e-06,0.0,19,0.00040737794915912673,0.0003283467667642981,8.898743089957861e-06,0.0,20.5
129,6451.0,0.00047446583630517125,0.00046226938138715923,6.697941898892168e-06,0.0,14,6451.0,0.00026411129510961473,0.00027668889379128814,9.54798269958701e-06,0.0,22,6451.0,0.0004933984018862247,0.00032699029543437064,1.1058101335947867e-05,0.0,27,6451.0,0.00030979092116467655,0.00023752619745209813,8.388267815462314e-06,0.0,19,0.0003854416136164218,0.00032586869201622903,8.92307343747234e-06,0.0,20.5
130,6501.0,0.0004737456620205194,0.00045815238263458014,6.718957138218684e-06,0.0,14,6501.0,0.00025971687864512205,0.0002745770907495171,9.586151463736314e-06,0.0,22,6501.0,0.0004875671293120831,0.00032484502298757434,1.1077057024522219e-05,0.0,27,6501.0,0.0007187810260802507,0.0002389621367910877,8.41424389363965e-06,0.0,19,0.0004849526740144938,0.0003241341582906898,8.949102380029217e-06,0.0,20.5
131,6551.0,0.0004719769931398332,0.0004533170722424984,6.741509878338547e-06,0.0,14,6551.0,0.00026009808061644435,0.00027245370438322425,9.625322491046973e-06,0.0,22,6551.0,0.00048265259829349816,0.0003225255641154945,1.1098784852947574e-05,0.0,27,6551.0,0.00030794585472904146,0.00023439546930603683,8.429883564531337e-06,0.0,19,0.0003806683816947043,0.0003206729525118135,8.973875196716108e-06,0.0,20.5
132,6601.0,0.00047136700595729053,0.00044863333459943533,6.759046300430782e-06,0.0,14,6601.0,0.00025205736164934933,0.00027049434720538557,9.662647244113032e-06,0.0,22,6601.0,0.0005099292611703277,0.0003196924226358533,1.111971232603537e-05,0.0,27,6601.0,0.0003042886673938483,0.00023391732247546315,8.454119779344182e-06,0.0,19,0.00038441057404270396,0.00031818435672903433,8.998881412480841e-06,0.0,20.5
133,6651.0,0.00047076662303879857,0.000443988130427897,6.7775654315482825e-06,0.0,14,6651.0,0.00028394904802553356,0.00026938741211779416,9.702132956590503e-06,0.0,22,6651.0,0.000474081898573786,0.0003173246805090457,1.1133102816529572e-05,0.0,27,6651.0,0.00030281953513622284,0.00023317310842685401,8.479527423332911e-06,0.0,19,0.00038290427619358525,0.0003159683328703977,9.023082157000317e-06,0.0,20.5
134,6701.0,0.00047521633678115904,0.0004388668457977474,6.7962223511131015e-06,0.0,14,6701.0,0.00024500113795511425,0.0002663749910425395,9.742330803419463e-06,0.0,22,6701.0,0.00046878907596692443,0.0003148558607790619,1.1151789294672199e-05,0.0,27,6701.0,0.0004296497208997607,0.00023092031187843531,8.504358447680715e-06,0.0,19,0.0004046640679007396,0.000312754502374446,9.04867522422137e-06,0.0,20.5
135,6751.0,0.0004739646683447063,0.0004350152739789337,6.814004791522166e-06,0.0,14,6751.0,0.0003793114155996591,0.00026703489129431546,9.78377374849515e-06,0.0,22,6751.0,0.0005013353074900806,0.00031159265199676156,1.1172239283041563e-05,0.0,27,6751.0,0.00029992894269526005,0.00023183869780041277,8.527759746357333e-06,0.0,19,0.0004136350835324265,0.00031137037876760587,9.074444392354053e-06,0.0,20.5
136,6801.0,0.00047180612455122173,0.00043120584450662136,6.833656243543373e-06,0.0,14,6801.0,0.00023822905495762825,0.0002624306653160602,9.823960681387689e-06,0.0,22,6801.0,0.0004602312110364437,0.0003095588181167841,1.118439013225725e-05,0.0,27,6801.0,0.00029998706304468215,0.0002309820119990036,8.552732651878614e-06,0.0,19,0.00036756336339749396,0.0003085443349846173,9.098684927266731e-06,0.0,20.5
137,6851.0,0.0004733808455057442,0.0004270298813935369,6.853043942101067e-06,0.0,14,6851.0,0.0002340374339837581,0.0002605845220386982,9.863842024060432e-06,0.0,22,6851.0,0.0004553034668788314,0.0003072374383918941,1.1200824701518286e-05,0.0,27,6851.0,0.0003006558690685779,0.00022923111100681126,8.57019313116325e-06,0.0,19,0.0003658444038592279,0.0003060207382077351,9.121975949710759e-06,0.0,20.5
138,6901.0,0.0004693294467870146,0.000423331162892282,6.873340225865832e-06,0.0,14,6901.0,0.00023049184528645128,0.0002585880574770272,9.905388651532121e-06,0.0,22,6901.0,0.00045100937131792307,0.0003048317739740014,1.1219900443393271e-05,0.0,27,6901.0,0.00029497366631403565,0.0002287307142978534,8.591327059548348e-06,0.0,19,0.00036145108242635615,0.000303870427160291,9.147489095084893e-06,0.0,20.5
139,6951.0,0.0004634576616808772,0.0004197516245767474,6.887252766318852e-06,0.0,14,6951.0,0.00023077680089045316,0.00025676219956949353,9.947577382263262e-06,0.0,22,6951.0,0.0004473119624890387,0.00030227910610847175,1.1237566468480509e-05,0.0,27,6951.0,0.00029361771885305643,0.00022809735673945397,8.614440048404504e-06,0.0,19,0.0003587910359783564,0.00030172257174854167,9.171709166366782e-06,0.0,20.5
140,7001.0,0.00046076931175775826,0.00041613075882196426,6.903027042426402e-06,0.0,14,7001.0,0.00022472490672953427,0.0002551294455770403,9.98624091153033e-06,0.0,22,7001.0,0.00044475719914771616,0.00029973225900903344,1.1245722816966008e-05,0.0,27,7001.0,0.00029252393869683146,0.0002274025318911299,8.63724562805146e-06,0.0,19,0.00035569383908296004,0.000299598748824792,9.19305909974355e-06,0.0,20.5
141,7051.0,0.0004570134624373168,0.0004126042767893523,6.91876448399853e-06,0.0,14,7051.0,0.00022142166562844068,0.00025320446002297103,1.002747467282461e-05,0.0,22,7051.0,0.0004399510216899216,0.00029741053003817797,1.1261799954809248e-05,0.0,27,7051.0,0.000296430429443717,0.00022573287424165756,8.652900760353077e-06,0.0,19,0.000353704144799849,0.0002972380352730397,9.215234967996366e-06,0.0,20.5
142,7101.0,0.0004564851988106966,0.00040904810884967446,6.9360039560706355e-06,0.0,14,7101.0,0.00039001600816845894,0.0002546823234297335,1.0069051313621458e-05,0.0,22,7101.0,0.0004364855703897774,0.0002943889412563294,1.1277384146524128e-05,0.0,27,7101.0,0.00028903011116199195,0.00022528611589223146,8.671979230712168e-06,0.0,19,0.00039300422213273123,0.0002958513723569922,9.238604661732097e-06,0.0,20.5
143,7151.0,0.00045111560029909015,0.00040591054130345583,6.952006060600979e-06,0.0,14,7151.0,0.0002169555809814483,0.00024965323973447084,1.0107438356499188e-05,0.0,22,7151.0,0.000433994282502681,0.000292295531835407,1.1291586815787014e-05,0.0,27,7151.0,0.00028789768111892045,0.00022477557649835944,8.693896234035492e-06,0.0,19,0.000347490786225535,0.0002931587223429233,9.261231866730668e-06,0.0,20.5
144,7201.0,0.0004446509119588882,0.0004031831631436944,6.967562057980103e-06,0.0,14,7201.0,0.00021305202972143888,0.0002479038666933775,1.0146931344934274e-05,0.0,22,7201.0,0.0004310453368816525,0.0002899446408264339,1.1308808097965084e-05,0.0,27,7201.0,0.00028771994402632117,0.0002242165501229465,8.714107934792992e-06,0.0,19,0.0003441170556470752,0.0002913120551966131,9.284352358918113e-06,0.0,20.5
145,7251.0,0.0004422855854500085,0.00039981529698707163,6.983128059800947e-06,0.0,14,7251.0,0.00021010958880651742,0.00024608554667793214,1.0188049600401428e-05,0.0,22,7251.0,0.0004408395616337657,0.0002873584162443876,1.1322586033202242e-05,0.0,27,7251.0,0.0002856374776456505,0.0002241286711068824,8.73171757120872e-06,0.0,17,0.00034471805338398553,0.00028934698275406845,9.306370316153334e-06,0.0,20.0
146,7301.0,0.0004292952362447977,0.00039754435420036316,6.993505849095527e-06,0.0,14,7301.0,0.00022266831365413964,0.00024366783327423036,1.0230458428850397e-05,0.0,22,7301.0,0.00042635048157535493,0.0002849687880370766,1.1326433195790742e-05,0.0,27,7301.0,0.00030246013193391263,0.00022206222638487816,8.746926141611766e-06,0.0,17,0.00034519354085205123,0.00028706080047413707,9.324330903837108e-06,0.0,20.0
147,7351.0,0.00042270077392458916,0.00039484724402427673,7.005780844338005e-06,0.0,14,7351.0,0.00020551054331008345,0.00024290138389915228,1.0268773621646687e-05,0.0,22,7351.0,0.0004233871295582503,0.000282540509942919,1.1341507160977926e-05,0.0,27,7351.0,0.0002831829770002514,0.00021951865346636623,8.766510291025043e-06,0.0,16,0.0003336953559482936,0.00028495194783317856,9.345642979496915e-06,0.0,19.75
148,7401.0,0.0004208463942632079,0.0003919095324818045,7.018265932856593e-06,0.0,14,7401.0,0.00020275349379517138,0.00024109538935590535,1.030843941407511e-05,0.0,22,7401.0,0.0004305800248403102,0.0002793499734252691,1.1358552001183853e-05,0.0,27,7401.0,0.00028210479649715126,0.00022016694128978997,8.779707059147768e-06,0.0,16,0.0003340711773489602,0.00028313045913819224,9.366241101815831e-06,0.0,19.75
149,7451.0,0.00040877971332520247,0.00038971734466031194,7.033420843072236e-06,0.0,14,7451.0,0.00020016473717987537,0.00023935332137625664,1.0348770047130529e-05,0.0,22,7451.0,0.0004189827886875719,0.0002777351182885468,1.136979062721366e-05,0.0,27,7451.0,0.0003092387050855905,0.00021925527835264802,8.799888746580109e-06,0.0,16,0.00033429148606956005,0.00028151526566944085,9.387967565999134e-06,0.0,19.75
