,epoch,decoder_0,sindy_x_0,reg_0,sindy_z_0,active_coeffs_0,coeff_0,decoder_1,sindy_x_1,reg_1,sindy_z_1,active_coeffs_1,coeff_1,decoder_2,sindy_x_2,reg_2,sindy_z_2,active_coeffs_2,coeff_2,decoder_3,sindy_x_3,reg_3,sindy_z_3,active_coeffs_3,coeff_3,decoder_4,sindy_x_4,reg_4,sindy_z_4,active_coeffs_4,coeff_4
0,0.0,0.38051480054855347,0.0010709258494898677,2.653915544215124e-06,0.0,60,53.0,0.36895671486854553,0.0020142043940722942,2.4638363811391173e-06,0.0,60,53.0,0.4250229001045227,0.0014267441583797336,2.5397735043952707e-06,0.0,60,53.0,0.3767036497592926,0.001114964485168457,2.569141315689194e-06,0.0,60,53.0,0.35017967224121094,0.0012236228212714195,2.541377170928172e-06,0.0,60,53.0
1,50.0,0.08205650001764297,0.0010709954658523202,1.8280678659721161e-06,0.0,36,29.0,0.07459627836942673,0.0020207897759974003,1.6734203427404282e-06,0.0,39,34.0,0.0887981578707695,0.0014271056279540062,1.7192476207128493e-06,0.0,39,38.0,0.08977774530649185,0.0011147091863676906,1.7082625163311604e-06,0.0,39,32.0,0.06166241317987442,0.0012271178420633078,1.870426899586164e-06,0.0,39,34.0
2,100.0,0.03586480766534805,0.0010702720610424876,1.312233166572696e-06,0.0,30,25.0,0.04365602508187294,0.0020126390736550093,1.3678627510671504e-06,0.0,33,28.0,0.04285554215312004,0.0014272986445575953,1.1401803021726664e-06,0.0,29,30.0,0.042228519916534424,0.0011146306060254574,1.1891694384758011e-06,0.0,27,24.0,0.03359594941139221,0.0012234849855303764,1.5122512877496774e-06,0.0,34,29.0
3,150.0,0.031058764085173607,0.0010698073310777545,1.1290703696431592e-06,0.0,25,20.0,0.03887109085917473,0.0019978212658315897,1.3370604392548557e-06,0.0,25,26.0,0.03599322959780693,0.0014237307477742434,7.643059234396787e-07,0.0,17,20.0,0.03684193640947342,0.0011138119734823704,1.035755303746555e-06,0.0,24,23.0,0.029696349054574966,0.0012112946715205908,1.312095150751702e-06,0.0,28,23.0
4,200.0,0.029136912897229195,0.001063430099748075,1.0507785646041157e-06,0.0,17,16.0,0.025013664737343788,0.0019319715211167932,1.4257266229833476e-06,0.0,21,22.0,0.03432149440050125,0.0014165480388328433,7.008198394942156e-07,0.0,13,16.0,0.034824617207050323,0.0011042895494028926,1.0844977396118338e-06,0.0,22,21.0,0.017392998561263084,0.0011532386997714639,1.3312061355463811e-06,0.0,16,15.0
5,250.0,0.01931450329720974,0.0010193237103521824,1.0317314718122361e-06,0.0,12,17.0,0.018337836489081383,0.0018406470771878958,1.5463558611372719e-06,0.0,19,20.0,0.026013914495706558,0.001398072810843587,7.760510243315366e-07,0.0,9,12.0,0.024634890258312225,0.0010346914641559124,1.240181632056192e-06,0.0,17,16.0,0.011304078623652458,0.001122229383327067,1.5565843796139234e-06,0.0,15,14.0
6,300.0,0.011766278184950352,0.0009978330926969647,1.2319638926783227e-06,0.0,12,17.0,0.015509539283812046,0.0017634080722928047,1.6582467878833995e-06,0.0,17,18.0,0.014949631877243519,0.0013665830483660102,6.29232829396642e-07,0.0,8,13.0,0.01478202361613512,0.0009893164969980717,1.3789278909825953e-06,0.0,14,15.0,0.009562813676893711,0.0011067792074754834,1.7135187135863816e-06,0.0,14,13.0
7,350.0,0.009159894660115242,0.0009878743439912796,1.3880985534342472e-06,0.0,11,16.0,0.013951337896287441,0.0016963393427431583,1.7186225704790559e-06,0.0,13,14.0,0.012104680761694908,0.0013369465013965964,6.679211992377532e-07,0.0,6,11.0,0.011616124771535397,0.0009661919320933521,1.4741565337317297e-06,0.0,12,13.0,0.008714917115867138,0.0010894201695919037,1.7797236750993761e-06,0.0,11,10.0
8,400.0,0.00816185399889946,0.0009818447288125753,1.5264739658960025e-06,0.0,10,15.0,0.012904174625873566,0.0016292411601170897,1.819705516936665e-06,0.0,12,15.0,0.010650577954947948,0.0013093954185023904,7.533095640610554e-07,0.0,6,11.0,0.010168488137423992,0.000949390756431967,1.580863226990914e-06,0.0,12,13.0,0.008150127716362476,0.0010711208451539278,1.8401965462544467e-06,0.0,11,10.0
9,450.0,0.00756516307592392,0.000974480586592108,1.653329718465102e-06,0.0,10,15.0,0.012136612087488174,0.0015648771077394485,1.9296055597806117e-06,0.0,12,15.0,0.009208082221448421,0.001269812579266727,8.330855507665547e-07,0.0,6,11.0,0.009241128340363503,0.0009369718027301133,1.6832437950142776e-06,0.0,11,12.0,0.0077214231714606285,0.0010496332542970777,1.879683281913458e-06,0.0,11,10.0
10,500.0,0.007075521629303694,0.0009641278302296996,1.7673496586212423e-06,0.0,10,15.0,0.011541328392922878,0.0015001740539446473,2.0198476704536006e-06,0.0,12,15.0,0.0071368589997291565,0.0012251611333340406,8.662346431265178e-07,0.0,6,11.0,0.008532263338565826,0.000926956650801003,1.7853224107966525e-06,0.0,11,12.0,0.0073721022345125675,0.0010228590108454227,1.9015001271327492e-06,0.0,11,10.0
11,550.0,0.0066821700893342495,0.0009494252735748887,1.8784494386636652e-06,0.0,10,15.0,0.011047258973121643,0.0014369339914992452,2.0992661120544653e-06,0.0,12,15.0,0.0057465685531497,0.001204277970828116,8.659122840981581e-07,0.0,6,11.0,0.007981181144714355,0.0009183640358969569,1.8814745317285997e-06,0.0,11,12.0,0.007074514403939247,0.000994700356386602,1.9138653897243785e-06,0.0,9,12.0
12,600.0,0.006383187603205442,0.00092888850485906,1.99104806597461e-06,0.0,10,15.0,0.010629532858729362,0.0013813178520649672,2.1755627130914945e-06,0.0,12,15.0,0.004916342906653881,0.0011948022292926908,8.761061280893045e-07,0.0,5,10.0,0.007533264812082052,0.0009103446500375867,1.975399300135905e-06,0.0,11,12.0,0.006821031216531992,0.0009747524745762348,1.9614838038251037e-06,0.0,9,12.0
13,650.0,0.006104470696300268,0.0009027642081491649,2.1069811282359296e-06,0.0,10,15.0,0.010264833457767963,0.00133906293194741,2.2411365989682963e-06,0.0,12,15.0,0.004275478422641754,0.0011899920646101236,9.077475056074036e-07,0.0,4,9.0,0.007154090795665979,0.0009023278253152966,2.0677664451795863e-06,0.0,11,12.0,0.006603054702281952,0.0009576155571267009,2.006257773246034e-06,0.0,9,12.0
14,700.0,0.005894949659705162,0.0008745907689444721,2.2238925794226816e-06,0.0,10,15.0,0.009938830509781837,0.0013085942482575774,2.288767518621171e-06,0.0,12,15.0,0.0037571063730865717,0.0011880251113325357,9.455141025682678e-07,0.0,4,9.0,0.00682768365368247,0.0008945580921135843,2.1567061594396364e-06,0.0,11,12.0,0.006410165224224329,0.0009410408674739301,2.0529632820398547e-06,0.0,8,11.0
15,750.0,0.00575106730684638,0.0008532642386853695,2.3344732653640676e-06,0.0,10,15.0,0.009641059674322605,0.0012851760257035494,2.318164888492902e-06,0.0,12,15.0,0.003350253915414214,0.0011831448646262288,9.80093773250701e-07,0.0,4,9.0,0.0065248943865299225,0.0008853572653606534,2.237273520222516e-06,0.0,11,12.0,0.006237731780856848,0.0009246343397535384,2.1014770936744753e-06,0.0,8,11.0
16,800.0,0.005591571796685457,0.0008363986853510141,2.433305553495302e-06,0.0,10,15.0,0.00937206856906414,0.0012652261648327112,2.3324946596403606e-06,0.0,12,15.0,0.003007154678925872,0.001174388686195016,1.013013729789236e-06,0.0,4,9.0,0.006163864862173796,0.0008727876702323556,2.3096943095879396e-06,0.0,11,12.0,0.006078648380935192,0.0009073325782082975,2.148022986148135e-06,0.0,8,11.0
17,850.0,0.00545509485527873,0.0008188741630874574,2.525374611650477e-06,0.0,10,15.0,0.009125807322561741,0.0012471684021875262,2.333541260668426e-06,0.0,12,15.0,0.002734363777562976,0.0011629466898739338,1.044959844875848e-06,0.0,4,9.0,0.0054111173376441,0.0008631208911538124,2.3721297566225985e-06,0.0,11,12.0,0.005936179775744677,0.0008897322695702314,2.190887926190044e-06,0.0,8,11.0
18,900.0,0.005337418057024479,0.000800051202531904,2.6226236968796e-06,0.0,10,15.0,0.008892986923456192,0.0012299495283514261,2.3213556232803967e-06,0.0,12,15.0,0.0025477269664406776,0.0011489192256703973,1.0757357813417912e-06,0.0,4,9.0,0.0036156377755105495,0.000889369344804436,2.4135742933140136e-06,0.0,11,12.0,0.0057980772107839584,0.0008712523267604411,2.2300816908682464e-06,0.0,8,11.0
19,950.0,0.005212740041315556,0.0007776612183079123,2.730333108047489e-06,0.0,10,15.0,0.008665493689477444,0.0012133230920881033,2.2966792130318936e-06,0.0,12,15.0,0.0023241869639605284,0.0011300946353003383,1.1052134141209535e-06,0.0,4,9.0,0.002579270163550973,0.000884109758771956,2.4507737634849036e-06,0.0,11,12.0,0.005674424581229687,0.0008517274400219321,2.266380079163355e-06,0.0,8,11.0
20,1000.0,0.005061766132712364,0.0007497066981159151,2.8522972570499405e-06,0.0,10,15.0,0.008456594310700893,0.0011961852433159947,2.2595654627366457e-06,0.0,12,15.0,0.002150449203327298,0.001106344279833138,1.1321620831949986e-06,0.0,4,9.0,0.0020004468970000744,0.0008632663520984352,2.4982073227874935e-06,0.0,10,11.0,0.005543317645788193,0.0008311696001328528,2.297294031450292e-06,0.0,8,11.0
21,1050.0,0.004635559394955635,0.00071284658042714,2.983645117637934e-06,0.0,10,15.0,0.008233240805566311,0.0011776955798268318,2.2103788523963885e-06,0.0,12,15.0,0.002019105479121208,0.0010790179949253798,1.1558674941625213e-06,0.0,4,9.0,0.001625599223189056,0.0008405343978665769,2.550855697336374e-06,0.0,9,10.0,0.005410586949437857,0.0008093973738141358,2.3216537101689028e-06,0.0,8,11.0
22,1100.0,0.003490822622552514,0.0006805818411521614,3.08618973576813e-06,0.0,10,15.0,0.008003713563084602,0.001156030921265483,2.1509547423193e-06,0.0,12,15.0,0.001890653744339943,0.0010513991583138704,1.1742799870262388e-06,0.0,4,9.0,0.00138007418718189,0.0008247904479503632,2.6170985165663296e-06,0.0,9,10.0,0.005270096473395824,0.000786517804954201,2.339755610591965e-06,0.0,8,11.0
23,1150.0,0.0025373094249516726,0.0006689113797619939,3.1251802283804864e-06,0.0,10,15.0,0.007767184171825647,0.0011305283987894654,2.0832330847042613e-06,0.0,12,15.0,0.0017772250575944781,0.0010242637945339084,1.1873260064021451e-06,0.0,4,9.0,0.0012127008521929383,0.0008101719431579113,2.6871250611293362e-06,0.0,9,10.0,0.005111143458634615,0.0007631478947587311,2.3532338673248887e-06,0.0,8,11.0
24,1200.0,0.002071851398795843,0.0006501416210085154,3.142740297334967e-06,0.0,10,15.0,0.00753961643204093,0.0011013085022568703,2.0121035504416795e-06,0.0,12,15.0,0.0016813136171549559,0.0009967285441234708,1.1975901088590035e-06,0.0,4,9.0,0.0011000069789588451,0.0007959111826494336,2.766434818113339e-06,0.0,9,10.0,0.004896192811429501,0.0007427721284329891,2.3674410840612836e-06,0.0,8,11.0
25,1250.0,0.0017986714374274015,0.0006399087142199278,3.1529395982943242e-06,0.0,9,14.0,0.007311542984098196,0.0010703876614570618,1.950626483449014e-06,0.0,11,14.0,0.00160287378821522,0.0009689407306723297,1.2058401352987858e-06,0.0,4,9.0,0.0010013801511377096,0.0007801037281751633,2.8552356070576934e-06,0.0,9,10.0,0.004421157296746969,0.0007222732529044151,2.402781774435425e-06,0.0,8,11.0
26,1300.0,0.0015525914495810866,0.0006346746813505888,3.178232418576954e-06,0.0,9,14.0,0.007099180482327938,0.001039074151776731,1.917539748319541e-06,0.0,11,14.0,0.0015279962681233883,0.0009416049579158425,1.2145518439865555e-06,0.0,4,9.0,0.00092332559870556,0.0007648973842151463,2.9506909413612448e-06,0.0,9,10.0,0.0032622618600726128,0.0007257680408656597,2.4860069061105605e-06,0.0,8,11.0
27,1350.0,0.0013625185238197446,0.0006347965681925416,3.1970434974937234e-06,0.0,9,14.0,0.006874915678054094,0.0010167387081310153,1.8998575797013473e-06,0.0,11,14.0,0.0014703308697789907,0.00091488694306463,1.2249182645973633e-06,0.0,4,9.0,0.0008622199529781938,0.0007489915005862713,3.0509609132423066e-06,0.0,9,10.0,0.002466122852638364,0.0007399273454211652,2.557942252678913e-06,0.0,8,11.0
28,1400.0,0.001234512310475111,0.0006379854748956859,3.2078492040454876e-06,0.0,9,14.0,0.0066593848168849945,0.0009898822754621506,1.9067362018176937e-06,0.0,10,13.0,0.0014113537035882473,0.0008883803384378552,1.2362306733848527e-06,0.0,4,9.0,0.0008150673820637167,0.0007343680481426418,3.1552146992908092e-06,0.0,9,10.0,0.0020025260746479034,0.0007388210506178439,2.6182028705079574e-06,0.0,8,11.0
29,1450.0,0.0011047101579606533,0.0006400007987394929,3.2129771625477588e-06,0.0,9,14.0,0.0062911780551075935,0.0009660038631409407,1.9452122614893597e-06,0.0,10,13.0,0.0013620042009279132,0.0008587135234847665,1.2468049135350157e-06,0.0,4,9.0,0.0007718777633272111,0.0007226936868391931,3.262200834797113e-06,0.0,9,10.0,0.00167830940335989,0.0007313868263736367,2.6733996492112055e-06,0.0,8,11.0
30,1500.0,0.0010213404893875122,0.0006406706525012851,3.2137290872924495e-06,0.0,9,14.0,0.0055788191966712475,0.0009664503741078079,2.014406618400244e-06,0.0,10,13.0,0.0013167208526283503,0.0008355313912034035,1.2566766827148967e-06,0.0,4,9.0,0.0007408028468489647,0.0007130453595891595,3.3699627692840295e-06,0.0,9,10.0,0.0014350253622978926,0.0007122003007680178,2.7245707769907312e-06,0.0,8,11.0
31,1550.0,0.0009410962811671197,0.0006386651075445116,3.2136588288267376e-06,0.0,9,14.0,0.004403095692396164,0.0009924982441589236,2.1197561181907076e-06,0.0,10,13.0,0.0012740505626425147,0.000813674065284431,1.2671084732573945e-06,0.0,4,9.0,0.0007115429034456611,0.0007053640438243747,3.4781066915456904e-06,0.0,9,10.0,0.0012580568436533213,0.000685204635374248,2.7697931272996357e-06,0.0,8,11.0
32,1600.0,0.000889510614797473,0.0006352601340040565,3.2149437174666673e-06,0.0,9,14.0,0.003469871822744608,0.0009895754046738148,2.2287556475930614e-06,0.0,10,13.0,0.0012354878708720207,0.00079292559530586,1.2779244116245536e-06,0.0,4,9.0,0.0006778999813832343,0.000697920098900795,3.5850005133397644e-06,0.0,9,10.0,0.0011014888295903802,0.0006426477339118719,2.804918722176808e-06,0.0,8,11.0
33,1650.0,0.000830159755423665,0.0006308679585345089,3.218841811758466e-06,0.0,9,14.0,0.002888368209823966,0.000981871853582561,2.3015786609903444e-06,0.0,10,13.0,0.0012008973862975836,0.0007726020412519574,1.2901384707220132e-06,0.0,4,9.0,0.0006553521961905062,0.000690056593157351,3.6887493024551077e-06,0.0,9,10.0,0.000987450242973864,0.0006121256737969816,2.8265260425541783e-06,0.0,8,11.0
34,1700.0,0.0007835812866687775,0.000625698477961123,3.2258155897579854e-06,0.0,9,14.0,0.0024680837523192167,0.0009840037673711777,2.3475538455386413e-06,0.0,9,14.0,0.0011687279911711812,0.0007535329204984009,1.302942905567761e-06,0.0,4,9.0,0.0006388017209246755,0.0006816394161432981,3.7895824789302424e-06,0.0,9,10.0,0.000897254329174757,0.0005847341963090003,2.844403070412227e-06,0.0,8,11.0
35,1750.0,0.000750947801861912,0.0006203706725500524,3.235242047594511e-06,0.0,9,14.0,0.002193855820223689,0.000962231308221817,2.3804811917216284e-06,0.0,9,14.0,0.0011406640987843275,0.0007360817980952561,1.316265979767195e-06,0.0,4,9.0,0.0006226925761438906,0.0006724801496602595,3.8866669456183445e-06,0.0,9,10.0,0.0008270494290627539,0.0005618587601929903,2.8567299068527063e-06,0.0,8,11.0
36,1800.0,0.0007189934840425849,0.0006144141079857945,3.2460332022310467e-06,0.0,9,14.0,0.002006473485380411,0.0009407157776877284,2.4026655864872737e-06,0.0,9,14.0,0.0011102448916062713,0.0007202819106169045,1.3297019449964864e-06,0.0,4,9.0,0.0006060826126486063,0.0006623819353990257,3.97971598431468e-06,0.0,9,10.0,0.0007656902889721096,0.0005433230544440448,2.8623010166484164e-06,0.0,8,11.0
37,1850.0,0.0006953859701752663,0.0006092977710068226,3.2583207030256744e-06,0.0,9,14.0,0.001844758982770145,0.0009102493058890104,2.4159294298442546e-06,0.0,9,14.0,0.001082855393178761,0.0007061813375912607,1.3427738849713933e-06,0.0,4,9.0,0.0005695847794413567,0.0006512415711767972,4.068525413458701e-06,0.0,9,10.0,0.0007178622181527317,0.0005278271273709834,2.860630957002286e-06,0.0,8,11.0
38,1900.0,0.0006710879388265312,0.0006043955218046904,3.2703642318665516e-06,0.0,9,14.0,0.0017067090375348926,0.0008871985482983291,2.425508228043327e-06,0.0,9,14.0,0.0010614685015752912,0.0006935767596587539,1.355877316200349e-06,0.0,4,9.0,0.0005463294801302254,0.0006388016627170146,4.152165729465196e-06,0.0,9,10.0,0.0006727233994752169,0.000515695777721703,2.8522515549411764e-06,0.0,8,11.0
39,1950.0,0.0006468196515925229,0.000599148974288255,3.2829743759066332e-06,0.0,9,14.0,0.0015969937667250633,0.0008686215151101351,2.4356281755899545e-06,0.0,9,14.0,0.0010282957227900624,0.000682263751514256,1.36892310820258e-06,0.0,4,9.0,0.0005302143981680274,0.0006246942793950438,4.228944362694165e-06,0.0,9,10.0,0.000638673547655344,0.0005064678844064474,2.8390697934810305e-06,0.0,8,11.0
40,2000.0,0.0006257311906665564,0.0005944912554696202,3.2942166399152484e-06,0.0,9,14.0,0.0015076340641826391,0.0008496816153638065,2.4459618543914985e-06,0.0,9,14.0,0.000999517971649766,0.0006717843352816999,1.3818749948768527e-06,0.0,4,9.0,0.0005241205799393356,0.0006086348439566791,4.2992787712137215e-06,0.0,9,10.0,0.000605622713919729,0.0004979997174814343,2.8223487333889352e-06,0.0,8,11.0
41,2050.0,0.000607395835686475,0.0005902788834646344,3.3039143545465777e-06,0.0,9,14.0,0.0014283646596595645,0.0008308434044010937,2.458039944031043e-06,0.0,9,14.0,0.0009755484061315656,0.0006609831470996141,1.3944230659035384e-06,0.0,4,9.0,0.00048761771176941693,0.000590694893617183,4.361559149401728e-06,0.0,8,9.0,0.0005844990373589098,0.0004959937650710344,2.8039441986038582e-06,0.0,7,10.0
42,2100.0,0.0005803130916319788,0.00058590347180143,3.3133153465314535e-06,0.0,9,14.0,0.0013561834348365664,0.0008136210381053388,2.4726623450987972e-06,0.0,9,14.0,0.0009530414245091379,0.0006505130440928042,1.4068419886825723e-06,0.0,4,9.0,0.0004861978522967547,0.0005722196074202657,4.419956439960515e-06,0.0,8,9.0,0.0005761413485743105,0.00048508390318602324,2.788736992442864e-06,0.0,7,10.0
43,2150.0,0.0005559040000662208,0.000581601110752672,3.3209639695996884e-06,0.0,9,14.0,0.0012984971981495619,0.0007987893186509609,2.4887287963792915e-06,0.0,9,14.0,0.0009160038898698986,0.0006408992339856923,1.4185718555381754e-06,0.0,4,9.0,0.000448814855189994,0.0005523737636394799,4.472964519663947e-06,0.0,8,9.0,0.0005249332170933485,0.000479984562844038,2.7765008780988865e-06,0.0,7,10.0
44,2200.0,0.0005467220908030868,0.0005780416540801525,3.3278940918535227e-06,0.0,8,13.0,0.0012421204010024667,0.0007866090163588524,2.505992824808345e-06,0.0,9,14.0,0.000925041560549289,0.0006313968915492296,1.4295773098638165e-06,0.0,4,9.0,0.0004482107178773731,0.0005326695973053575,4.519522462942405e-06,0.0,8,9.0,0.0005054028588347137,0.00047469811397604644,2.765890030786977e-06,0.0,7,10.0
45,2250.0,0.0005179056897759438,0.0005742046632803977,3.3391208944522077e-06,0.0,8,13.0,0.00117571372538805,0.0007754426915198565,2.5228016511391615e-06,0.0,9,14.0,0.0008580751018598676,0.0006222515949048102,1.4404826060854248e-06,0.0,4,9.0,0.0004067172412760556,0.0005113695515319705,4.560023626254406e-06,0.0,8,9.0,0.0005119533161632717,0.0004702799196820706,2.758767550403718e-06,0.0,7,10.0
46,2300.0,0.0004999612574465573,0.0005715798470191658,3.356174374857801e-06,0.0,8,13.0,0.0011222270550206304,0.0007642616983503103,2.5391670988028636e-06,0.0,9,14.0,0.0008300313493236899,0.0006133030983619392,1.4507646710626432e-06,0.0,4,9.0,0.0003862766025122255,0.000490209786221385,4.596359303832287e-06,0.0,8,9.0,0.0004599245439749211,0.00046623271191492677,2.7533810680324677e-06,0.0,7,10.0
47,2350.0,0.0004890432464890182,0.0005687391385436058,3.3747865018085577e-06,0.0,8,13.0,0.0010766159975901246,0.0007525483379140496,2.5546039523760555e-06,0.0,9,14.0,0.0007998712826520205,0.0006037821876816452,1.4609704521717504e-06,0.0,4,9.0,0.00038600838161073625,0.00046973826829344034,4.630417151929578e-06,0.0,8,9.0,0.00044209821498952806,0.0004624125431291759,2.7512146516528446e-06,0.0,7,10.0
48,2400.0,0.00046910918899811804,0.0005664369673468173,3.393238330318127e-06,0.0,8,13.0,0.0010291053913533688,0.0007396385190077126,2.5687536435725633e-06,0.0,9,14.0,0.0007726694457232952,0.0005943812429904938,1.4713519931319752e-06,0.0,4,9.0,0.0003471251402515918,0.00044809855171479285,4.664294465328567e-06,0.0,8,9.0,0.00042967614717781544,0.00045917590614408255,2.750474095591926e-06,0.0,7,10.0
49,2450.0,0.00044277095003053546,0.0005641330499202013,3.4117310860892758e-06,0.0,8,13.0,0.0009850587230175734,0.0007265627500601113,2.581856278993655e-06,0.0,9,14.0,0.0007674005464650691,0.0005852992762811482,1.4819117950537475e-06,0.0,4,9.0,0.0003268179716542363,0.0004263698065187782,4.700223598774755e-06,0.0,8,9.0,0.00041480548679828644,0.00045563385356217623,2.753299668256659e-06,0.0,7,10.0
50,2500.0,0.00042661314364522696,0.0005623039905913174,3.428832769714063e-06,0.0,8,13.0,0.0009408331825397909,0.000714949332177639,2.594235866126837e-06,0.0,9,14.0,0.000720784708391875,0.0005778647609986365,1.492607907493948e-06,0.0,4,9.0,0.0003169321862515062,0.0004060000937897712,4.737810286314925e-06,0.0,8,9.0,0.00038500185473822057,0.0004524189862422645,2.7584292183746584e-06,0.0,7,10.0
51,2550.0,0.0004131137684453279,0.0005595597322098911,3.4443646654835902e-06,0.0,8,13.0,0.0009147566743195057,0.0007058595074340701,2.6064440135087352e-06,0.0,9,14.0,0.0006710457964800298,0.0005708976532332599,1.5036570175652741e-06,0.0,4,9.0,0.0003081177710555494,0.0003871917724609375,4.777253707288764e-06,0.0,8,9.0,0.00036591835669241846,0.0004496416950132698,2.7657711143547203e-06,0.0,7,10.0
52,2600.0,0.00039822052349336445,0.0005578710115514696,3.457739239820512e-06,0.0,8,13.0,0.0008699722238816321,0.0006968977977521718,2.6187394723820034e-06,0.0,9,14.0,0.0006381943821907043,0.000564397603739053,1.515135863883188e-06,0.0,4,9.0,0.00027010534540750086,0.00037001576856710017,4.819217792828567e-06,0.0,7,8.0,0.00034897663863375783,0.0004466211539693177,2.7769774533226155e-06,0.0,7,10.0
53,2650.0,0.00037442316533997655,0.000556141312699765,3.470047886366956e-06,0.0,8,13.0,0.0008323634974658489,0.0006887525669299066,2.6297959720977815e-06,0.0,9,14.0,0.0006037887651473284,0.000558139814529568,1.5262365877788397e-06,0.0,4,9.0,0.0002712734858505428,0.00035293042310513556,4.873778834735276e-06,0.0,7,8.0,0.0003305651480332017,0.00044371013063937426,2.790158987409086e-06,0.0,7,10.0
54,2700.0,0.0004383302584756166,0.0005536560202017426,3.479102133496781e-06,0.0,8,13.0,0.0008130691130645573,0.0006814899970777333,2.6411776161694434e-06,0.0,9,14.0,0.0005691009573638439,0.0005522575811482966,1.5374985196103808e-06,0.0,4,9.0,0.00024476958788000047,0.00033830793108791113,4.925823304802179e-06,0.0,7,8.0,0.00031394310644827783,0.0004410479450598359,2.805999201882514e-06,0.0,7,10.0
55,2750.0,0.00036721062497235835,0.00055174675071612,3.4866111491282936e-06,0.0,8,13.0,0.0007694480009377003,0.0006745136925019324,2.652782768564066e-06,0.0,8,13.0,0.000534319260623306,0.0005473564378917217,1.5481012951568118e-06,0.0,4,9.0,0.00023844963288865983,0.0003271905006840825,4.975194315193221e-06,0.0,7,8.0,0.0002936515084002167,0.0004382293554954231,2.8249378374312073e-06,0.0,7,10.0
56,2800.0,0.0003288837324362248,0.0005503246793523431,3.4918000437755836e-06,0.0,8,13.0,0.0007368455990217626,0.0006691816379316151,2.671574065971072e-06,0.0,8,13.0,0.0005115808453410864,0.0005421501700766385,1.5582374999212334e-06,0.0,4,9.0,0.00022675711079500616,0.00031724185100756586,5.0227354222442955e-06,0.0,7,8.0,0.00027752164169214666,0.0004354143457021564,2.846959432645235e-06,0.0,7,10.0
57,2850.0,0.00034788003540597856,0.0005484263529069722,3.4944330309372162e-06,0.0,8,13.0,0.0007041580975055695,0.000663071870803833,2.68330268227146e-06,0.0,8,13.0,0.0004798775480594486,0.0005373160820454359,1.5683186802561977e-06,0.0,4,9.0,0.00020126132585573941,0.00031060725450515747,5.068372502137208e-06,0.0,7,8.0,0.000257485662586987,0.0004328360955696553,2.8709946491289884e-06,0.0,7,10.0
58,2900.0,0.0002976160903926939,0.0005464728455990553,3.4947379390359856e-06,0.0,8,13.0,0.0006794215878471732,0.0006574400467798114,2.6934308152704034e-06,0.0,8,13.0,0.00045517581747844815,0.0005334587185643613,1.5780624380568042e-06,0.0,4,9.0,0.00018961691239383072,0.0003046869533136487,5.112522103445372e-06,0.0,7,8.0,0.00025860313326120377,0.0004304929752834141,2.8982356070628157e-06,0.0,7,10.0
59,2950.0,0.00028495394508354366,0.0005446367431432009,3.4930731089843903e-06,0.0,8,13.0,0.0006449714419431984,0.0006514409906230867,2.70440955318918e-06,0.0,8,13.0,0.00047223365982063115,0.0005285167135298252,1.5872607264100225e-06,0.0,4,9.0,0.0001865150115918368,0.0002995111863128841,5.15520196131547e-06,0.0,7,8.0,0.00022684215218760073,0.00042791670421138406,2.9275358883751323e-06,0.0,7,10.0
60,3000.0,0.0002775732718873769,0.000542510999366641,3.48953585671552e-06,0.0,8,13.0,0.0006165048689581454,0.0006457712152041495,2.715222535698558e-06,0.0,8,13.0,0.0004041202482767403,0.0005253791459836066,1.5958084986777976e-06,0.0,4,9.0,0.00017999575356952846,0.00029557867674157023,5.19544119015336e-06,0.0,7,8.0,0.00020848297572229058,0.00042533467058092356,2.9588877623609733e-06,0.0,7,10.0
61,3050.0,0.0002637483994476497,0.0005402000388130546,3.4850752399506746e-06,0.0,8,13.0,0.000592708820477128,0.0006398232071660459,2.7257224246568512e-06,0.0,8,13.0,0.0003955499269068241,0.0005217324360273778,1.60404704274697e-06,0.0,4,9.0,0.00016356703417841345,0.00029238336719572544,5.235072421783116e-06,0.0,7,8.0,0.00019038678146898746,0.00042300799395889044,2.9925872695457656e-06,0.0,7,10.0
62,3100.0,0.0002551969373598695,0.000538595428224653,3.478639882814605e-06,0.0,8,13.0,0.000611568393651396,0.0006345876608975232,2.7357684757589595e-06,0.0,8,13.0,0.0003649301070254296,0.0005177213461138308,1.6113611991386279e-06,0.0,4,9.0,0.00019412333494983613,0.00028890164685435593,5.27277416040306e-06,0.0,7,8.0,0.00017456123896408826,0.00042086586472578347,3.0270884963101707e-06,0.0,7,10.0
63,3150.0,0.0002419428783468902,0.0005359679344110191,3.470793899396085e-06,0.0,8,13.0,0.0005328642437234521,0.0006296096835285425,2.747005737546715e-06,0.0,8,13.0,0.0003867739287670702,0.0005137434927746654,1.6176500139408745e-06,0.0,4,9.0,0.00014884302800055593,0.0002861763641703874,5.309682819643058e-06,0.0,7,8.0,0.00016721706197131425,0.00041870897985063493,3.063235908484785e-06,0.0,7,10.0
64,3200.0,0.00023029207659419626,0.0005335056339390576,3.460999323579017e-06,0.0,8,13.0,0.0005086536984890699,0.0006242402596399188,2.757826678134734e-06,0.0,8,13.0,0.00033935747342184186,0.000510942714754492,1.6222993508563377e-06,0.0,4,9.0,0.00013950046559330076,0.0002839570806827396,5.346194939193083e-06,0.0,7,8.0,0.0001461746433051303,0.0004166096623521298,3.101115680692601e-06,0.0,7,10.0
65,3250.0,0.00023419613717123866,0.0005307511892169714,3.449941232247511e-06,0.0,8,13.0,0.0004874614533036947,0.0006189625710248947,2.7661867534334306e-06,0.0,8,13.0,0.0003227821143809706,0.000508192868437618,1.6278468137898017e-06,0.0,4,9.0,0.00017431295418646187,0.0002817633212544024,5.380853053793544e-06,0.0,7,8.0,0.00013346938067115843,0.0004145595303270966,3.1389679406856885e-06,0.0,7,10.0
66,3300.0,0.00022280169650912285,0.000528814853169024,3.443598643571022e-06,0.0,7,14.0,0.0004721791483461857,0.0006145674269646406,2.7756934741773875e-06,0.0,8,13.0,0.0003087485965806991,0.0005047739250585437,1.631784698474803e-06,0.0,4,9.0,0.00012266478734090924,0.00027894775848835707,5.41485724170343e-06,0.0,7,8.0,0.00016060135385487229,0.0004124717670492828,3.176995733156218e-06,0.0,7,10.0
67,3350.0,0.00022041730699129403,0.0005260378820821643,3.4451531973900273e-06,0.0,7,14.0,0.00044484948739409447,0.0006094565032981336,2.7834873890242307e-06,0.0,8,13.0,0.0003002061857841909,0.000502519600559026,1.6348784583897213e-06,0.0,4,9.0,0.00012006066390313208,0.00027753508766181767,5.4490374168381095e-06,0.0,7,8.0,0.00011355579772498459,0.0004108037974219769,3.214322759959032e-06,0.0,7,10.0
68,3400.0,0.00020662776660174131,0.0005234326818026602,3.4448635233275127e-06,0.0,7,14.0,0.0004622444976121187,0.0006045741029083729,2.7904557100555394e-06,0.0,8,13.0,0.0002870140306185931,0.0004988461150787771,1.6372546269849408e-06,0.0,4,9.0,0.00011520967382239178,0.0002748782280832529,5.48108437214978e-06,0.0,7,8.0,0.0001050602295435965,0.00040860145236365497,3.2521509183425223e-06,0.0,7,10.0
69,3450.0,0.00018439780978951603,0.0005211580428294837,3.443873083597282e-06,0.0,7,14.0,0.0004124308470636606,0.0006001208093948662,2.797686192934634e-06,0.0,8,13.0,0.0002900096878875047,0.0004953482421115041,1.639155129851133e-06,0.0,4,9.0,0.00010793606634251773,0.00027280664653517306,5.512734333024127e-06,0.0,7,8.0,9.886440966511145e-05,0.0004067590634804219,3.2881291645026067e-06,0.0,7,10.0
70,3500.0,0.00018274759349878877,0.0005186506896279752,3.442120714680641e-06,0.0,7,14.0,0.0003948917146772146,0.0005962462164461613,2.805139274641988e-06,0.0,8,13.0,0.0002683789061848074,0.0004930284922011197,1.640648179090931e-06,0.0,4,9.0,0.00011056770745199174,0.0002708874817471951,5.544888153963257e-06,0.0,7,8.0,0.0001011736603686586,0.00040486338548362255,3.323755436213105e-06,0.0,7,10.0
71,3550.0,0.00019216188229620457,0.0005166098126210272,3.4411023079883307e-06,0.0,7,14.0,0.00037494447315111756,0.0005925127188675106,2.81289680970076e-06,0.0,8,13.0,0.0002604045730549842,0.0004902521031908691,1.6411490832979325e-06,0.0,4,9.0,0.00011663742043310776,0.0002687651140149683,5.5756377150828484e-06,0.0,7,8.0,8.767337567405775e-05,0.00040315199294127524,3.3588551104912767e-06,0.0,7,10.0
72,3600.0,0.00020558926917146891,0.0005138558917678893,3.4406270970066544e-06,0.0,7,14.0,0.00036065143649466336,0.0005886649014428258,2.8198771815368673e-06,0.0,8,13.0,0.0002547841577325016,0.0004874111618846655,1.6415083337051328e-06,0.0,4,9.0,9.871754446066916e-05,0.00026632382650859654,5.605671958619496e-06,0.0,7,8.0,8.738328324398026e-05,0.0004013989819213748,3.3920275654963916e-06,0.0,7,10.0
73,3650.0,0.00018991867545992136,0.0005116021493449807,3.4397380659356713e-06,0.0,7,14.0,0.00037013081600889564,0.0005862302496097982,2.8224944799148943e-06,0.0,8,13.0,0.00025176620692946017,0.0004850529076065868,1.6414101082773414e-06,0.0,4,9.0,0.00010643684800015762,0.0002642560575623065,5.635394700220786e-06,0.0,7,8.0,8.136618271237239e-05,0.0003997839230578393,3.424820761210867e-06,0.0,7,10.0
74,3700.0,0.00015989619714673609,0.0005091814673505723,3.4397976378386375e-06,0.0,7,14.0,0.0003392319194972515,0.0005814239266328514,2.8279246180318296e-06,0.0,8,13.0,0.0002466611913405359,0.00048201941535808146,1.6406140730396146e-06,0.0,4,9.0,9.825541928876191e-05,0.00026249513030052185,5.664457148668589e-06,0.0,7,8.0,8.460271783405915e-05,0.0003982183407060802,3.4566226077004103e-06,0.0,7,10.0
75,3750.0,0.00015226220421027392,0.000507454969920218,3.4400068216200452e-06,0.0,7,14.0,0.0003255159826949239,0.0005934074288234115,2.831674237313564e-06,0.0,7,12.0,0.0002347748668398708,0.00047976005589589477,1.6392100405937526e-06,0.0,4,9.0,0.0001105589690268971,0.0002609145303722471,5.692315426131245e-06,0.0,7,8.0,7.434784492943436e-05,0.00039681303314864635,3.4875683923019096e-06,0.0,7,10.0
76,3800.0,0.00017021555686369538,0.0005050525651313365,3.4405009046167834e-06,0.0,7,14.0,0.00030987674836069345,0.000576939492020756,2.8395643312251195e-06,0.0,7,12.0,0.0002347566041862592,0.0004766541242133826,1.637424020373146e-06,0.0,4,9.0,9.855969983618706e-05,0.00025912135606631637,5.719822638639016e-06,0.0,7,8.0,8.795737812761217e-05,0.0003955232969019562,3.518372068356257e-06,0.0,7,10.0
77,3850.0,0.00015162237104959786,0.0005032081971876323,3.441852868490969e-06,0.0,7,14.0,0.0003047162317670882,0.0005729760741814971,2.8488955194916343e-06,0.0,7,12.0,0.00023182705626823008,0.0004747524217236787,1.6356452761101536e-06,0.0,4,9.0,0.000129467633087188,0.0002572978555690497,5.747608611272881e-06,0.0,7,8.0,8.123015140881762e-05,0.0003939430753234774,3.5492398637870792e-06,0.0,7,10.0
78,3900.0,0.0001394891442032531,0.0005011988105252385,3.4435056477377657e-06,0.0,7,14.0,0.0002940401900559664,0.0005688447854481637,2.8545903205667855e-06,0.0,7,12.0,0.00022697214444633573,0.00047214035294018686,1.633641204534797e-06,0.0,4,9.0,8.459511445835233e-05,0.00025591111625544727,5.774306373496074e-06,0.0,7,8.0,7.583811384392902e-05,0.00039276390452869236,3.579302074285806e-06,0.0,7,10.0
79,3950.0,0.0001408027164870873,0.0004984418046660721,3.446376467763912e-06,0.0,7,14.0,0.00031380978180095553,0.000566437840461731,2.8575311716849683e-06,0.0,7,12.0,0.0002189359365729615,0.00046936928993090987,1.6305978078889893e-06,0.0,4,9.0,9.989344835048541e-05,0.00025431037647649646,5.8001796787721105e-06,0.0,7,8.0,7.270742207765579e-05,0.00039126657065935433,3.6096198527957313e-06,0.0,7,10.0
80,4000.0,0.00013363199832383543,0.0004966755514033139,3.4493891689635348e-06,0.0,7,14.0,0.0002731285057961941,0.0005620765732601285,2.861508164642146e-06,0.0,7,12.0,0.00021330761956050992,0.00046779625699855387,1.627885922061978e-06,0.0,4,9.0,9.783336281543598e-05,0.00025294447550550103,5.826087999594165e-06,0.0,7,8.0,6.947365909582004e-05,0.000389889522921294,3.639547458078596e-06,0.0,7,10.0
81,4050.0,0.00014670714153908193,0.0004952661111019552,3.453794306551572e-06,0.0,7,14.0,0.0002952316135633737,0.0005594256799668074,2.8637209652515594e-06,0.0,7,12.0,0.00020693599071819335,0.0004652495845220983,1.624678020561987e-06,0.0,4,9.0,8.057805098360404e-05,0.000251400371780619,5.8502382671576925e-06,0.0,7,8.0,6.444772589020431e-05,0.000388935673981905,3.669268608064158e-06,0.0,7,10.0
82,4100.0,0.00012419170525390655,0.0004927685367874801,3.4586735182529083e-06,0.0,7,14.0,0.0003178908082190901,0.0005571716465055943,2.8652061700995546e-06,0.0,7,12.0,0.0002105214080074802,0.0004623326240107417,1.621328124201682e-06,0.0,4,9.0,7.786925561958924e-05,0.00024984587798826396,5.87474232816021e-06,0.0,7,8.0,8.319533662870526e-05,0.00038766185753047466,3.6991368688177317e-06,0.0,7,10.0
83,4150.0,0.00012005178723484278,0.0004909148556180298,3.4647443953872425e-06,0.0,7,14.0,0.00027644465444609523,0.0005535988020710647,2.866723207262112e-06,0.0,7,12.0,0.00020117833628319204,0.00046019471483305097,1.617544853615982e-06,0.0,4,9.0,0.00011587581684580073,0.0002491352497600019,5.896773927815957e-06,0.0,7,8.0,6.192613363964483e-05,0.0003864424070343375,3.729163836396765e-06,0.0,7,10.0
84,4200.0,0.00011929428001167253,0.0004892582655884326,3.471353466011351e-06,0.0,7,14.0,0.00024620170006528497,0.0005500004626810551,2.8679039587586885e-06,0.0,7,12.0,0.000200252266949974,0.00045787813724018633,1.6137140619321144e-06,0.0,4,9.0,7.596075010951608e-05,0.0002470339532010257,5.919252998864977e-06,0.0,7,8.0,8.629382500657812e-05,0.0003852320078294724,3.760093022719957e-06,0.0,7,10.0
85,4250.0,0.00011553600779734552,0.00048696115845814347,3.478625103525701e-06,0.0,7,14.0,0.00023866324045229703,0.000547402014490217,2.869420541173895e-06,0.0,7,12.0,0.00021553238912019879,0.00045517654507420957,1.6097078514576424e-06,0.0,4,9.0,9.065850463230163e-05,0.00024562672479078174,5.940142273175297e-06,0.0,7,8.0,9.540840255795047e-05,0.0003843373851850629,3.7906177112745354e-06,0.0,7,10.0
86,4300.0,0.00011215245467610657,0.00048514537047594786,3.4869292449002387e-06,0.0,7,14.0,0.00023038734798319638,0.0005445731221698225,2.872475988624501e-06,0.0,7,12.0,0.00019317088299430907,0.0004536551714409143,1.6048337556640035e-06,0.0,4,9.0,7.597829244332388e-05,0.000244306429522112,5.961763235973194e-06,0.0,7,8.0,6.894204125273973e-05,0.0003828266344498843,3.821435711870436e-06,0.0,7,10.0
87,4350.0,0.00010795370326377451,0.00048360932851210237,3.495499413475045e-06,0.0,7,14.0,0.0003453712270129472,0.0005441541434265673,2.867274815798737e-06,0.0,7,12.0,0.00019371591042727232,0.0004509140271693468,1.6002102256607031e-06,0.0,4,9.0,7.827929221093655e-05,0.0002428971929475665,5.9805151977343485e-06,0.0,7,8.0,7.642182754352689e-05,0.00038151114131323993,3.852647296298528e-06,0.0,7,10.0
88,4400.0,0.00011683951015584171,0.0004816432483494282,3.5054526961175725e-06,0.0,7,14.0,0.00021985826606396586,0.0005399952060543001,2.8699066660919925e-06,0.0,7,12.0,0.00019223247363697737,0.0004489975399337709,1.5959457186909276e-06,0.0,4,9.0,9.405551827512681e-05,0.0002417785144643858,5.999651875754353e-06,0.0,7,8.0,6.051750460756011e-05,0.0003807359025813639,3.884847501467448e-06,0.0,7,10.0
89,4450.0,0.0001405084622092545,0.0004795188724528998,3.51594985659176e-06,0.0,7,14.0,0.00023179600248113275,0.0005377025227062404,2.8664151159318862e-06,0.0,7,12.0,0.00018832751084119081,0.00044718795106746256,1.5904823840173776e-06,0.0,4,9.0,8.916069054976106e-05,0.00024023267906159163,6.018163276166888e-06,0.0,7,8.0,5.8032750530401245e-05,0.0003794625517912209,3.917895810445771e-06,0.0,7,10.0
90,4500.0,0.00011701298353727907,0.00047761769383214414,3.526751697791042e-06,0.0,7,14.0,0.000271651369985193,0.0005363841773942113,2.865520855266368e-06,0.0,7,12.0,0.00025262535200454295,0.0004431619599927217,1.5847631402721163e-06,0.0,4,9.0,8.892833284335211e-05,0.00023896557104308158,6.0354159359121695e-06,0.0,7,8.0,6.122519698692486e-05,0.0003784532309509814,3.950049176637549e-06,0.0,7,10.0
91,4550.0,0.00010281411232426763,0.0004775882698595524,3.5359996672923444e-06,0.0,7,14.0,0.00021193241991568357,0.0005348481936380267,2.8694230422843248e-06,0.0,7,12.0,0.00018250462017022073,0.0004439039621502161,1.5928848142721108e-06,0.0,4,9.0,6.821191345807165e-05,0.00023918710940051824,6.0466391005320475e-06,0.0,7,8.0,5.519168917089701e-05,0.00037864522892050445,3.9554784052597824e-06,0.0,7,10.0
92,4600.0,0.00010036414460046217,0.0004773842229042202,3.538729515639716e-06,0.0,7,14.0,0.00020814794697798789,0.0005338735063560307,2.87190869130427e-06,0.0,7,12.0,0.00018070418445859104,0.0004429351247381419,1.5904213341855211e-06,0.0,4,9.0,6.812538777012378e-05,0.00023856214829720557,6.055118774384027e-06,0.0,7,8.0,5.441617759061046e-05,0.0003780734841711819,3.95813958675717e-06,0.0,7,10.0
93,4650.0,9.917507850332186e-05,0.00047677531256340444,3.5441055388218956e-06,0.0,7,14.0,0.00020557321840897202,0.0005333515582606196,2.8700524126179516e-06,0.0,7,12.0,0.0001793396659195423,0.00044205840094946325,1.5848248722249991e-06,0.0,4,9.0,6.81081583024934e-05,0.00023817605688236654,6.063714863557834e-06,0.0,7,8.0,5.407052594819106e-05,0.00037743919529020786,3.969263616454555e-06,0.0,7,10.0
94,4700.0,9.809770563151687e-05,0.00047599495155736804,3.5499449495546287e-06,0.0,7,14.0,0.0002029756287811324,0.0005328187835402787,2.8677516183961416e-06,0.0,7,12.0,0.00017805106472223997,0.00044096921919845045,1.5792907106515486e-06,0.0,4,9.0,6.782478158129379e-05,0.00023768169921822846,6.072619271435542e-06,0.0,7,8.0,5.374344618758187e-05,0.00037677778163924813,3.98685142499744e-06,0.0,7,10.0
95,4750.0,9.701248200144619e-05,0.0004750562075059861,3.5563853089115582e-06,0.0,7,14.0,0.000200321213924326,0.0005321890348568559,2.864940597646637e-06,0.0,7,12.0,0.0001768393412930891,0.00043965349323116243,1.5734009366497048e-06,0.0,4,9.0,6.735538045177236e-05,0.0002370979927945882,6.082152140152175e-06,0.0,7,8.0,5.338022674550302e-05,0.0003761244297493249,4.008719315606868e-06,0.0,7,10.0
96,4800.0,9.58737000473775e-05,0.0004739804717246443,3.5623017993202666e-06,0.0,7,14.0,0.00019760086433961987,0.0005314488662406802,2.8618183023354504e-06,0.0,7,12.0,0.00017606958863325417,0.0004381516482681036,1.5666873878217302e-06,0.0,4,9.0,6.676559132756665e-05,0.0002364333049627021,6.0910015236004256e-06,0.0,7,8.0,5.298330506775528e-05,0.0003754634235519916,4.0325767258764245e-06,0.0,7,10.0
97,4850.0,9.466715710004792e-05,0.0004727783671114594,3.569486352716922e-06,0.0,7,14.0,0.00019481468189042062,0.0005305969971232116,2.859433607227402e-06,0.0,7,12.0,0.00017903638945426792,0.0004364968044683337,1.5603027350152843e-06,0.0,4,9.0,6.840033893240616e-05,0.00023582686844747514,6.1005043789919e-06,0.0,7,8.0,5.302264617057517e-05,0.0003747866430785507,4.058974354848033e-06,0.0,7,10.0
98,4900.0,9.339270036434755e-05,0.00047145504504442215,3.5766772725764895e-06,0.0,7,14.0,0.000191971063031815,0.0005296384915709496,2.8561335057020187e-06,0.0,7,12.0,0.00017375625611748546,0.0004347323265392333,1.5530383734585484e-06,0.0,4,9.0,6.657045742031187e-05,0.00023482624965254217,6.109451533120591e-06,0.0,7,8.0,5.409451114246622e-05,0.0003740728716365993,4.0860277294996195e-06,0.0,7,10.0
99,4950.0,9.205728565575555e-05,0.00047001175698824227,3.585094646041398e-06,0.0,7,14.0,0.00018908111087512225,0.0005285798688419163,2.8537363050418207e-06,0.0,7,12.0,0.00017607132031116635,0.00043282585102133453,1.5461159819096792e-06,0.0,4,9.0,6.560176552738994e-05,0.00023414990573655814,6.118890269135591e-06,0.0,7,8.0,5.260015677777119e-05,0.00037332199281081557,4.115466254006606e-06,0.0,7,10.0
